# Host: Gregs-MacBook-Pro.local
# Branch: master
# Revision: v2026.04-55-g4ee5b667
# Compiler: LLVM/Clang, Version: 21.0.0 
# Number of threads: 12
# Number of MPI ranks: 1
# Hydrodynamic scheme: Minimal version of SPH with multiple materials
# Hydrodynamic kernel: Wendland C2
# No. of neighbours: 57.27 +/- 0.0172
# Eta: 1.234800
# Config: 'CC=clang --disable-compiler-warnings --disable-mpi --disable-hand-vec --disable-vec --with-hydro=planetary --with-equation-of-state=planetary --with-kernel=wendland-C2 --with-hdf5=/Users/greglaughlin/Projects/earth-mars-swift/.conda-swift/bin/h5cc'
# CFLAGS: '-flto -O3 -fomit-frame-pointer -fstrict-aliasing -ffast-math -funroll-loops -fno-vectorize -fno-slp-vectorize -pthread'
# Step Properties: Rebuild=1, Redistribute=2, Repartition=4, Statistics=8, Snapshot=16, Restarts=32 STF=64, FOF=128, mesh=256
#   Step           Time Scale-factor     Redshift      Time-step Time-bins      Updates    g-Updates    s-Updates Sink-Updates    b-Updates  Wall-clock time [ms]  Props    Dead time [ms]
       0   2.160000e+04    1.0000000    0.0000000   0.000000e+00    1   56       218271       218271            0            0            0              1977.202     25          1314.203
       1   2.160264e+04    1.0000000    0.0000000   2.636719e+00   44   44            5            5            0            0            0                41.681      1             5.065
       2   2.160527e+04    1.0000000    0.0000000   2.636719e+00   44   45       110165       110165            0            0            0               957.806      0           688.565
       3   2.160791e+04    1.0000000    0.0000000   2.636719e+00   44   44            6            6            0            0            0                42.153      1             5.164
       4   2.161055e+04    1.0000000    0.0000000   2.636719e+00   44   46       213694       213694            0            0            0              1277.651      0           867.613
       5   2.161318e+04    1.0000000    0.0000000   2.636719e+00   44   44           13           13            0            0            0                46.197      1             7.776
       6   2.161582e+04    1.0000000    0.0000000   2.636719e+00   44   45       110496       110496            0            0            0               955.000      0           682.669
       7   2.161846e+04    1.0000000    0.0000000   2.636719e+00   44   44           21           21            0            0            0                46.789      1             7.733
       8   2.162109e+04    1.0000000    0.0000000   2.636719e+00   44   47       218271       218271            0            0            0              1214.332      0           796.812
       9   2.162373e+04    1.0000000    0.0000000   2.636719e+00   44   44            7            7            0            0            0                42.428      1             5.465
      10   2.162637e+04    1.0000000    0.0000000   2.636719e+00   44   45       109870       109870            0            0            0               952.460      0           681.428
      11   2.162900e+04    1.0000000    0.0000000   2.636719e+00   44   44           12           12            0            0            0                42.649      1             5.172
      12   2.163164e+04    1.0000000    0.0000000   2.636719e+00   44   46       213720       213720            0            0            0              1284.035      0           877.242
      13   2.163428e+04    1.0000000    0.0000000   2.636719e+00   44   44            7            7            0            0            0                41.978      1             4.956
      14   2.163691e+04    1.0000000    0.0000000   2.636719e+00   44   45       109880       109880            0            0            0               955.087      0           684.554
      15   2.163955e+04    1.0000000    0.0000000   2.636719e+00   44   44           12           12            0            0            0                42.061      1             5.199
      16   2.164219e+04    1.0000000    0.0000000   2.636719e+00   44   48       218271       218271            0            0            0              1294.864      0           880.216
      17   2.164482e+04    1.0000000    0.0000000   2.636719e+00   44   44            7            7            0            0            0                42.079      1             5.170
      18   2.164746e+04    1.0000000    0.0000000   2.636719e+00   44   45       109576       109576            0            0            0               945.950      0           675.406
      19   2.165010e+04    1.0000000    0.0000000   2.636719e+00   44   44           15           15            0            0            0                42.618      1             5.356
      20   2.165273e+04    1.0000000    0.0000000   2.636719e+00   44   46       213734       213734            0            0            0              1232.251      0           821.264
      21   2.165537e+04    1.0000000    0.0000000   2.636719e+00   44   44            9            9            0            0            0                41.533      1             4.651
      22   2.165801e+04    1.0000000    0.0000000   2.636719e+00   44   45       109741       109741            0            0            0              1011.179     16           690.783
      23   2.166064e+04    1.0000000    0.0000000   2.636719e+00   44   44           15           15            0            0            0                41.785      1             4.989
      24   2.166328e+04    1.0000000    0.0000000   2.636719e+00   44   47       218271       218271            0            0            0              1306.186      0           889.209
      25   2.166592e+04    1.0000000    0.0000000   2.636719e+00   44   44           12           12            0            0            0                43.740      1             5.100
      26   2.166855e+04    1.0000000    0.0000000   2.636719e+00   44   45       109269       109269            0            0            0               972.221      0           701.169
      27   2.167119e+04    1.0000000    0.0000000   2.636719e+00   44   44           17           17            0            0            0                42.938      1             5.009
      28   2.167383e+04    1.0000000    0.0000000   2.636719e+00   44   46       213747       213747            0            0            0              1228.910      0           809.962
      29   2.167646e+04    1.0000000    0.0000000   2.636719e+00   44   44           14           14            0            0            0                42.993      1             5.028
      30   2.167910e+04    1.0000000    0.0000000   2.636719e+00   44   45       109431       109431            0            0            0               946.490      0           676.077
      31   2.168174e+04    1.0000000    0.0000000   2.636719e+00   44   44           17           17            0            0            0                43.038      1             5.380
      32   2.168438e+04    1.0000000    0.0000000   2.636719e+00   44   49       218271       218271            0            0            0              1218.931      0           790.148
      33   2.168701e+04    1.0000000    0.0000000   2.636719e+00   44   44           14           14            0            0            0                43.114      1             5.353
      34   2.168965e+04    1.0000000    0.0000000   2.636719e+00   44   45       108999       108999            0            0            0               958.204      0           690.734
      35   2.169229e+04    1.0000000    0.0000000   2.636719e+00   44   44           18           18            0            0            0                43.799      1             6.219
      36   2.169492e+04    1.0000000    0.0000000   2.636719e+00   44   46       213762       213762            0            0            0              1252.998      0           844.391
      37   2.169756e+04    1.0000000    0.0000000   2.636719e+00   44   44           15           15            0            0            0                44.055      1             6.168
      38   2.170020e+04    1.0000000    0.0000000   2.636719e+00   44   45       109133       109133            0            0            0               953.461      0           683.281
      39   2.170283e+04    1.0000000    0.0000000   2.636719e+00   44   44           20           20            0            0            0                44.104      1             6.574
      40   2.170547e+04    1.0000000    0.0000000   2.636719e+00   44   47       218271       218271            0            0            0              1223.638      0           803.617
      41   2.170811e+04    1.0000000    0.0000000   2.636719e+00   44   44           14           14            0            0            0                42.379      1             5.027
      42   2.171074e+04    1.0000000    0.0000000   2.636719e+00   44   45       108665       108665            0            0            0               945.549      0           674.578
      43   2.171338e+04    1.0000000    0.0000000   2.636719e+00   44   44           19           19            0            0            0                43.674      1             6.324
      44   2.171602e+04    1.0000000    0.0000000   2.636719e+00   44   46       213776       213776            0            0            0              1232.210      0           814.642
      45   2.171865e+04    1.0000000    0.0000000   2.636719e+00   44   44           18           18            0            0            0                92.402     25             6.313
      46   2.172129e+04    1.0000000    0.0000000   2.636719e+00   44   45       108793       108793            0            0            0               957.073      0           684.166
      47   2.172393e+04    1.0000000    0.0000000   2.636719e+00   44   44           20           20            0            0            0                44.434      1             6.564
      48   2.172656e+04    1.0000000    0.0000000   2.636719e+00   44   48       218271       218271            0            0            0              1304.040      0           885.291
      49   2.172920e+04    1.0000000    0.0000000   2.636719e+00   44   44            9            9            0            0            0                44.380      1             6.410
      50   2.173184e+04    1.0000000    0.0000000   2.636719e+00   44   45       108427       108427            0            0            0               973.516      0           698.867
      51   2.173447e+04    1.0000000    0.0000000   2.636719e+00   44   44           15           15            0            0            0                44.583      1             6.424
      52   2.173711e+04    1.0000000    0.0000000   2.636719e+00   44   46       213776       213776            0            0            0              1250.277      0           824.892
      53   2.173975e+04    1.0000000    0.0000000   2.636719e+00   44   44            8            8            0            0            0                43.554      1             6.725
      54   2.174238e+04    1.0000000    0.0000000   2.636719e+00   44   45       108486       108486            0            0            0               946.899      0           673.920
      55   2.174502e+04    1.0000000    0.0000000   2.636719e+00   44   44           10           10            0            0            0                44.452      1             6.813
      56   2.174766e+04    1.0000000    0.0000000   2.636719e+00   44   47       218271       218271            0            0            0              1323.014      0           898.925
      57   2.175029e+04    1.0000000    0.0000000   2.636719e+00   44   44            7            7            0            0            0                44.733      1             6.775
      58   2.175293e+04    1.0000000    0.0000000   2.636719e+00   44   45       108152       108152            0            0            0               959.406      0           688.650
      59   2.175557e+04    1.0000000    0.0000000   2.636719e+00   44   44           14           14            0            0            0                42.946      1             6.484
      60   2.175820e+04    1.0000000    0.0000000   2.636719e+00   44   46       213743       213743            0            0            0              1200.373      0           775.557
      61   2.176084e+04    1.0000000    0.0000000   2.636719e+00   44   44            9            9            0            0            0                43.207      1             6.516
      62   2.176348e+04    1.0000000    0.0000000   2.636719e+00   44   45       108244       108244            0            0            0               965.881      0           691.825
      63   2.176611e+04    1.0000000    0.0000000   2.636719e+00   44   44           17           17            0            0            0                43.838      1             6.703
      64   2.176875e+04    1.0000000    0.0000000   2.636719e+00   44   50       218271       218271            0            0            0              1336.474      0           911.485
      65   2.177139e+04    1.0000000    0.0000000   2.636719e+00   44   44            9            9            0            0            0                43.381      1             6.643
      66   2.177402e+04    1.0000000    0.0000000   2.636719e+00   44   45       107880       107880            0            0            0               980.678      0           707.519
      67   2.177666e+04    1.0000000    0.0000000   2.636719e+00   44   44           17           17            0            0            0                44.908      1             6.782
      68   2.177930e+04    1.0000000    0.0000000   2.636719e+00   44   46       213732       213732            0            0            0              1284.924     16           796.081
      69   2.178193e+04    1.0000000    0.0000000   2.636719e+00   44   44           13           13            0            0            0                45.403      1             6.983
      70   2.178457e+04    1.0000000    0.0000000   2.636719e+00   44   45       107924       107924            0            0            0               961.836      0           687.175
      71   2.178721e+04    1.0000000    0.0000000   2.636719e+00   44   44           24           24            0            0            0                45.216      1             7.324
      72   2.178984e+04    1.0000000    0.0000000   2.636719e+00   44   47       218271       218271            0            0            0              1315.303      0           887.689
      73   2.179248e+04    1.0000000    0.0000000   2.636719e+00   44   44           19           19            0            0            0                44.619      1             7.170
      74   2.179512e+04    1.0000000    0.0000000   2.636719e+00   44   45       107547       107547            0            0            0               961.643      0           688.729
      75   2.179775e+04    1.0000000    0.0000000   2.636719e+00   44   44           26           26            0            0            0                45.221      1             7.246
      76   2.180039e+04    1.0000000    0.0000000   2.636719e+00   44   46       213739       213739            0            0            0              1217.303      0           793.377
      77   2.180303e+04    1.0000000    0.0000000   2.636719e+00   44   44           24           24            0            0            0                45.238      1             7.392
      78   2.180566e+04    1.0000000    0.0000000   2.636719e+00   44   45       107587       107587            0            0            0               966.610      0           693.113
      79   2.180830e+04    1.0000000    0.0000000   2.636719e+00   44   44           33           33            0            0            0                47.567      1             8.514
      80   2.181094e+04    1.0000000    0.0000000   2.636719e+00   44   48       218271       218271            0            0            0              1262.226      0           827.706
      81   2.181357e+04    1.0000000    0.0000000   2.636719e+00   44   44           31           31            0            0            0                47.391      1             8.231
      82   2.181621e+04    1.0000000    0.0000000   2.636719e+00   44   45       107313       107313            0            0            0               969.749      0           697.890
      83   2.181885e+04    1.0000000    0.0000000   2.636719e+00   44   44           37           37            0            0            0                47.498      1             8.465
      84   2.182148e+04    1.0000000    0.0000000   2.636719e+00   44   46       213742       213742            0            0            0              1252.308      0           838.440
      85   2.182412e+04    1.0000000    0.0000000   2.636719e+00   44   44           35           35            0            0            0                46.850      1             8.276
      86   2.182676e+04    1.0000000    0.0000000   2.636719e+00   44   45       107397       107397            0            0            0               946.666      0           680.941
      87   2.182939e+04    1.0000000    0.0000000   2.636719e+00   44   44           41           41            0            0            0                46.672      1             7.928
      88   2.183203e+04    1.0000000    0.0000000   2.636719e+00   44   47       218271       218271            0            0            0              1230.697      0           800.659
      89   2.183467e+04    1.0000000    0.0000000   2.636719e+00   44   44           34           34            0            0            0                47.809      1             8.196
      90   2.183730e+04    1.0000000    0.0000000   2.636719e+00   44   45       107159       107159            0            0            0               959.255      0           690.011
      91   2.183994e+04    1.0000000    0.0000000   2.636719e+00   44   44           40           40            0            0            0                98.700     25             8.680
      92   2.184258e+04    1.0000000    0.0000000   2.636719e+00   44   46       213712       213712            0            0            0              1241.803      0           810.836
      93   2.184521e+04    1.0000000    0.0000000   2.636719e+00   44   44           37           37            0            0            0                47.762      1             8.298
      94   2.184785e+04    1.0000000    0.0000000   2.636719e+00   44   45       107221       107221            0            0            0               963.332      0           693.762
      95   2.185049e+04    1.0000000    0.0000000   2.636719e+00   44   44           45           45            0            0            0                47.411      1             8.252
      96   2.185312e+04    1.0000000    0.0000000   2.636719e+00   44   49       218271       218271            0            0            0              1225.349      0           799.111
      97   2.185576e+04    1.0000000    0.0000000   2.636719e+00   44   44           38           38            0            0            0                46.966      1             8.078
      98   2.185840e+04    1.0000000    0.0000000   2.636719e+00   44   45       107119       107119            0            0            0               971.686      0           701.713
      99   2.186104e+04    1.0000000    0.0000000   2.636719e+00   44   44           44           44            0            0            0                46.563      1             8.009
     100   2.186367e+04    1.0000000    0.0000000   2.636719e+00   44   46       213714       213714            0            0            0              1338.300      0           910.002
     101   2.186631e+04    1.0000000    0.0000000   2.636719e+00   44   44           38           38            0            0            0                47.233      1             8.244
     102   2.186895e+04    1.0000000    0.0000000   2.636719e+00   44   45       107218       107218            0            0            0               974.699      0           704.614
     103   2.187158e+04    1.0000000    0.0000000   2.636719e+00   44   44           46           46            0            0            0                47.725      1             8.270
     104   2.187422e+04    1.0000000    0.0000000   2.636719e+00   44   47       218271       218271            0            0            0              1333.937      0           899.579
     105   2.187686e+04    1.0000000    0.0000000   2.636719e+00   44   44           37           37            0            0            0                48.055      1             8.286
     106   2.187949e+04    1.0000000    0.0000000   2.636719e+00   44   45       107182       107182            0            0            0               971.347      0           700.365
     107   2.188213e+04    1.0000000    0.0000000   2.636719e+00   44   44           47           47            0            0            0                46.267      1             8.247
     108   2.188477e+04    1.0000000    0.0000000   2.636719e+00   44   46       213737       213737            0            0            0              1229.740      0           817.111
     109   2.188740e+04    1.0000000    0.0000000   2.636719e+00   44   44           37           37            0            0            0                46.540      1             7.851
     110   2.189004e+04    1.0000000    0.0000000   2.636719e+00   44   45       107347       107347            0            0            0               967.207      0           702.189
     111   2.189268e+04    1.0000000    0.0000000   2.636719e+00   44   44           44           44            0            0            0                47.789      1             8.362
     112   2.189531e+04    1.0000000    0.0000000   2.636719e+00   44   48       218271       218271            0            0            0              1319.207      0           893.507
     113   2.189795e+04    1.0000000    0.0000000   2.636719e+00   44   44           37           37            0            0            0                95.999     17             8.146
     114   2.190059e+04    1.0000000    0.0000000   2.636719e+00   44   45       107271       107271            0            0            0               967.718      0           698.205
     115   2.190322e+04    1.0000000    0.0000000   2.636719e+00   44   44           43           43            0            0            0                45.650      1             7.069
     116   2.190586e+04    1.0000000    0.0000000   2.636719e+00   44   46       213748       213748            0            0            0              1215.936      0           780.977
     117   2.190850e+04    1.0000000    0.0000000   2.636719e+00   44   44           32           32            0            0            0                44.630      1             6.859
     118   2.191113e+04    1.0000000    0.0000000   2.636719e+00   44   45       107328       107328            0            0            0               951.606      0           685.898
     119   2.191377e+04    1.0000000    0.0000000   2.636719e+00   44   44           38           38            0            0            0                45.108      1             6.883
     120   2.191641e+04    1.0000000    0.0000000   2.636719e+00   44   47       218271       218271            0            0            0              1304.423      0           881.938
     121   2.191904e+04    1.0000000    0.0000000   2.636719e+00   44   44           30           30            0            0            0                45.705      1             6.724
     122   2.192168e+04    1.0000000    0.0000000   2.636719e+00   44   45       107211       107211            0            0            0               963.495      0           695.160
     123   2.192432e+04    1.0000000    0.0000000   2.636719e+00   44   44           35           35            0            0            0                47.753      1             7.898
     124   2.192695e+04    1.0000000    0.0000000   2.636719e+00   44   46       213723       213723            0            0            0              1232.337      0           804.534
     125   2.192959e+04    1.0000000    0.0000000   2.636719e+00   44   44           25           25            0            0            0                46.079      1             6.740
     126   2.193223e+04    1.0000000    0.0000000   2.636719e+00   44   45       107350       107350            0            0            0               961.070      0           691.129
     127   2.193486e+04    1.0000000    0.0000000   2.636719e+00   44   44           31           31            0            0            0                45.196      1             6.921
     128   2.193750e+04    1.0000000    0.0000000   2.636719e+00   44   51       218271       218271            0            0            0              1244.634      0           809.270
     129   2.194014e+04    1.0000000    0.0000000   2.636719e+00   44   44           22           22            0            0            0                44.328      1             6.564
     130   2.194277e+04    1.0000000    0.0000000   2.636719e+00   44   45       107169       107169            0            0            0               954.740      0           690.839
     131   2.194541e+04    1.0000000    0.0000000   2.636719e+00   44   44           26           26            0            0            0                44.618      1             6.766
     132   2.194805e+04    1.0000000    0.0000000   2.636719e+00   44   46       213713       213713            0            0            0              1241.750      0           823.061
     133   2.195068e+04    1.0000000    0.0000000   2.636719e+00   44   44           21           21            0            0            0                45.319      1             6.881
     134   2.195332e+04    1.0000000    0.0000000   2.636719e+00   44   45       107399       107399            0            0            0               944.215      0           679.909
     135   2.195596e+04    1.0000000    0.0000000   2.636719e+00   44   44           21           21            0            0            0                44.797      1             6.686
     136   2.195859e+04    1.0000000    0.0000000   2.636719e+00   44   47       218271       218271            0            0            0              1297.186     24           814.326
     137   2.196123e+04    1.0000000    0.0000000   2.636719e+00   44   44           17           17            0            0            0                45.912      1             6.925
     138   2.196387e+04    1.0000000    0.0000000   2.636719e+00   44   45       107180       107180            0            0            0               960.717      0           686.254
     139   2.196650e+04    1.0000000    0.0000000   2.636719e+00   44   44           17           17            0            0            0                43.821      1             5.221
     140   2.196914e+04    1.0000000    0.0000000   2.636719e+00   44   46       213708       213708            0            0            0              1247.887      0           831.545
     141   2.197178e+04    1.0000000    0.0000000   2.636719e+00   44   44           14           14            0            0            0                43.157      1             5.261
     142   2.197441e+04    1.0000000    0.0000000   2.636719e+00   44   45       107385       107385            0            0            0               961.866      0           697.660
     143   2.197705e+04    1.0000000    0.0000000   2.636719e+00   44   44           15           15            0            0            0                42.027      1             5.021
     144   2.197969e+04    1.0000000    0.0000000   2.636719e+00   44   48       218271       218271            0            0            0              1235.565      0           807.276
     145   2.198232e+04    1.0000000    0.0000000   2.636719e+00   44   44            8            8            0            0            0                41.895      1             4.908
     146   2.198496e+04    1.0000000    0.0000000   2.636719e+00   44   45       107225       107225            0            0            0               962.428      0           697.896
     147   2.198760e+04    1.0000000    0.0000000   2.636719e+00   44   44            8            8            0            0            0                41.998      1             5.086
     148   2.199023e+04    1.0000000    0.0000000   2.636719e+00   44   46       213679       213679            0            0            0              1231.238      0           813.817
     149   2.199287e+04    1.0000000    0.0000000   2.636719e+00   44   44            2            2            0            0            0                41.848      1             5.000
     150   2.199551e+04    1.0000000    0.0000000   2.636719e+00   44   45       107468       107468            0            0            0               954.834      0           687.586
     151   2.199814e+04    1.0000000    0.0000000   2.636719e+00   44   44            4            4            0            0            0                42.311      1             4.861
     152   2.200078e+04    1.0000000    0.0000000   2.636719e+00   44   47       218271       218271            0            0            0              1250.395      0           822.572
     153   2.200342e+04    1.0000000    0.0000000   2.636719e+00   44   44            2            2            0            0            0                41.642      1             4.975
     154   2.200605e+04    1.0000000    0.0000000   2.636719e+00   44   45       107103       107103            0            0            0               963.305      0           699.544
     155   2.201133e+04    1.0000000    0.0000000   5.273438e+00   45   46       213672       213672            0            0            0              1340.169      1           888.210
     156   2.201660e+04    1.0000000    0.0000000   5.273438e+00   45   45       107412       107412            0            0            0              1031.074     17           683.986
     157   2.202188e+04    1.0000000    0.0000000   5.273438e+00   45   49       218271       218271            0            0            0              1338.617      1           879.363
     158   2.202715e+04    1.0000000    0.0000000   5.273438e+00   45   45       106980       106980            0            0            0               993.716      1           695.137
     159   2.203242e+04    1.0000000    0.0000000   5.273438e+00   45   46       213702       213702            0            0            0              1269.016      1           815.990
     160   2.203770e+04    1.0000000    0.0000000   5.273438e+00   45   45       107292       107292            0            0            0               985.818      1           687.684
     161   2.204297e+04    1.0000000    0.0000000   5.273438e+00   45   47       218271       218271            0            0            0              1371.484      1           917.582
     162   2.204824e+04    1.0000000    0.0000000   5.273438e+00   45   45       106916       106916            0            0            0               991.624      1           693.169
     163   2.205352e+04    1.0000000    0.0000000   5.273438e+00   45   46       213678       213678            0            0            0              1291.168      1           837.525
     164   2.205879e+04    1.0000000    0.0000000   5.273438e+00   45   45       107157       107157            0            0            0               998.143      1           696.821
     165   2.206406e+04    1.0000000    0.0000000   5.273438e+00   45   48       218271       218271            0            0            0              1346.233      1           887.293
     166   2.206934e+04    1.0000000    0.0000000   5.273438e+00   45   45       106745       106745            0            0            0              1000.912      1           705.040
     167   2.207461e+04    1.0000000    0.0000000   5.273438e+00   45   46       213640       213640            0            0            0              1272.848      1           823.117
     168   2.207988e+04    1.0000000    0.0000000   5.273438e+00   45   45       107041       107041            0            0            0              1046.600     25           698.414
     169   2.208516e+04    1.0000000    0.0000000   5.273438e+00   45   47       218271       218271            0            0            0              1379.908      1           913.224
     170   2.209043e+04    1.0000000    0.0000000   5.273438e+00   45   45       106695       106695            0            0            0              1004.712      1           697.369
     171   2.209570e+04    1.0000000    0.0000000   5.273438e+00   45   46       213635       213635            0            0            0              1403.192      1           937.731
     172   2.210098e+04    1.0000000    0.0000000   5.273438e+00   45   45       106993       106993            0            0            0              1006.109      1           700.850
     173   2.210625e+04    1.0000000    0.0000000   5.273438e+00   45   50       218271       218271            0            0            0              1358.306      1           881.446
     174   2.211152e+04    1.0000000    0.0000000   5.273438e+00   45   45       106669       106669            0            0            0              1012.900      1           703.273
     175   2.211680e+04    1.0000000    0.0000000   5.273438e+00   45   46       213659       213659            0            0            0              1296.782      1           826.267
     176   2.212207e+04    1.0000000    0.0000000   5.273438e+00   45   45       106986       106986            0            0            0              1012.998      1           706.235
     177   2.212734e+04    1.0000000    0.0000000   5.273438e+00   45   47       218271       218271            0            0            0              1394.580      1           923.711
     178   2.213262e+04    1.0000000    0.0000000   5.273438e+00   45   45       106651       106651            0            0            0              1004.664      1           700.503
     179   2.213789e+04    1.0000000    0.0000000   5.273438e+00   45   46       213642       213642            0            0            0              1412.882     17           905.562
     180   2.214316e+04    1.0000000    0.0000000   5.273438e+00   45   45       106945       106945            0            0            0              1018.415      1           711.654
     181   2.214844e+04    1.0000000    0.0000000   5.273438e+00   45   48       218271       218271            0            0            0              1350.316      1           878.742
     182   2.215371e+04    1.0000000    0.0000000   5.273438e+00   45   45       106643       106643            0            0            0              1000.694      1           696.382
     183   2.215898e+04    1.0000000    0.0000000   5.273438e+00   45   46       213631       213631            0            0            0              1298.497      1           833.274
     184   2.216426e+04    1.0000000    0.0000000   5.273438e+00   45   45       107020       107020            0            0            0              1009.290      1           703.343
     185   2.216953e+04    1.0000000    0.0000000   5.273438e+00   45   47       218271       218271            0            0            0              1321.186      1           842.798
     186   2.217480e+04    1.0000000    0.0000000   5.273438e+00   45   45       106736       106736            0            0            0              1013.326      1           706.469
     187   2.218008e+04    1.0000000    0.0000000   5.273438e+00   45   46       213633       213633            0            0            0              1315.051      1           841.766
     188   2.218535e+04    1.0000000    0.0000000   5.273438e+00   45   45       107021       107021            0            0            0               998.612      1           691.327
     189   2.219062e+04    1.0000000    0.0000000   5.273438e+00   45   49       218271       218271            0            0            0              1319.087      1           837.831
     190   2.219326e+04    1.0000000    0.0000000   2.636719e+00   44   44            1            1            0            0            0                43.345      1             5.281
     191   2.219590e+04    1.0000000    0.0000000   2.636719e+00   44   45       106840       106840            0            0            0               989.685      0           714.365
     192   2.219854e+04    1.0000000    0.0000000   2.636719e+00   44   44            1            1            0            0            0                94.887     25             5.077
     193   2.220117e+04    1.0000000    0.0000000   2.636719e+00   44   46       213631       213631            0            0            0              1270.420      0           830.345
     194   2.220381e+04    1.0000000    0.0000000   2.636719e+00   44   44            2            2            0            0            0                43.866      1             5.094
     195   2.220645e+04    1.0000000    0.0000000   2.636719e+00   44   45       107158       107158            0            0            0               972.133      0           697.397
     196   2.220908e+04    1.0000000    0.0000000   2.636719e+00   44   44            1            1            0            0            0                43.357      1             5.047
     197   2.221172e+04    1.0000000    0.0000000   2.636719e+00   44   47       218271       218271            0            0            0              1287.912      0           846.571
     198   2.221436e+04    1.0000000    0.0000000   2.636719e+00   44   44            2            2            0            0            0                42.647      1             5.055
     199   2.221699e+04    1.0000000    0.0000000   2.636719e+00   44   45       106878       106878            0            0            0               961.092      0           691.003
     200   2.221963e+04    1.0000000    0.0000000   2.636719e+00   44   44            2            2            0            0            0                42.220      1             4.885
     201   2.222227e+04    1.0000000    0.0000000   2.636719e+00   44   46       213634       213634            0            0            0              1279.884      0           846.538
     202   2.222490e+04    1.0000000    0.0000000   2.636719e+00   44   44            2            2            0            0            0                42.101      1             5.007
     203   2.222754e+04    1.0000000    0.0000000   2.636719e+00   44   45       107131       107131            0            0            0               978.927      0           705.275
     204   2.223018e+04    1.0000000    0.0000000   2.636719e+00   44   44            3            3            0            0            0                42.537      1             5.040
     205   2.223281e+04    1.0000000    0.0000000   2.636719e+00   44   48       218271       218271            0            0            0              1277.982      0           824.582
     206   2.223545e+04    1.0000000    0.0000000   2.636719e+00   44   44            3            3            0            0            0                43.540      1             5.119
     207   2.223809e+04    1.0000000    0.0000000   2.636719e+00   44   45       106859       106859            0            0            0               969.939      0           694.864
     208   2.224072e+04    1.0000000    0.0000000   2.636719e+00   44   44            2            2            0            0            0                42.121      1             4.935
     209   2.224336e+04    1.0000000    0.0000000   2.636719e+00   44   46       213629       213629            0            0            0              1344.817      0           904.254
     210   2.224600e+04    1.0000000    0.0000000   2.636719e+00   44   44            2            2            0            0            0                42.958      1             5.016
     211   2.224863e+04    1.0000000    0.0000000   2.636719e+00   44   45       107022       107022            0            0            0               985.666      0           708.773
     212   2.225127e+04    1.0000000    0.0000000   2.636719e+00   44   44            2            2            0            0            0                42.318      1             4.960
     213   2.225391e+04    1.0000000    0.0000000   2.636719e+00   44   47       218271       218271            0            0            0              1298.132      0           846.138
     214   2.225654e+04    1.0000000    0.0000000   2.636719e+00   44   44            2            2            0            0            0                44.061      1             5.088
     215   2.225918e+04    1.0000000    0.0000000   2.636719e+00   44   45       106894       106894            0            0            0              1032.499     16           707.886
     216   2.226182e+04    1.0000000    0.0000000   2.636719e+00   44   44            2            2            0            0            0                42.674      1             5.164
     217   2.226445e+04    1.0000000    0.0000000   2.636719e+00   44   46       213646       213646            0            0            0              1343.496      0           899.782
     218   2.226709e+04    1.0000000    0.0000000   2.636719e+00   44   44            2            2            0            0            0                42.664      1             5.201
     219   2.226973e+04    1.0000000    0.0000000   2.636719e+00   44   45       107077       107077            0            0            0               958.275      0           686.907
     220   2.227236e+04    1.0000000    0.0000000   2.636719e+00   44   44            1            1            0            0            0                42.610      1             4.935
     221   2.227500e+04    1.0000000    0.0000000   2.636719e+00   44   52       218271       218271            0            0            0              1253.132      0           797.350
     222   2.228027e+04    1.0000000    0.0000000   5.273438e+00   45   45       106964       106964            0            0            0              1005.284      1           700.332
     223   2.228555e+04    1.0000000    0.0000000   5.273438e+00   45   46       213641       213641            0            0            0              1324.183      1           853.517
     224   2.229082e+04    1.0000000    0.0000000   5.273438e+00   45   45       106835       106835            0            0            0               992.664      1           685.524
     225   2.229609e+04    1.0000000    0.0000000   5.273438e+00   45   47       218271       218271            0            0            0              1380.302      1           900.412
     226   2.230137e+04    1.0000000    0.0000000   5.273438e+00   45   45       106781       106781            0            0            0              1000.464      1           697.563
     227   2.230664e+04    1.0000000    0.0000000   5.273438e+00   45   46       213636       213636            0            0            0              1304.711      1           825.731
     228   2.231191e+04    1.0000000    0.0000000   5.273438e+00   45   45       107265       107265            0            0            0              1014.958      1           711.542
     229   2.231719e+04    1.0000000    0.0000000   5.273438e+00   45   48       218271       218271            0            0            0              1342.497     25           814.040
     230   2.232246e+04    1.0000000    0.0000000   5.273438e+00   45   45       107193       107193            0            0            0              1003.391      1           696.708
     231   2.232773e+04    1.0000000    0.0000000   5.273438e+00   45   46       213665       213665            0            0            0              1314.281      1           839.822
     232   2.233301e+04    1.0000000    0.0000000   5.273438e+00   45   45       107414       107414            0            0            0              1015.275      1           710.532
     233   2.233828e+04    1.0000000    0.0000000   5.273438e+00   45   47       218271       218271            0            0            0              1395.737      1           924.040
     234   2.234355e+04    1.0000000    0.0000000   5.273438e+00   45   45       107223       107223            0            0            0              1003.292      1           697.992
     235   2.234883e+04    1.0000000    0.0000000   5.273438e+00   45   46       213662       213662            0            0            0              1297.818      1           817.610
     236   2.235410e+04    1.0000000    0.0000000   5.273438e+00   45   45       107493       107493            0            0            0              1014.933      1           707.116
     237   2.235938e+04    1.0000000    0.0000000   5.273438e+00   45   49       218271       218271            0            0            0              1378.059      1           907.082
     238   2.236465e+04    1.0000000    0.0000000   5.273438e+00   45   45       107282       107282            0            0            0              1006.457      1           699.661
     239   2.236992e+04    1.0000000    0.0000000   5.273438e+00   45   46       213662       213662            0            0            0              1352.647      1           884.904
     240   2.237520e+04    1.0000000    0.0000000   5.273438e+00   45   45       107583       107583            0            0            0              1045.990     17           689.596
     241   2.238047e+04    1.0000000    0.0000000   5.273438e+00   45   47       218271       218271            0            0            0              1367.236      1           888.855
     242   2.238574e+04    1.0000000    0.0000000   5.273438e+00   45   45       107412       107412            0            0            0              1009.862      1           705.627
     243   2.239102e+04    1.0000000    0.0000000   5.273438e+00   45   46       213646       213646            0            0            0              1377.625      1           914.455
     244   2.239629e+04    1.0000000    0.0000000   5.273438e+00   45   45       107724       107724            0            0            0              1005.677      1           701.204
     245   2.240156e+04    1.0000000    0.0000000   5.273438e+00   45   48       218271       218271            0            0            0              1378.542      1           901.117
     246   2.240684e+04    1.0000000    0.0000000   5.273438e+00   45   45       107545       107545            0            0            0              1004.956      1           696.075
     247   2.241211e+04    1.0000000    0.0000000   5.273438e+00   45   46       213624       213624            0            0            0              1313.694      1           838.026
     248   2.241738e+04    1.0000000    0.0000000   5.273438e+00   45   45       107911       107911            0            0            0              1007.225      1           701.277
     249   2.242266e+04    1.0000000    0.0000000   5.273438e+00   45   47       218271       218271            0            0            0              1304.277      1           822.289
     250   2.242793e+04    1.0000000    0.0000000   5.273438e+00   45   45       107775       107775            0            0            0              1015.191      1           707.525
     251   2.243320e+04    1.0000000    0.0000000   5.273438e+00   45   46       213639       213639            0            0            0              1380.231      1           912.896
     252   2.243584e+04    1.0000000    0.0000000   2.636719e+00   44   44            1            1            0            0            0                43.165      1             5.133
     253   2.243848e+04    1.0000000    0.0000000   2.636719e+00   44   45       108099       108099            0            0            0              1039.004     24           713.751
     254   2.244111e+04    1.0000000    0.0000000   2.636719e+00   44   44            1            1            0            0            0                44.237      1             5.192
     255   2.244375e+04    1.0000000    0.0000000   2.636719e+00   44   50       218271       218271            0            0            0              1369.457      0           921.762
     256   2.244902e+04    1.0000000    0.0000000   5.273438e+00   45   45       108053       108053            0            0            0              1020.863      1           708.656
     257   2.245166e+04    1.0000000    0.0000000   2.636719e+00   44   44            1            1            0            0            0                42.702      1             5.067
     258   2.245430e+04    1.0000000    0.0000000   2.636719e+00   44   46       213654       213654            0            0            0              1306.049      0           850.045
     259   2.245957e+04    1.0000000    0.0000000   5.273438e+00   45   45       108363       108363            0            0            0              1011.012      1           694.187
     260   2.246484e+04    1.0000000    0.0000000   5.273438e+00   45   47       218271       218271            0            0            0              1341.378      1           834.571
     261   2.247012e+04    1.0000000    0.0000000   5.273438e+00   45   45       108257       108257            0            0            0              1028.680      1           705.229
     262   2.247539e+04    1.0000000    0.0000000   5.273438e+00   45   46       213664       213664            0            0            0              1313.326      1           812.262
     263   2.248066e+04    1.0000000    0.0000000   5.273438e+00   45   45       108616       108616            0            0            0              1016.544      1           692.736
     264   2.248594e+04    1.0000000    0.0000000   5.273438e+00   45   48       218271       218271            0            0            0              1324.442      1           804.801
     265   2.249121e+04    1.0000000    0.0000000   5.273438e+00   45   45       108453       108453            0            0            0              1027.816      1           702.659
     266   2.249648e+04    1.0000000    0.0000000   5.273438e+00   45   46       213656       213656            0            0            0              1365.992     17           810.498
     267   2.250176e+04    1.0000000    0.0000000   5.273438e+00   45   45       108764       108764            0            0            0              1016.953      1           689.268
     268   2.250703e+04    1.0000000    0.0000000   5.273438e+00   45   47       218271       218271            0            0            0              1326.698      1           802.751
     269   2.251230e+04    1.0000000    0.0000000   5.273438e+00   45   45       108515       108515            0            0            0              1047.485      1           727.579
     270   2.251758e+04    1.0000000    0.0000000   5.273438e+00   45   46       213687       213687            0            0            0              1305.541      1           808.972
     271   2.252285e+04    1.0000000    0.0000000   5.273438e+00   45   45       108909       108909            0            0            0              1033.112      1           711.333
     272   2.252812e+04    1.0000000    0.0000000   5.273438e+00   45   49       218271       218271            0            0            0              1431.127      1           911.934
     273   2.253340e+04    1.0000000    0.0000000   5.273438e+00   45   45       108607       108607            0            0            0              1022.565      1           699.451
     274   2.253867e+04    1.0000000    0.0000000   5.273438e+00   45   46       213700       213700            0            0            0              1465.837      1           961.567
     275   2.254395e+04    1.0000000    0.0000000   5.273438e+00   45   45       108969       108969            0            0            0              1023.855      1           701.502
     276   2.254922e+04    1.0000000    0.0000000   5.273438e+00   45   47       218271       218271            0            0            0              1405.513      1           890.140
     277   2.255449e+04    1.0000000    0.0000000   5.273438e+00   45   45       108726       108726            0            0            0              1028.823      1           707.705
     278   2.255977e+04    1.0000000    0.0000000   5.273438e+00   45   46       213697       213697            0            0            0              1379.922     25           834.988
     279   2.256504e+04    1.0000000    0.0000000   5.273438e+00   45   45       109090       109090            0            0            0              1021.253      1           695.149
     280   2.257031e+04    1.0000000    0.0000000   5.273438e+00   45   48       218271       218271            0            0            0              1350.462      1           838.686
     281   2.257559e+04    1.0000000    0.0000000   5.273438e+00   45   45       108905       108905            0            0            0              1020.573      1           695.112
     282   2.258086e+04    1.0000000    0.0000000   5.273438e+00   45   46       213713       213713            0            0            0              1369.716      1           871.119
     283   2.258613e+04    1.0000000    0.0000000   5.273438e+00   45   45       109289       109289            0            0            0              1032.165      1           709.618
     284   2.259141e+04    1.0000000    0.0000000   5.273438e+00   45   47       218271       218271            0            0            0              1376.175      1           869.215
     285   2.259668e+04    1.0000000    0.0000000   5.273438e+00   45   45       109126       109126            0            0            0              1013.423      1           689.115
     286   2.260195e+04    1.0000000    0.0000000   5.273438e+00   45   46       213737       213737            0            0            0              1302.004      1           814.572
     287   2.260723e+04    1.0000000    0.0000000   5.273438e+00   45   45       109470       109470            0            0            0              1014.907      1           699.114
     288   2.261250e+04    1.0000000    0.0000000   5.273438e+00   45   51       218271       218271            0            0            0              1331.337      1           836.351
     289   2.261777e+04    1.0000000    0.0000000   5.273438e+00   45   45       109260       109260            0            0            0              1076.136     17           708.645
     290   2.262305e+04    1.0000000    0.0000000   5.273438e+00   45   46       213749       213749            0            0            0              1291.240      1           805.279
     291   2.262568e+04    1.0000000    0.0000000   2.636719e+00   44   44            2            2            0            0            0                42.250      1             4.904
     292   2.262832e+04    1.0000000    0.0000000   2.636719e+00   44   45       109632       109632            0            0            0               987.853      0           702.866
     293   2.263096e+04    1.0000000    0.0000000   2.636719e+00   44   44            2            2            0            0            0                42.831      1             4.850
     294   2.263359e+04    1.0000000    0.0000000   2.636719e+00   44   47       218271       218271            0            0            0              1294.870      0           835.388
     295   2.263887e+04    1.0000000    0.0000000   5.273438e+00   45   45       109401       109401            0            0            0              1010.912      1           692.675
     296   2.264414e+04    1.0000000    0.0000000   5.273438e+00   45   46       213740       213740            0            0            0              1297.709      1           815.884
     297   2.264678e+04    1.0000000    0.0000000   2.636719e+00   44   44            5            5            0            0            0                42.770      1             4.983
     298   2.264941e+04    1.0000000    0.0000000   2.636719e+00   44   45       109859       109859            0            0            0              1004.735      0           720.300
     299   2.265205e+04    1.0000000    0.0000000   2.636719e+00   44   44            7            7            0            0            0                42.270      1             4.817
     300   2.265469e+04    1.0000000    0.0000000   2.636719e+00   44   48       218271       218271            0            0            0              1269.708      0           811.056
     301   2.265732e+04    1.0000000    0.0000000   2.636719e+00   44   44            1            1            0            0            0                42.597      1             5.063
     302   2.265996e+04    1.0000000    0.0000000   2.636719e+00   44   45       109710       109710            0            0            0               989.434      0           704.969
     303   2.266260e+04    1.0000000    0.0000000   2.636719e+00   44   44            4            4            0            0            0                42.598      1             4.901
     304   2.266523e+04    1.0000000    0.0000000   2.636719e+00   44   46       213730       213730            0            0            0              1351.829      0           905.491
     305   2.266787e+04    1.0000000    0.0000000   2.636719e+00   44   44            3            3            0            0            0                42.587      1             4.973
     306   2.267051e+04    1.0000000    0.0000000   2.636719e+00   44   45       110042       110042            0            0            0               972.519      0           687.426
     307   2.267314e+04    1.0000000    0.0000000   2.636719e+00   44   44            9            9            0            0            0                43.693      1             4.964
     308   2.267578e+04    1.0000000    0.0000000   2.636719e+00   44   47       218271       218271            0            0            0              1346.336      0           892.014
     309   2.267842e+04    1.0000000    0.0000000   2.636719e+00   44   44            6            6            0            0            0                92.692     25             4.959
     310   2.268105e+04    1.0000000    0.0000000   2.636719e+00   44   45       110008       110008            0            0            0               999.640      0           714.020
     311   2.268369e+04    1.0000000    0.0000000   2.636719e+00   44   44            9            9            0            0            0                43.323      1             5.248
     312   2.268633e+04    1.0000000    0.0000000   2.636719e+00   44   46       213740       213740            0            0            0              1313.763      0           866.951
     313   2.268896e+04    1.0000000    0.0000000   2.636719e+00   44   44            8            8            0            0            0                42.732      1             5.094
     314   2.269160e+04    1.0000000    0.0000000   2.636719e+00   44   45       110354       110354            0            0            0               995.287      0           706.090
     315   2.269424e+04    1.0000000    0.0000000   2.636719e+00   44   44           10           10            0            0            0                46.528      1             6.973
     316   2.269688e+04    1.0000000    0.0000000   2.636719e+00   44   49       218271       218271            0            0            0              1338.225      0           887.278
     317   2.269951e+04    1.0000000    0.0000000   2.636719e+00   44   44            8            8            0            0            0                43.428      1             5.076
     318   2.270215e+04    1.0000000    0.0000000   2.636719e+00   44   45       110364       110364            0            0            0               990.007      0           704.136
     319   2.270479e+04    1.0000000    0.0000000   2.636719e+00   44   44            9            9            0            0            0                42.686      1             5.010
     320   2.270742e+04    1.0000000    0.0000000   2.636719e+00   44   46       213776       213776            0            0            0              1277.057      0           828.902
     321   2.271006e+04    1.0000000    0.0000000   2.636719e+00   44   44            6            6            0            0            0                45.742      1             6.559
     322   2.271270e+04    1.0000000    0.0000000   2.636719e+00   44   45       110694       110694            0            0            0               981.545      0           695.457
     323   2.271533e+04    1.0000000    0.0000000   2.636719e+00   44   44            9            9            0            0            0                44.952      1             6.616
     324   2.271797e+04    1.0000000    0.0000000   2.636719e+00   44   47       218271       218271            0            0            0              1258.456      0           805.602
     325   2.272061e+04    1.0000000    0.0000000   2.636719e+00   44   44            4            4            0            0            0                43.049      1             5.054
     326   2.272324e+04    1.0000000    0.0000000   2.636719e+00   44   45       110599       110599            0            0            0               989.940      0           703.821
     327   2.272588e+04    1.0000000    0.0000000   2.636719e+00   44   44           10           10            0            0            0                45.200      1             6.622
     328   2.272852e+04    1.0000000    0.0000000   2.636719e+00   44   46       213788       213788            0            0            0              1267.346      0           824.750
     329   2.273115e+04    1.0000000    0.0000000   2.636719e+00   44   44            6            6            0            0            0                43.425      1             5.016
     330   2.273379e+04    1.0000000    0.0000000   2.636719e+00   44   45       110990       110990            0            0            0              1003.981      0           720.047
     331   2.273643e+04    1.0000000    0.0000000   2.636719e+00   44   44            7            7            0            0            0                42.581      1             4.920
     332   2.273906e+04    1.0000000    0.0000000   2.636719e+00   44   48       218271       218271            0            0            0              1317.472     16           814.273
     333   2.274170e+04    1.0000000    0.0000000   2.636719e+00   44   44            1            1            0            0            0                42.290      1             4.922
     334   2.274434e+04    1.0000000    0.0000000   2.636719e+00   44   45       110774       110774            0            0            0               980.105      0           695.411
     335   2.274697e+04    1.0000000    0.0000000   2.636719e+00   44   44            6            6            0            0            0                42.884      1             4.924
     336   2.274961e+04    1.0000000    0.0000000   2.636719e+00   44   46       213775       213775            0            0            0              1258.240      0           813.524
     337   2.275225e+04    1.0000000    0.0000000   2.636719e+00   44   44            1            1            0            0            0                42.183      1             4.851
     338   2.275488e+04    1.0000000    0.0000000   2.636719e+00   44   45       111164       111164            0            0            0              1012.051      0           727.667
     339   2.275752e+04    1.0000000    0.0000000   2.636719e+00   44   44            5            5            0            0            0                43.185      1             4.933
     340   2.276016e+04    1.0000000    0.0000000   2.636719e+00   44   47       218271       218271            0            0            0              1306.891      0           851.648
     341   2.276543e+04    1.0000000    0.0000000   5.273438e+00   45   45       110935       110935            0            0            0              1048.538      1           719.739
     342   2.276807e+04    1.0000000    0.0000000   2.636719e+00   44   44            1            1            0            0            0                43.105      1             4.692
     343   2.277070e+04    1.0000000    0.0000000   2.636719e+00   44   46       213796       213796            0            0            0              1376.673      0           912.015
     344   2.277334e+04    1.0000000    0.0000000   2.636719e+00   44   44            1            1            0            0            0                42.192      1             4.650
     345   2.277598e+04    1.0000000    0.0000000   2.636719e+00   44   45       111336       111336            0            0            0               973.978      0           689.476
     346   2.277861e+04    1.0000000    0.0000000   2.636719e+00   44   44            1            1            0            0            0                42.205      1             4.561
     347   2.278125e+04    1.0000000    0.0000000   2.636719e+00   44   50       218271       218271            0            0            0              1380.234      0           902.917
     348   2.278389e+04    1.0000000    0.0000000   2.636719e+00   44   44            2            2            0            0            0                43.507      1             4.879
     349   2.278652e+04    1.0000000    0.0000000   2.636719e+00   44   45       111159       111159            0            0            0              1006.998      0           709.511
     350   2.278916e+04    1.0000000    0.0000000   2.636719e+00   44   44            2            2            0            0            0                43.238      1             4.772
     351   2.279180e+04    1.0000000    0.0000000   2.636719e+00   44   46       213808       213808            0            0            0              1317.236      0           850.393
     352   2.279707e+04    1.0000000    0.0000000   5.273438e+00   45   45       111521       111521            0            0            0              1024.654      1           705.489
     353   2.279971e+04    1.0000000    0.0000000   2.636719e+00   44   44            3            3            0            0            0                93.428     25             5.001
     354   2.280234e+04    1.0000000    0.0000000   2.636719e+00   44   47       218271       218271            0            0            0              1275.343      0           833.635
     355   2.280498e+04    1.0000000    0.0000000   2.636719e+00   44   44            1            1            0            0            0                42.560      1             4.820
     356   2.280762e+04    1.0000000    0.0000000   2.636719e+00   44   45       111411       111411            0            0            0               992.646      0           707.825
     357   2.281025e+04    1.0000000    0.0000000   2.636719e+00   44   44            3            3            0            0            0                42.991      1             4.885
     358   2.281289e+04    1.0000000    0.0000000   2.636719e+00   44   46       213826       213826            0            0            0              1352.734      0           924.930
     359   2.281553e+04    1.0000000    0.0000000   2.636719e+00   44   44            3            3            0            0            0                45.355      1             6.647
     360   2.281816e+04    1.0000000    0.0000000   2.636719e+00   44   45       111796       111796            0            0            0               992.335      0           711.702
     361   2.282080e+04    1.0000000    0.0000000   2.636719e+00   44   44            7            7            0            0            0                45.453      1             6.888
     362   2.282344e+04    1.0000000    0.0000000   2.636719e+00   44   48       218271       218271            0            0            0              1268.786      0           829.552
     363   2.282607e+04    1.0000000    0.0000000   2.636719e+00   44   44           14           14            0            0            0                46.736      1             6.637
     364   2.282871e+04    1.0000000    0.0000000   2.636719e+00   44   45       111723       111723            0            0            0               982.983      0           700.041
     365   2.283135e+04    1.0000000    0.0000000   2.636719e+00   44   44           17           17            0            0            0                45.418      1             6.749
     366   2.283398e+04    1.0000000    0.0000000   2.636719e+00   44   46       213839       213839            0            0            0              1254.225      0           823.295
     367   2.283662e+04    1.0000000    0.0000000   2.636719e+00   44   44           19           19            0            0            0                45.502      1             6.705
     368   2.283926e+04    1.0000000    0.0000000   2.636719e+00   44   45       112032       112032            0            0            0               979.703      0           696.272
     369   2.284189e+04    1.0000000    0.0000000   2.636719e+00   44   44           22           22            0            0            0                45.848      1             6.900
     370   2.284453e+04    1.0000000    0.0000000   2.636719e+00   44   47       218271       218271            0            0            0              1346.118      0           907.854
     371   2.284717e+04    1.0000000    0.0000000   2.636719e+00   44   44           23           23            0            0            0                46.683      1             7.947
     372   2.284980e+04    1.0000000    0.0000000   2.636719e+00   44   45       111656       111656            0            0            0               986.397      0           701.307
     373   2.285244e+04    1.0000000    0.0000000   2.636719e+00   44   44           27           27            0            0            0                47.257      1             7.754
     374   2.285508e+04    1.0000000    0.0000000   2.636719e+00   44   46       213862       213862            0            0            0              1359.150      0           931.418
     375   2.285771e+04    1.0000000    0.0000000   2.636719e+00   44   44           24           24            0            0            0                97.737     17             7.756
     376   2.286035e+04    1.0000000    0.0000000   2.636719e+00   44   45       111944       111944            0            0            0               994.286      0           712.523
     377   2.286299e+04    1.0000000    0.0000000   2.636719e+00   44   44           30           30            0            0            0                47.120      1             7.660
     378   2.286562e+04    1.0000000    0.0000000   2.636719e+00   44   49       218271       218271            0            0            0              1318.003      0           875.957
     379   2.286826e+04    1.0000000    0.0000000   2.636719e+00   44   44           26           26            0            0            0                46.821      1             7.679
     380   2.287090e+04    1.0000000    0.0000000   2.636719e+00   44   45       111643       111643            0            0            0               988.316      0           704.968
     381   2.287354e+04    1.0000000    0.0000000   2.636719e+00   44   44           36           36            0            0            0                47.658      1             7.590
     382   2.287617e+04    1.0000000    0.0000000   2.636719e+00   44   46       213891       213891            0            0            0              1330.525      0           890.132
     383   2.287881e+04    1.0000000    0.0000000   2.636719e+00   44   44           26           26            0            0            0                46.443      1             7.674
     384   2.288145e+04    1.0000000    0.0000000   2.636719e+00   44   45       111971       111971            0            0            0              1010.053      0           727.708
     385   2.288408e+04    1.0000000    0.0000000   2.636719e+00   44   44           40           40            0            0            0                46.833      1             7.826
     386   2.288672e+04    1.0000000    0.0000000   2.636719e+00   44   47       218271       218271            0            0            0              1280.324      0           831.480
     387   2.288936e+04    1.0000000    0.0000000   2.636719e+00   44   44           31           31            0            0            0                46.787      1             7.891
     388   2.289199e+04    1.0000000    0.0000000   2.636719e+00   44   45       111744       111744            0            0            0               997.123      0           715.885
     389   2.289463e+04    1.0000000    0.0000000   2.636719e+00   44   44           48           48            0            0            0                46.853      1             7.629
     390   2.289727e+04    1.0000000    0.0000000   2.636719e+00   44   46       213885       213885            0            0            0              1283.469      0           834.119
     391   2.289990e+04    1.0000000    0.0000000   2.636719e+00   44   44           42           42            0            0            0                51.024      1            10.565
     392   2.290254e+04    1.0000000    0.0000000   2.636719e+00   44   45       112087       112087            0            0            0               988.584      0           707.852
     393   2.290518e+04    1.0000000    0.0000000   2.636719e+00   44   44           49           49            0            0            0                47.159      1             7.783
     394   2.290781e+04    1.0000000    0.0000000   2.636719e+00   44   48       218271       218271            0            0            0              1350.412      0           909.639
     395   2.291045e+04    1.0000000    0.0000000   2.636719e+00   44   44           40           40            0            0            0                47.506      1             7.662
     396   2.291309e+04    1.0000000    0.0000000   2.636719e+00   44   45       111915       111915            0            0            0               993.661      0           707.193
     397   2.291572e+04    1.0000000    0.0000000   2.636719e+00   44   44           52           52            0            0            0                47.280      1             7.858
     398   2.291836e+04    1.0000000    0.0000000   2.636719e+00   44   46       213893       213893            0            0            0              1296.356     24           810.121
     399   2.292100e+04    1.0000000    0.0000000   2.636719e+00   44   44           45           45            0            0            0                47.346      1             7.922
     400   2.292363e+04    1.0000000    0.0000000   2.636719e+00   44   45       112205       112205            0            0            0               980.370      0           698.218
     401   2.292627e+04    1.0000000    0.0000000   2.636719e+00   44   44           54           54            0            0            0                45.653      1             6.636
     402   2.292891e+04    1.0000000    0.0000000   2.636719e+00   44   47       218271       218271            0            0            0              1331.181      0           895.425
     403   2.293154e+04    1.0000000    0.0000000   2.636719e+00   44   44           37           37            0            0            0                45.691      1             6.679
     404   2.293418e+04    1.0000000    0.0000000   2.636719e+00   44   45       111820       111820            0            0            0               991.055      0           709.979
     405   2.293682e+04    1.0000000    0.0000000   2.636719e+00   44   44           49           49            0            0            0                46.748      1             6.857
     406   2.293945e+04    1.0000000    0.0000000   2.636719e+00   44   46       213882       213882            0            0            0              1340.643      0           913.488
     407   2.294209e+04    1.0000000    0.0000000   2.636719e+00   44   44           34           34            0            0            0                45.578      1             6.661
     408   2.294473e+04    1.0000000    0.0000000   2.636719e+00   44   45       112209       112209            0            0            0               998.170      0           718.194
     409   2.294736e+04    1.0000000    0.0000000   2.636719e+00   44   44           44           44            0            0            0                45.706      1             6.635
     410   2.295000e+04    1.0000000    0.0000000   2.636719e+00   44   53       218271       218271            0            0            0              1253.325      0           813.005
     411   2.295264e+04    1.0000000    0.0000000   2.636719e+00   44   44           29           29            0            0            0                45.594      1             6.797
     412   2.295527e+04    1.0000000    0.0000000   2.636719e+00   44   45       111599       111599            0            0            0               993.061      0           715.953
     413   2.295791e+04    1.0000000    0.0000000   2.636719e+00   44   44           34           34            0            0            0                45.607      1             6.586
     414   2.296055e+04    1.0000000    0.0000000   2.636719e+00   44   46       213864       213864            0            0            0              1329.417      0           900.794
     415   2.296318e+04    1.0000000    0.0000000   2.636719e+00   44   44           23           23            0            0            0                45.044      1             6.650
     416   2.296582e+04    1.0000000    0.0000000   2.636719e+00   44   45       111408       111408            0            0            0               979.532      0           702.271
     417   2.296846e+04    1.0000000    0.0000000   2.636719e+00   44   44           31           31            0            0            0                45.628      1             6.693
     418   2.297109e+04    1.0000000    0.0000000   2.636719e+00   44   47       218271       218271            0            0            0              1278.967      0           851.289
     419   2.297373e+04    1.0000000    0.0000000   2.636719e+00   44   44           18           18            0            0            0                45.325      1             6.623
     420   2.297637e+04    1.0000000    0.0000000   2.636719e+00   44   45       110888       110888            0            0            0               984.662      0           707.558
     421   2.297900e+04    1.0000000    0.0000000   2.636719e+00   44   44           22           22            0            0            0                94.137     17             6.606
     422   2.298164e+04    1.0000000    0.0000000   2.636719e+00   44   46       213831       213831            0            0            0              1350.012      0           931.762
     423   2.298428e+04    1.0000000    0.0000000   2.636719e+00   44   44           14           14            0            0            0                45.673      1             6.635
     424   2.298691e+04    1.0000000    0.0000000   2.636719e+00   44   45       111146       111146            0            0            0               974.936      0           699.675
     425   2.298955e+04    1.0000000    0.0000000   2.636719e+00   44   44           16           16            0            0            0                44.971      1             6.586
     426   2.299219e+04    1.0000000    0.0000000   2.636719e+00   44   48       218271       218271            0            0            0              1352.858      0           927.348
     427   2.299482e+04    1.0000000    0.0000000   2.636719e+00   44   44            8            8            0            0            0                45.784      1             6.792
     428   2.299746e+04    1.0000000    0.0000000   2.636719e+00   44   45       110554       110554            0            0            0               968.672      0           695.258
     429   2.300010e+04    1.0000000    0.0000000   2.636719e+00   44   44            9            9            0            0            0                45.512      1             6.562
     430   2.300273e+04    1.0000000    0.0000000   2.636719e+00   44   46       213842       213842            0            0            0              1311.907      0           893.510
     431   2.300537e+04    1.0000000    0.0000000   2.636719e+00   44   44            4            4            0            0            0                44.893      1             6.442
     432   2.300801e+04    1.0000000    0.0000000   2.636719e+00   44   45       110799       110799            0            0            0               967.982      0           694.388
     433   2.301064e+04    1.0000000    0.0000000   2.636719e+00   44   44            6            6            0            0            0                45.069      1             6.441
     434   2.301328e+04    1.0000000    0.0000000   2.636719e+00   44   47       218271       218271            0            0            0              1280.545      0           852.209
     435   2.301592e+04    1.0000000    0.0000000   2.636719e+00   44   44            2            2            0            0            0                43.043      1             4.740
     436   2.301855e+04    1.0000000    0.0000000   2.636719e+00   44   45       110261       110261            0            0            0               991.496      0           718.829
     437   2.302119e+04    1.0000000    0.0000000   2.636719e+00   44   44            6            6            0            0            0                45.400      1             6.779
     438   2.302383e+04    1.0000000    0.0000000   2.636719e+00   44   46       213807       213807            0            0            0              1242.558      0           824.263
     439   2.302646e+04    1.0000000    0.0000000   2.636719e+00   44   44            2            2            0            0            0                42.136      1             4.783
     440   2.302910e+04    1.0000000    0.0000000   2.636719e+00   44   45       110525       110525            0            0            0               978.306      0           702.046
     441   2.303174e+04    1.0000000    0.0000000   2.636719e+00   44   44            3            3            0            0            0                45.610      1             6.635
     442   2.303438e+04    1.0000000    0.0000000   2.636719e+00   44   49       218271       218271            0            0            0              1256.647      0           829.850
     443   2.303965e+04    1.0000000    0.0000000   5.273438e+00   45   45       110021       110021            0            0            0              1059.949     25           702.740
     444   2.304229e+04    1.0000000    0.0000000   2.636719e+00   44   44            1            1            0            0            0                42.610      1             4.644
     445   2.304492e+04    1.0000000    0.0000000   2.636719e+00   44   46       213796       213796            0            0            0              1326.654      0           911.133
     446   2.304756e+04    1.0000000    0.0000000   2.636719e+00   44   44            3            3            0            0            0                45.640      1             6.683
     447   2.305020e+04    1.0000000    0.0000000   2.636719e+00   44   45       110310       110310            0            0            0               972.868      0           701.454
     448   2.305283e+04    1.0000000    0.0000000   2.636719e+00   44   44            3            3            0            0            0                45.110      1             6.432
     449   2.305547e+04    1.0000000    0.0000000   2.636719e+00   44   47       218271       218271            0            0            0              1243.505      0           823.859
     450   2.306074e+04    1.0000000    0.0000000   5.273438e+00   45   45       109791       109791            0            0            0              1008.536      1           702.742
     451   2.306338e+04    1.0000000    0.0000000   2.636719e+00   44   44            1            1            0            0            0                43.515      1             4.792
     452   2.306602e+04    1.0000000    0.0000000   2.636719e+00   44   46       213801       213801            0            0            0              1281.740      0           865.230
     453   2.307129e+04    1.0000000    0.0000000   5.273438e+00   45   45       110008       110008            0            0            0              1014.770      1           706.668
     454   2.307656e+04    1.0000000    0.0000000   5.273438e+00   45   48       218271       218271            0            0            0              1351.358      1           899.079
     455   2.308184e+04    1.0000000    0.0000000   5.273438e+00   45   45       109585       109585            0            0            0              1010.300      1           705.154
     456   2.308711e+04    1.0000000    0.0000000   5.273438e+00   45   46       213791       213791            0            0            0              1336.768      1           893.218
     457   2.309238e+04    1.0000000    0.0000000   5.273438e+00   45   45       109846       109846            0            0            0              1001.841      1           694.995
     458   2.309766e+04    1.0000000    0.0000000   5.273438e+00   45   47       218271       218271            0            0            0              1414.028     17           914.150
     459   2.310293e+04    1.0000000    0.0000000   5.273438e+00   45   45       109311       109311            0            0            0              1000.776      1           694.718
     460   2.310820e+04    1.0000000    0.0000000   5.273438e+00   45   46       213780       213780            0            0            0              1293.318      1           844.045
     461   2.311348e+04    1.0000000    0.0000000   5.273438e+00   45   45       109578       109578            0            0            0              1006.449      1           699.490
     462   2.311875e+04    1.0000000    0.0000000   5.273438e+00   45   50       218271       218271            0            0            0              1344.922      1           892.089
     463   2.312402e+04    1.0000000    0.0000000   5.273438e+00   45   45       109087       109087            0            0            0              1001.948      1           696.393
     464   2.312930e+04    1.0000000    0.0000000   5.273438e+00   45   46       213749       213749            0            0            0              1370.114      1           922.928
     465   2.313457e+04    1.0000000    0.0000000   5.273438e+00   45   45       109280       109280            0            0            0               994.251      1           688.575
     466   2.313984e+04    1.0000000    0.0000000   5.273438e+00   45   47       218271       218271            0            0            0              1348.617      1           893.296
     467   2.314512e+04    1.0000000    0.0000000   5.273438e+00   45   45       108762       108762            0            0            0              1004.781      1           700.920
     468   2.315039e+04    1.0000000    0.0000000   5.273438e+00   45   46       213749       213749            0            0            0              1255.845      1           806.265
     469   2.315566e+04    1.0000000    0.0000000   5.273438e+00   45   45       109004       109004            0            0            0              1052.641     25           696.701
     470   2.316094e+04    1.0000000    0.0000000   5.273438e+00   45   48       218271       218271            0            0            0              1358.158      1           903.652
     471   2.316621e+04    1.0000000    0.0000000   5.273438e+00   45   45       108496       108496            0            0            0              1001.402      1           699.275
     472   2.317148e+04    1.0000000    0.0000000   5.273438e+00   45   46       213739       213739            0            0            0              1349.680      1           902.584
     473   2.317676e+04    1.0000000    0.0000000   5.273438e+00   45   45       108735       108735            0            0            0              1012.871      1           708.805
     474   2.318203e+04    1.0000000    0.0000000   5.273438e+00   45   47       218271       218271            0            0            0              1388.716      1           938.094
     475   2.318730e+04    1.0000000    0.0000000   5.273438e+00   45   45       108411       108411            0            0            0               999.480      1           695.993
     476   2.319258e+04    1.0000000    0.0000000   5.273438e+00   45   46       213742       213742            0            0            0              1275.871      1           826.327
     477   2.319785e+04    1.0000000    0.0000000   5.273438e+00   45   45       108642       108642            0            0            0              1000.231      1           697.416
     478   2.320312e+04    1.0000000    0.0000000   5.273438e+00   45   49       218271       218271            0            0            0              1273.631      1           819.867
     479   2.320840e+04    1.0000000    0.0000000   5.273438e+00   45   45       108020       108020            0            0            0              1001.136      1           697.075
     480   2.321367e+04    1.0000000    0.0000000   5.273438e+00   45   46       213712       213712            0            0            0              1305.321      1           859.159
     481   2.321631e+04    1.0000000    0.0000000   2.636719e+00   44   44            1            1            0            0            0                42.416      1             4.609
     482   2.321895e+04    1.0000000    0.0000000   2.636719e+00   44   45       108307       108307            0            0            0              1000.502     16           682.493
     483   2.322158e+04    1.0000000    0.0000000   2.636719e+00   44   44            1            1            0            0            0                42.188      1             4.645
     484   2.322422e+04    1.0000000    0.0000000   2.636719e+00   44   47       218271       218271            0            0            0              1318.360      0           901.542
     485   2.322949e+04    1.0000000    0.0000000   5.273438e+00   45   45       107750       107750            0            0            0               992.025      1           689.922
     486   2.323477e+04    1.0000000    0.0000000   5.273438e+00   45   46       213683       213683            0            0            0              1284.669      1           839.513
     487   2.323740e+04    1.0000000    0.0000000   2.636719e+00   44   44            3            3            0            0            0                44.011      1             6.009
     488   2.324004e+04    1.0000000    0.0000000   2.636719e+00   44   45       107988       107988            0            0            0               963.013      0           695.032
     489   2.324268e+04    1.0000000    0.0000000   2.636719e+00   44   44            3            3            0            0            0                43.830      1             5.949
     490   2.324531e+04    1.0000000    0.0000000   2.636719e+00   44   48       218271       218271            0            0            0              1344.200      0           922.573
     491   2.325059e+04    1.0000000    0.0000000   5.273438e+00   45   45       107425       107425            0            0            0               991.769      1           691.814
     492   2.325586e+04    1.0000000    0.0000000   5.273438e+00   45   46       213686       213686            0            0            0              1336.304      1           892.333
     493   2.325850e+04    1.0000000    0.0000000   2.636719e+00   44   44            4            4            0            0            0                44.029      1             6.221
     494   2.326113e+04    1.0000000    0.0000000   2.636719e+00   44   45       107627       107627            0            0            0               949.069      0           682.756
     495   2.326377e+04    1.0000000    0.0000000   2.636719e+00   44   44            8            8            0            0            0                43.367      1             6.069
     496   2.326641e+04    1.0000000    0.0000000   2.636719e+00   44   47       218271       218271            0            0            0              1308.813      0           891.119
     497   2.326904e+04    1.0000000    0.0000000   2.636719e+00   44   44            2            2            0            0            0                42.117      1             4.630
     498   2.327168e+04    1.0000000    0.0000000   2.636719e+00   44   45       107177       107177            0            0            0               958.065      0           691.800
     499   2.327432e+04    1.0000000    0.0000000   2.636719e+00   44   44            3            3            0            0            0                42.507      1             4.694
     500   2.327695e+04    1.0000000    0.0000000   2.636719e+00   44   46       213684       213684            0            0            0              1293.655      0           885.468
     501   2.327959e+04    1.0000000    0.0000000   2.636719e+00   44   44            2            2            0            0            0                91.625     25             4.669
     502   2.328223e+04    1.0000000    0.0000000   2.636719e+00   44   45       107304       107304            0            0            0               960.060      0           690.797
     503   2.328486e+04    1.0000000    0.0000000   2.636719e+00   44   44            2            2            0            0            0                42.597      1             4.764
     504   2.328750e+04    1.0000000    0.0000000   2.636719e+00   44   51       218271       218271            0            0            0              1301.483      0           887.513
     505   2.329014e+04    1.0000000    0.0000000   2.636719e+00   44   44            1            1            0            0            0                42.455      1             4.529
     506   2.329277e+04    1.0000000    0.0000000   2.636719e+00   44   45       106964       106964            0            0            0               952.493      0           686.477
     507   2.329541e+04    1.0000000    0.0000000   2.636719e+00   44   44            3            3            0            0            0                44.772      1             6.330
     508   2.329805e+04    1.0000000    0.0000000   2.636719e+00   44   46       213638       213638            0            0            0              1308.067      0           884.936
     509   2.330068e+04    1.0000000    0.0000000   2.636719e+00   44   44            2            2            0            0            0                45.579      1             6.206
     510   2.330332e+04    1.0000000    0.0000000   2.636719e+00   44   45       107122       107122            0            0            0               967.889      0           696.844
     511   2.330596e+04    1.0000000    0.0000000   2.636719e+00   44   44            4            4            0            0            0                44.772      1             6.207
     512   2.330859e+04    1.0000000    0.0000000   2.636719e+00   44   47       218271       218271            0            0            0              1267.995      0           853.078
     513   2.331123e+04    1.0000000    0.0000000   2.636719e+00   44   44            1            1            0            0            0                42.942      1             4.707
     514   2.331387e+04    1.0000000    0.0000000   2.636719e+00   44   45       106822       106822            0            0            0               977.809      0           708.758
     515   2.331650e+04    1.0000000    0.0000000   2.636719e+00   44   44            2            2            0            0            0                43.669      1             5.830
     516   2.331914e+04    1.0000000    0.0000000   2.636719e+00   44   46       213567       213567            0            0            0              1266.876      0           841.989
     517   2.332178e+04    1.0000000    0.0000000   2.636719e+00   44   44            3            3            0            0            0                47.037      1             7.993
     518   2.332441e+04    1.0000000    0.0000000   2.636719e+00   44   45       107038       107038            0            0            0               958.707      0           686.772
     519   2.332705e+04    1.0000000    0.0000000   2.636719e+00   44   44            5            5            0            0            0                48.801      1             7.995
     520   2.332969e+04    1.0000000    0.0000000   2.636719e+00   44   48       218271       218271            0            0            0              1244.499      0           826.507
     521   2.333232e+04    1.0000000    0.0000000   2.636719e+00   44   44           12           12            0            0            0                46.375      1             7.489
     522   2.333496e+04    1.0000000    0.0000000   2.636719e+00   44   45       106762       106762            0            0            0               945.301      0           679.843
     523   2.333760e+04    1.0000000    0.0000000   2.636719e+00   44   44           15           15            0            0            0                96.214     17             7.405
     524   2.334023e+04    1.0000000    0.0000000   2.636719e+00   44   46       213545       213545            0            0            0              1309.949      0           903.218
     525   2.334287e+04    1.0000000    0.0000000   2.636719e+00   44   44           35           35            0            0            0                46.936      1             7.181
     526   2.334551e+04    1.0000000    0.0000000   2.636719e+00   44   45       106959       106959            0            0            0               968.161      0           688.395
     527   2.334814e+04    1.0000000    0.0000000   2.636719e+00   44   44           36           36            0            0            0                47.524      1             7.483
     528   2.335078e+04    1.0000000    0.0000000   2.636719e+00   44   47       218271       218271            0            0            0              1236.854      0           820.152
     529   2.335342e+04    1.0000000    0.0000000   2.636719e+00   44   44           63           63            0            0            0                46.753      1             7.380
     530   2.335605e+04    1.0000000    0.0000000   2.636719e+00   44   45       106777       106777            0            0            0               951.071      0           686.422
     531   2.335869e+04    1.0000000    0.0000000   2.636719e+00   44   44           69           69            0            0            0                46.768      1             7.554
     532   2.336133e+04    1.0000000    0.0000000   2.636719e+00   44   46       213556       213556            0            0            0              1230.609      0           822.926
     533   2.336396e+04    1.0000000    0.0000000   2.636719e+00   44   44          107          107            0            0            0                72.197      1            30.379
     534   2.336660e+04    1.0000000    0.0000000   2.636719e+00   44   45       106973       106973            0            0            0               945.260      0           682.252
     535   2.336924e+04    1.0000000    0.0000000   2.636719e+00   44   44          114          114            0            0            0                73.144      1            28.478
     536   2.337188e+04    1.0000000    0.0000000   2.636719e+00   44   49       218271       218271            0            0            0              1277.777      0           869.478
     537   2.337451e+04    1.0000000    0.0000000   2.636719e+00   44   44          113          113            0            0            0                76.007      1            30.279
     538   2.337715e+04    1.0000000    0.0000000   2.636719e+00   44   45       106685       106685            0            0            0               961.455      0           699.043
     539   2.337979e+04    1.0000000    0.0000000   2.636719e+00   44   44          130          130            0            0            0                75.841      1            30.060
     540   2.338242e+04    1.0000000    0.0000000   2.636719e+00   44   46       213532       213532            0            0            0              1219.794      0           808.505
     541   2.338506e+04    1.0000000    0.0000000   2.636719e+00   44   44          124          124            0            0            0                75.594      1            30.643
     542   2.338770e+04    1.0000000    0.0000000   2.636719e+00   44   45       106762       106762            0            0            0               951.907      0           691.556
     543   2.339033e+04    1.0000000    0.0000000   2.636719e+00   44   44          146          146            0            0            0                75.236      1            29.944
     544   2.339297e+04    1.0000000    0.0000000   2.636719e+00   44   47       218271       218271            0            0            0              1237.982      0           812.021
     545   2.339561e+04    1.0000000    0.0000000   2.636719e+00   44   44          126          126            0            0            0                73.756      1            30.406
     546   2.339824e+04    1.0000000    0.0000000   2.636719e+00   44   45       106588       106588            0            0            0              1006.254     24           687.619
     547   2.340088e+04    1.0000000    0.0000000   2.636719e+00   44   44          151          151            0            0            0                76.394      1            30.908
     548   2.340352e+04    1.0000000    0.0000000   2.636719e+00   44   46       213505       213505            0            0            0              1286.682      0           871.849
     549   2.340615e+04    1.0000000    0.0000000   2.636719e+00   44   44          128          128            0            0            0                73.497      1            30.671
     550   2.340879e+04    1.0000000    0.0000000   2.636719e+00   44   45       106711       106711            0            0            0               959.847      0           691.168
     551   2.341143e+04    1.0000000    0.0000000   2.636719e+00   44   44          153          153            0            0            0                77.042      1            31.004
     552   2.341406e+04    1.0000000    0.0000000   2.636719e+00   44   48       218271       218271            0            0            0              1245.425      0           825.410
     553   2.341670e+04    1.0000000    0.0000000   2.636719e+00   44   44          125          125            0            0            0                72.960      1            30.654
     554   2.341934e+04    1.0000000    0.0000000   2.636719e+00   44   45       106567       106567            0            0            0               960.361      0           694.076
     555   2.342197e+04    1.0000000    0.0000000   2.636719e+00   44   44          160          160            0            0            0                76.972      1            30.968
     556   2.342461e+04    1.0000000    0.0000000   2.636719e+00   44   46       213456       213456            0            0            0              1318.937      0           900.161
     557   2.342725e+04    1.0000000    0.0000000   2.636719e+00   44   44          138          138            0            0            0                75.850      1            30.192
     558   2.342988e+04    1.0000000    0.0000000   2.636719e+00   44   45       106692       106692            0            0            0               961.071      0           692.943
     559   2.343252e+04    1.0000000    0.0000000   2.636719e+00   44   44          164          164            0            0            0                75.715      1            29.786
     560   2.343516e+04    1.0000000    0.0000000   2.636719e+00   44   47       218271       218271            0            0            0              1238.064      0           816.740
     561   2.343779e+04    1.0000000    0.0000000   2.636719e+00   44   44          145          145            0            0            0                76.357      1            30.055
     562   2.344043e+04    1.0000000    0.0000000   2.636719e+00   44   45       106499       106499            0            0            0               950.399      0           687.212
     563   2.344307e+04    1.0000000    0.0000000   2.636719e+00   44   44          163          163            0            0            0                77.016      1            29.472
     564   2.344570e+04    1.0000000    0.0000000   2.636719e+00   44   46       213445       213445            0            0            0              1251.385      0           838.807
     565   2.344834e+04    1.0000000    0.0000000   2.636719e+00   44   44          145          145            0            0            0                75.999      1            29.709
     566   2.345098e+04    1.0000000    0.0000000   2.636719e+00   44   45       106642       106642            0            0            0               977.078      0           712.589
     567   2.345361e+04    1.0000000    0.0000000   2.636719e+00   44   44          166          166            0            0            0                76.189      1            29.561
     568   2.345625e+04    1.0000000    0.0000000   2.636719e+00   44   50       218271       218271            0            0            0              1313.369      0           895.169
     569   2.345889e+04    1.0000000    0.0000000   2.636719e+00   44   44          142          142            0            0            0                99.059     17             8.388
     570   2.346152e+04    1.0000000    0.0000000   2.636719e+00   44   45       106422       106422            0            0            0               963.912      0           696.363
     571   2.346416e+04    1.0000000    0.0000000   2.636719e+00   44   44          169          169            0            0            0                75.822      1            29.267
     572   2.346680e+04    1.0000000    0.0000000   2.636719e+00   44   46       213429       213429            0            0            0              1234.634      0           821.632
     573   2.346943e+04    1.0000000    0.0000000   2.636719e+00   44   44          150          150            0            0            0                49.865      1             8.578
     574   2.347207e+04    1.0000000    0.0000000   2.636719e+00   44   45       106577       106577            0            0            0               956.237      0           688.549
     575   2.347471e+04    1.0000000    0.0000000   2.636719e+00   44   44          171          171            0            0            0                73.421      1            29.394
     576   2.347734e+04    1.0000000    0.0000000   2.636719e+00   44   47       218271       218271            0            0            0              1332.967      0           915.306
     577   2.347998e+04    1.0000000    0.0000000   2.636719e+00   44   44          145          145            0            0            0                50.182      1             8.349
     578   2.348262e+04    1.0000000    0.0000000   2.636719e+00   44   45       106403       106403            0            0            0               959.793      0           693.218
     579   2.348525e+04    1.0000000    0.0000000   2.636719e+00   44   44          168          168            0            0            0                50.905      1             8.890
     580   2.348789e+04    1.0000000    0.0000000   2.636719e+00   44   46       213387       213387            0            0            0              1281.221      0           868.268
     581   2.349053e+04    1.0000000    0.0000000   2.636719e+00   44   44          142          142            0            0            0                51.276      1             8.865
     582   2.349316e+04    1.0000000    0.0000000   2.636719e+00   44   45       106546       106546            0            0            0               953.937      0           686.941
     583   2.349580e+04    1.0000000    0.0000000   2.636719e+00   44   44          160          160            0            0            0                50.586      1             8.393
     584   2.349844e+04    1.0000000    0.0000000   2.636719e+00   44   48       218271       218271            0            0            0              1247.792      0           823.562
     585   2.350107e+04    1.0000000    0.0000000   2.636719e+00   44   44          135          135            0            0            0                50.697      1             8.835
     586   2.350371e+04    1.0000000    0.0000000   2.636719e+00   44   45       106371       106371            0            0            0               959.315      0           694.549
     587   2.350635e+04    1.0000000    0.0000000   2.636719e+00   44   44          150          150            0            0            0                51.128      1             8.839
     588   2.350898e+04    1.0000000    0.0000000   2.636719e+00   44   46       213355       213355            0            0            0              1346.280      0           929.018
     589   2.351162e+04    1.0000000    0.0000000   2.636719e+00   44   44          125          125            0            0            0                50.319      1             8.505
     590   2.351426e+04    1.0000000    0.0000000   2.636719e+00   44   45       106516       106516            0            0            0               966.050      0           697.639
     591   2.351689e+04    1.0000000    0.0000000   2.636719e+00   44   44          145          145            0            0            0                50.781      1             8.528
     592   2.351953e+04    1.0000000    0.0000000   2.636719e+00   44   47       218271       218271            0            0            0              1346.488     24           851.829
     593   2.352217e+04    1.0000000    0.0000000   2.636719e+00   44   44          117          117            0            0            0                51.154      1             8.855
     594   2.352480e+04    1.0000000    0.0000000   2.636719e+00   44   45       106161       106161            0            0            0               974.919      0           705.700
     595   2.352744e+04    1.0000000    0.0000000   2.636719e+00   44   44          132          132            0            0            0                51.014      1             9.064
     596   2.353008e+04    1.0000000    0.0000000   2.636719e+00   44   46       213330       213330            0            0            0              1308.785      0           885.496
     597   2.353271e+04    1.0000000    0.0000000   2.636719e+00   44   44          106          106            0            0            0                48.088      1             6.881
     598   2.353535e+04    1.0000000    0.0000000   2.636719e+00   44   45       106293       106293            0            0            0               958.895      0           690.515
     599   2.353799e+04    1.0000000    0.0000000   2.636719e+00   44   44          116          116            0            0            0                51.667      1             9.019
     600   2.354062e+04    1.0000000    0.0000000   2.636719e+00   44   49       218271       218271            0            0            0              1254.614      0           826.449
     601   2.354326e+04    1.0000000    0.0000000   2.636719e+00   44   44           98           98            0            0            0                47.356      1             6.634
     602   2.354590e+04    1.0000000    0.0000000   2.636719e+00   44   45       105963       105963            0            0            0               960.672      0           691.881
     603   2.354854e+04    1.0000000    0.0000000   2.636719e+00   44   44          109          109            0            0            0                47.434      1             6.634
     604   2.355117e+04    1.0000000    0.0000000   2.636719e+00   44   46       213320       213320            0            0            0              1334.667      0           921.307
     605   2.355381e+04    1.0000000    0.0000000   2.636719e+00   44   44           85           85            0            0            0                48.103      1             6.837
     606   2.355645e+04    1.0000000    0.0000000   2.636719e+00   44   45       106108       106108            0            0            0               947.635      0           679.714
     607   2.355908e+04    1.0000000    0.0000000   2.636719e+00   44   44           98           98            0            0            0                47.946      1             6.469
     608   2.356172e+04    1.0000000    0.0000000   2.636719e+00   44   47       218271       218271            0            0            0              1337.018      0           917.957
     609   2.356436e+04    1.0000000    0.0000000   2.636719e+00   44   44           77           77            0            0            0                47.732      1             7.007
     610   2.356699e+04    1.0000000    0.0000000   2.636719e+00   44   45       105834       105834            0            0            0               950.047      0           684.128
     611   2.356963e+04    1.0000000    0.0000000   2.636719e+00   44   44           87           87            0            0            0                46.516      1             7.439
     612   2.357227e+04    1.0000000    0.0000000   2.636719e+00   44   46       213306       213306            0            0            0              1276.817      0           857.030
     613   2.357490e+04    1.0000000    0.0000000   2.636719e+00   44   44           65           65            0            0            0                47.451      1             7.632
     614   2.357754e+04    1.0000000    0.0000000   2.636719e+00   44   45       106008       106008            0            0            0              1009.557     16           694.464
     615   2.358018e+04    1.0000000    0.0000000   2.636719e+00   44   44           75           75            0            0            0                46.628      1             7.542
     616   2.358281e+04    1.0000000    0.0000000   2.636719e+00   44   48       218271       218271            0            0            0              1291.986      0           868.036
     617   2.358545e+04    1.0000000    0.0000000   2.636719e+00   44   44           56           56            0            0            0                43.739      1             4.656
     618   2.358809e+04    1.0000000    0.0000000   2.636719e+00   44   45       105687       105687            0            0            0               961.359      0           695.052
     619   2.359072e+04    1.0000000    0.0000000   2.636719e+00   44   44           57           57            0            0            0                44.133      1             4.857
     620   2.359336e+04    1.0000000    0.0000000   2.636719e+00   44   46       213239       213239            0            0            0              1347.220      0           934.066
     621   2.359600e+04    1.0000000    0.0000000   2.636719e+00   44   44           35           35            0            0            0                42.754      1             4.555
     622   2.359863e+04    1.0000000    0.0000000   2.636719e+00   44   45       105854       105854            0            0            0               949.503      0           682.698
     623   2.360127e+04    1.0000000    0.0000000   2.636719e+00   44   44           35           35            0            0            0                43.265      1             4.858
     624   2.360391e+04    1.0000000    0.0000000   2.636719e+00   44   47       218271       218271            0            0            0              1246.706      0           819.262
     625   2.360654e+04    1.0000000    0.0000000   2.636719e+00   44   44           23           23            0            0            0                42.922      1             5.136
     626   2.360918e+04    1.0000000    0.0000000   2.636719e+00   44   45       105577       105577            0            0            0               954.212      0           684.383
     627   2.361182e+04    1.0000000    0.0000000   2.636719e+00   44   44           16           16            0            0            0                43.579      1             5.252
     628   2.361445e+04    1.0000000    0.0000000   2.636719e+00   44   46       213249       213249            0            0            0              1288.893      0           873.549
     629   2.361709e+04    1.0000000    0.0000000   2.636719e+00   44   44            6            6            0            0            0                45.132      1             5.535
     630   2.361973e+04    1.0000000    0.0000000   2.636719e+00   44   45       105727       105727            0            0            0               985.122      0           710.182
     631   2.362236e+04    1.0000000    0.0000000   2.636719e+00   44   44            7            7            0            0            0                46.518      1             5.923
     632   2.362500e+04    1.0000000    0.0000000   2.636719e+00   44   52       218271       218271            0            0            0              1259.339      0           830.118
     633   2.363027e+04    1.0000000    0.0000000   5.273438e+00   45   45       105455       105455            0            0            0              1000.528      1           700.695
     634   2.363555e+04    1.0000000    0.0000000   5.273438e+00   45   46       213224       213224            0            0            0              1314.024      1           863.865
     635   2.363818e+04    1.0000000    0.0000000   2.636719e+00   44   44            1            1            0            0            0                94.620     25             4.593
     636   2.364082e+04    1.0000000    0.0000000   2.636719e+00   44   45       105643       105643            0            0            0               963.554      0           695.776
     637   2.364346e+04    1.0000000    0.0000000   2.636719e+00   44   44            3            3            0            0            0                45.373      1             5.868
     638   2.364609e+04    1.0000000    0.0000000   2.636719e+00   44   47       218271       218271            0            0            0              1358.041      0           932.086
     639   2.365137e+04    1.0000000    0.0000000   5.273438e+00   45   45       105395       105395            0            0            0              1005.922      1           703.417
     640   2.365400e+04    1.0000000    0.0000000   2.636719e+00   44   44            1            1            0            0            0                43.260      1             4.703
     641   2.365664e+04    1.0000000    0.0000000   2.636719e+00   44   46       213210       213210            0            0            0              1272.001      0           855.795
     642   2.365928e+04    1.0000000    0.0000000   2.636719e+00   44   44            1            1            0            0            0                44.679      1             4.690
     643   2.366191e+04    1.0000000    0.0000000   2.636719e+00   44   45       105554       105554            0            0            0               963.378      0           697.211
     644   2.366455e+04    1.0000000    0.0000000   2.636719e+00   44   44            4            4            0            0            0                45.336      1             6.182
     645   2.366719e+04    1.0000000    0.0000000   2.636719e+00   44   48       218271       218271            0            0            0              1300.800      0           879.769
     646   2.367246e+04    1.0000000    0.0000000   5.273438e+00   45   45       105314       105314            0            0            0               983.800      1           684.877
     647   2.367773e+04    1.0000000    0.0000000   5.273438e+00   45   46       213186       213186            0            0            0              1411.897      1           959.424
     648   2.368037e+04    1.0000000    0.0000000   2.636719e+00   44   44            2            2            0            0            0                41.771      1             3.135
     649   2.368301e+04    1.0000000    0.0000000   2.636719e+00   44   45       105470       105470            0            0            0               959.733      0           693.201
     650   2.368564e+04    1.0000000    0.0000000   2.636719e+00   44   44            3            3            0            0            0                43.757      1             5.038
     651   2.368828e+04    1.0000000    0.0000000   2.636719e+00   44   47       218271       218271            0            0            0              1261.874      0           824.532
     652   2.369355e+04    1.0000000    0.0000000   5.273438e+00   45   45       105257       105257            0            0            0               991.192      1           690.639
     653   2.369883e+04    1.0000000    0.0000000   5.273438e+00   45   46       213172       213172            0            0            0              1402.943     17           902.279
     654   2.370146e+04    1.0000000    0.0000000   2.636719e+00   44   44            3            3            0            0            0                40.710      1             2.998
     655   2.370410e+04    1.0000000    0.0000000   2.636719e+00   44   45       105375       105375            0            0            0               961.401      0           695.194
     656   2.370674e+04    1.0000000    0.0000000   2.636719e+00   44   44            3            3            0            0            0                40.963      1             2.915
     657   2.370938e+04    1.0000000    0.0000000   2.636719e+00   44   49       218271       218271            0            0            0              1352.476      0           927.221
     658   2.371201e+04    1.0000000    0.0000000   2.636719e+00   44   44            2            2            0            0            0                40.800      1             3.089
     659   2.371465e+04    1.0000000    0.0000000   2.636719e+00   44   45       105207       105207            0            0            0               970.052      0           704.042
     660   2.371729e+04    1.0000000    0.0000000   2.636719e+00   44   44            2            2            0            0            0                41.804      1             3.108
     661   2.371992e+04    1.0000000    0.0000000   2.636719e+00   44   46       213169       213169            0            0            0              1287.558      0           868.757
     662   2.372256e+04    1.0000000    0.0000000   2.636719e+00   44   44            3            3            0            0            0                40.501      1             3.032
     663   2.372520e+04    1.0000000    0.0000000   2.636719e+00   44   45       105263       105263            0            0            0               965.523      0           699.385
     664   2.372783e+04    1.0000000    0.0000000   2.636719e+00   44   44            3            3            0            0            0                41.835      1             3.014
     665   2.373047e+04    1.0000000    0.0000000   2.636719e+00   44   47       218271       218271            0            0            0              1350.947      0           921.067
     666   2.373311e+04    1.0000000    0.0000000   2.636719e+00   44   44            3            3            0            0            0                41.752      1             3.189
     667   2.373574e+04    1.0000000    0.0000000   2.636719e+00   44   45       105172       105172            0            0            0               962.746      0           697.204
     668   2.373838e+04    1.0000000    0.0000000   2.636719e+00   44   44            4            4            0            0            0                41.207      1             3.071
     669   2.374102e+04    1.0000000    0.0000000   2.636719e+00   44   46       213147       213147            0            0            0              1280.712      0           861.117
     670   2.374365e+04    1.0000000    0.0000000   2.636719e+00   44   44            5            5            0            0            0                41.397      1             3.163
     671   2.374629e+04    1.0000000    0.0000000   2.636719e+00   44   45       105287       105287            0            0            0               960.515      0           691.218
     672   2.374893e+04    1.0000000    0.0000000   2.636719e+00   44   44            5            5            0            0            0                40.712      1             3.134
     673   2.375156e+04    1.0000000    0.0000000   2.636719e+00   44   48       218271       218271            0            0            0              1309.103      0           860.137
     674   2.375420e+04    1.0000000    0.0000000   2.636719e+00   44   44            3            3            0            0            0                42.033      1             3.179
     675   2.375684e+04    1.0000000    0.0000000   2.636719e+00   44   45       105222       105222            0            0            0               966.133      0           689.048
     676   2.375947e+04    1.0000000    0.0000000   2.636719e+00   44   44            5            5            0            0            0                92.572     25             3.241
     677   2.376211e+04    1.0000000    0.0000000   2.636719e+00   44   46       213152       213152            0            0            0              1325.353      0           891.638
     678   2.376475e+04    1.0000000    0.0000000   2.636719e+00   44   44            2            2            0            0            0                41.458      1             3.167
     679   2.376738e+04    1.0000000    0.0000000   2.636719e+00   44   45       105356       105356            0            0            0               984.800      0           717.045
     680   2.377002e+04    1.0000000    0.0000000   2.636719e+00   44   44            5            5            0            0            0                42.279      1             3.441
     681   2.377266e+04    1.0000000    0.0000000   2.636719e+00   44   47       218271       218271            0            0            0              1333.605      0           898.353
     682   2.377529e+04    1.0000000    0.0000000   2.636719e+00   44   44            2            2            0            0            0                43.057      1             3.125
     683   2.377793e+04    1.0000000    0.0000000   2.636719e+00   44   45       105291       105291            0            0            0               963.339      0           693.434
     684   2.378057e+04    1.0000000    0.0000000   2.636719e+00   44   44            3            3            0            0            0                41.705      1             3.106
     685   2.378320e+04    1.0000000    0.0000000   2.636719e+00   44   46       213153       213153            0            0            0              1283.653      0           850.356
     686   2.378584e+04    1.0000000    0.0000000   2.636719e+00   44   44            1            1            0            0            0                41.722      1             2.761
     687   2.378848e+04    1.0000000    0.0000000   2.636719e+00   44   45       105398       105398            0            0            0               984.922      0           706.282
     688   2.379111e+04    1.0000000    0.0000000   2.636719e+00   44   44            1            1            0            0            0                42.066      1             2.937
     689   2.379375e+04    1.0000000    0.0000000   2.636719e+00   44   50       218271       218271            0            0            0              1323.333      0           867.041
     690   2.379902e+04    1.0000000    0.0000000   5.273438e+00   45   45       105356       105356            0            0            0              1020.952      1           710.392
     691   2.380430e+04    1.0000000    0.0000000   5.273438e+00   45   46       213145       213145            0            0            0              1375.725      1           916.254
     692   2.380957e+04    1.0000000    0.0000000   5.273438e+00   45   45       105465       105465            0            0            0              1018.333      1           714.031
     693   2.381484e+04    1.0000000    0.0000000   5.273438e+00   45   47       218271       218271            0            0            0              1433.628     17           913.138
     694   2.382012e+04    1.0000000    0.0000000   5.273438e+00   45   45       105458       105458            0            0            0               998.860      1           692.593
     695   2.382539e+04    1.0000000    0.0000000   5.273438e+00   45   46       213116       213116            0            0            0              1339.816      1           869.134
     696   2.383066e+04    1.0000000    0.0000000   5.273438e+00   45   45       105618       105618            0            0            0              1000.355      1           690.587
     697   2.383594e+04    1.0000000    0.0000000   5.273438e+00   45   48       218271       218271            0            0            0              1310.949      1           834.231
     698   2.384121e+04    1.0000000    0.0000000   5.273438e+00   45   45       105642       105642            0            0            0              1019.585      1           709.852
     699   2.384648e+04    1.0000000    0.0000000   5.273438e+00   45   46       213108       213108            0            0            0              1325.650      1           856.394
     700   2.385176e+04    1.0000000    0.0000000   5.273438e+00   45   45       105729       105729            0            0            0              1027.846      1           716.507
     701   2.385703e+04    1.0000000    0.0000000   5.273438e+00   45   47       218271       218271            0            0            0              1316.979      1           831.986
     702   2.386230e+04    1.0000000    0.0000000   5.273438e+00   45   45       105846       105846            0            0            0              1010.528      1           701.634
     703   2.386758e+04    1.0000000    0.0000000   5.273438e+00   45   46       213110       213110            0            0            0              1301.940      1           826.881
     704   2.387285e+04    1.0000000    0.0000000   5.273438e+00   45   45       105939       105939            0            0            0              1012.281      1           703.455
     705   2.387812e+04    1.0000000    0.0000000   5.273438e+00   45   49       218271       218271            0            0            0              1365.826     25           836.464
     706   2.388340e+04    1.0000000    0.0000000   5.273438e+00   45   45       106065       106065            0            0            0              1024.847      1           710.269
     707   2.388867e+04    1.0000000    0.0000000   5.273438e+00   45   46       213107       213107            0            0            0              1391.723      1           915.469
     708   2.389395e+04    1.0000000    0.0000000   5.273438e+00   45   45       106212       106212            0            0            0              1017.768      1           706.759
     709   2.389922e+04    1.0000000    0.0000000   5.273438e+00   45   47       218271       218271            0            0            0              1400.971      1           928.334
     710   2.390449e+04    1.0000000    0.0000000   5.273438e+00   45   45       106203       106203            0            0            0              1003.813      1           694.101
     711   2.390977e+04    1.0000000    0.0000000   5.273438e+00   45   46       213100       213100            0            0            0              1362.138      1           888.912
     712   2.391504e+04    1.0000000    0.0000000   5.273438e+00   45   45       106307       106307            0            0            0              1032.901      1           720.223
     713   2.392031e+04    1.0000000    0.0000000   5.273438e+00   45   48       218271       218271            0            0            0              1420.000      1           941.309
     714   2.392559e+04    1.0000000    0.0000000   5.273438e+00   45   45       106221       106221            0            0            0              1025.855      1           715.475
     715   2.393086e+04    1.0000000    0.0000000   5.273438e+00   45   46       213126       213126            0            0            0              1305.871      1           839.427
     716   2.393613e+04    1.0000000    0.0000000   5.273438e+00   45   45       106368       106368            0            0            0              1073.092     17           712.229
     717   2.394141e+04    1.0000000    0.0000000   5.273438e+00   45   47       218271       218271            0            0            0              1371.886      1           894.394
     718   2.394668e+04    1.0000000    0.0000000   5.273438e+00   45   45       106260       106260            0            0            0              1020.315      1           708.837
     719   2.395195e+04    1.0000000    0.0000000   5.273438e+00   45   46       213122       213122            0            0            0              1369.215      1           894.046
     720   2.395723e+04    1.0000000    0.0000000   5.273438e+00   45   45       106399       106399            0            0            0              1014.234      1           703.468
     721   2.396250e+04    1.0000000    0.0000000   5.273438e+00   45   51       218271       218271            0            0            0              1320.192      1           834.412
     722   2.396777e+04    1.0000000    0.0000000   5.273438e+00   45   45       106338       106338            0            0            0              1003.729      1           694.369
     723   2.397305e+04    1.0000000    0.0000000   5.273438e+00   45   46       213138       213138            0            0            0              1330.419      1           860.898
     724   2.397832e+04    1.0000000    0.0000000   5.273438e+00   45   45       106460       106460            0            0            0              1011.551      1           700.295
     725   2.398359e+04    1.0000000    0.0000000   5.273438e+00   45   47       218271       218271            0            0            0              1350.538      1           862.447
     726   2.398887e+04    1.0000000    0.0000000   5.273438e+00   45   45       106435       106435            0            0            0              1016.560      1           707.563
     727   2.399414e+04    1.0000000    0.0000000   5.273438e+00   45   46       213096       213096            0            0            0              1310.691      1           837.534
     728   2.399941e+04    1.0000000    0.0000000   5.273438e+00   45   45       106587       106587            0            0            0              1083.878     25           724.022
     729   2.400469e+04    1.0000000    0.0000000   5.273438e+00   45   48       218271       218271            0            0            0              1418.525      1           941.977
     730   2.400996e+04    1.0000000    0.0000000   5.273438e+00   45   45       106568       106568            0            0            0              1025.168      1           714.587
     731   2.401523e+04    1.0000000    0.0000000   5.273438e+00   45   46       213107       213107            0            0            0              1391.640      1           920.122
     732   2.402051e+04    1.0000000    0.0000000   5.273438e+00   45   45       106704       106704            0            0            0              1016.484      1           706.638
     733   2.402578e+04    1.0000000    0.0000000   5.273438e+00   45   47       218271       218271            0            0            0              1319.815      1           835.906
     734   2.403105e+04    1.0000000    0.0000000   5.273438e+00   45   45       106743       106743            0            0            0              1027.768      1           715.172
     735   2.403633e+04    1.0000000    0.0000000   5.273438e+00   45   46       213114       213114            0            0            0              1326.594      1           845.940
     736   2.404160e+04    1.0000000    0.0000000   5.273438e+00   45   45       106877       106877            0            0            0              1032.445      1           712.133
     737   2.404688e+04    1.0000000    0.0000000   5.273438e+00   45   49       218271       218271            0            0            0              1355.344      1           868.148
     738   2.405215e+04    1.0000000    0.0000000   5.273438e+00   45   45       106914       106914            0            0            0              1007.284      1           700.166
     739   2.405742e+04    1.0000000    0.0000000   5.273438e+00   45   46       213088       213088            0            0            0              1356.779     17           825.534
     740   2.406270e+04    1.0000000    0.0000000   5.273438e+00   45   45       107106       107106            0            0            0              1030.120      1           723.272
     741   2.406797e+04    1.0000000    0.0000000   5.273438e+00   45   47       218271       218271            0            0            0              1346.750      1           865.553
     742   2.407324e+04    1.0000000    0.0000000   5.273438e+00   45   45       107038       107038            0            0            0              1036.020      1           727.617
     743   2.407852e+04    1.0000000    0.0000000   5.273438e+00   45   46       213106       213106            0            0            0              1307.371      1           830.315
     744   2.408379e+04    1.0000000    0.0000000   5.273438e+00   45   45       107225       107225            0            0            0              1026.677      1           716.148
     745   2.408906e+04    1.0000000    0.0000000   5.273438e+00   45   48       218271       218271            0            0            0              1330.869      1           847.537
     746   2.409434e+04    1.0000000    0.0000000   5.273438e+00   45   45       107165       107165            0            0            0              1014.600      1           704.566
     747   2.409961e+04    1.0000000    0.0000000   5.273438e+00   45   46       213097       213097            0            0            0              1408.563      1           928.764
     748   2.410488e+04    1.0000000    0.0000000   5.273438e+00   45   45       107340       107340            0            0            0              1026.140      1           712.723
     749   2.411016e+04    1.0000000    0.0000000   5.273438e+00   45   47       218271       218271            0            0            0              1381.635      1           891.053
     750   2.411543e+04    1.0000000    0.0000000   5.273438e+00   45   45       107257       107257            0            0            0              1078.434     25           712.670
     751   2.412070e+04    1.0000000    0.0000000   5.273438e+00   45   46       213102       213102            0            0            0              1342.657      1           865.360
     752   2.412598e+04    1.0000000    0.0000000   5.273438e+00   45   45       107418       107418            0            0            0              1025.745      1           712.331
     753   2.413125e+04    1.0000000    0.0000000   5.273438e+00   45   50       218271       218271            0            0            0              1347.634      1           858.031
     754   2.413652e+04    1.0000000    0.0000000   5.273438e+00   45   45       107349       107349            0            0            0              1009.559      1           696.246
     755   2.414180e+04    1.0000000    0.0000000   5.273438e+00   45   46       213094       213094            0            0            0              1399.286      1           936.991
     756   2.414707e+04    1.0000000    0.0000000   5.273438e+00   45   45       107524       107524            0            0            0              1020.155      1           710.237
     757   2.415234e+04    1.0000000    0.0000000   5.273438e+00   45   47       218271       218271            0            0            0              1341.346      1           862.251
     758   2.415762e+04    1.0000000    0.0000000   5.273438e+00   45   45       107462       107462            0            0            0              1004.093      1           694.692
     759   2.416289e+04    1.0000000    0.0000000   5.273438e+00   45   46       213083       213083            0            0            0              1301.099      1           833.908
     760   2.416816e+04    1.0000000    0.0000000   5.273438e+00   45   45       107633       107633            0            0            0              1011.990      1           703.964
     761   2.417344e+04    1.0000000    0.0000000   5.273438e+00   45   48       218271       218271            0            0            0              1324.942      1           847.274
     762   2.417871e+04    1.0000000    0.0000000   5.273438e+00   45   45       107588       107588            0            0            0              1061.740     17           701.336
     763   2.418398e+04    1.0000000    0.0000000   5.273438e+00   45   46       213042       213042            0            0            0              1429.396      1           960.091
     764   2.418926e+04    1.0000000    0.0000000   5.273438e+00   45   45       107775       107775            0            0            0              1016.142      1           707.259
     765   2.419453e+04    1.0000000    0.0000000   5.273438e+00   45   47       218271       218271            0            0            0              1326.399      1           851.827
     766   2.419717e+04    1.0000000    0.0000000   2.636719e+00   44   44            1            1            0            0            0                43.382      1             4.721
     767   2.419980e+04    1.0000000    0.0000000   2.636719e+00   44   45       107730       107730            0            0            0               981.255      0           705.843
     768   2.420244e+04    1.0000000    0.0000000   2.636719e+00   44   44            1            1            0            0            0                44.000      1             4.751
     769   2.420508e+04    1.0000000    0.0000000   2.636719e+00   44   46       213049       213049            0            0            0              1281.454      0           845.586
     770   2.420771e+04    1.0000000    0.0000000   2.636719e+00   44   44            2            2            0            0            0                44.994      1             5.693
     771   2.421035e+04    1.0000000    0.0000000   2.636719e+00   44   45       107892       107892            0            0            0               991.717      0           715.965
     772   2.421299e+04    1.0000000    0.0000000   2.636719e+00   44   44            3            3            0            0            0                45.559      1             5.870
     773   2.421562e+04    1.0000000    0.0000000   2.636719e+00   44   49       218271       218271            0            0            0              1311.366      0           870.407
     774   2.421826e+04    1.0000000    0.0000000   2.636719e+00   44   44            2            2            0            0            0                45.605      1             5.866
     775   2.422090e+04    1.0000000    0.0000000   2.636719e+00   44   45       107832       107832            0            0            0               978.119      0           706.097
     776   2.422354e+04    1.0000000    0.0000000   2.636719e+00   44   44            3            3            0            0            0                45.678      1             6.089
     777   2.422617e+04    1.0000000    0.0000000   2.636719e+00   44   46       213043       213043            0            0            0              1361.530      0           926.108
     778   2.422881e+04    1.0000000    0.0000000   2.636719e+00   44   44            1            1            0            0            0                43.753      1             4.537
     779   2.423145e+04    1.0000000    0.0000000   2.636719e+00   44   45       107957       107957            0            0            0               978.223      0           703.462
     780   2.423408e+04    1.0000000    0.0000000   2.636719e+00   44   44            3            3            0            0            0                44.346      1             5.711
     781   2.423672e+04    1.0000000    0.0000000   2.636719e+00   44   47       218271       218271            0            0            0              1368.206      0           924.905
     782   2.423936e+04    1.0000000    0.0000000   2.636719e+00   44   44            3            3            0            0            0                95.494     25             5.755
     783   2.424199e+04    1.0000000    0.0000000   2.636719e+00   44   45       107951       107951            0            0            0               974.960      0           700.798
     784   2.424463e+04    1.0000000    0.0000000   2.636719e+00   44   44            6            6            0            0            0                48.548      1             7.814
     785   2.424727e+04    1.0000000    0.0000000   2.636719e+00   44   46       213029       213029            0            0            0              1288.825      0           855.221
     786   2.424990e+04    1.0000000    0.0000000   2.636719e+00   44   44            6            6            0            0            0                48.672      1             7.689
     787   2.425254e+04    1.0000000    0.0000000   2.636719e+00   44   45       108115       108115            0            0            0               973.246      0           698.987
     788   2.425518e+04    1.0000000    0.0000000   2.636719e+00   44   44           10           10            0            0            0                47.646      1             7.704
     789   2.425781e+04    1.0000000    0.0000000   2.636719e+00   44   48       218271       218271            0            0            0              1376.345      0           940.122
     790   2.426045e+04    1.0000000    0.0000000   2.636719e+00   44   44            7            7            0            0            0                47.727      1             7.701
     791   2.426309e+04    1.0000000    0.0000000   2.636719e+00   44   45       108028       108028            0            0            0               995.500      0           722.651
     792   2.426572e+04    1.0000000    0.0000000   2.636719e+00   44   44           14           14            0            0            0                48.620      1             7.767
     793   2.426836e+04    1.0000000    0.0000000   2.636719e+00   44   46       213031       213031            0            0            0              1300.833      0           866.600
     794   2.427100e+04    1.0000000    0.0000000   2.636719e+00   44   44           10           10            0            0            0                47.107      1             7.560
     795   2.427363e+04    1.0000000    0.0000000   2.636719e+00   44   45       108151       108151            0            0            0               971.011      0           697.700
     796   2.427627e+04    1.0000000    0.0000000   2.636719e+00   44   44           14           14            0            0            0                47.420      1             7.549
     797   2.427891e+04    1.0000000    0.0000000   2.636719e+00   44   47       218271       218271            0            0            0              1367.337      0           925.134
     798   2.428154e+04    1.0000000    0.0000000   2.636719e+00   44   44           12           12            0            0            0                47.746      1             7.817
     799   2.428418e+04    1.0000000    0.0000000   2.636719e+00   44   45       107890       107890            0            0            0               981.586      0           707.132
     800   2.428682e+04    1.0000000    0.0000000   2.636719e+00   44   44           11           11            0            0            0                48.338      1             7.569
     801   2.428945e+04    1.0000000    0.0000000   2.636719e+00   44   46       213035       213035            0            0            0              1286.126      0           846.505
     802   2.429209e+04    1.0000000    0.0000000   2.636719e+00   44   44            8            8            0            0            0                45.382      1             5.867
     803   2.429473e+04    1.0000000    0.0000000   2.636719e+00   44   45       107996       107996            0            0            0               989.339      0           709.839
     804   2.429736e+04    1.0000000    0.0000000   2.636719e+00   44   44            9            9            0            0            0                45.069      1             5.733
     805   2.430000e+04    1.0000000    0.0000000   2.636719e+00   44   54       218271       218271            0            0            0              1343.265     16           877.796
     806   2.430264e+04    1.0000000    0.0000000   2.636719e+00   44   44            8            8            0            0            0                44.492      1             5.936
     807   2.430527e+04    1.0000000    0.0000000   2.636719e+00   44   45       107731       107731            0            0            0               982.554      0           707.037
     808   2.430791e+04    1.0000000    0.0000000   2.636719e+00   44   44            8            8            0            0            0                45.499      1             6.005
     809   2.431055e+04    1.0000000    0.0000000   2.636719e+00   44   46       213010       213010            0            0            0              1325.781      0           886.957
     810   2.431318e+04    1.0000000    0.0000000   2.636719e+00   44   44            8            8            0            0            0                41.217      1             2.310
     811   2.431582e+04    1.0000000    0.0000000   2.636719e+00   44   45       107840       107840            0            0            0               976.221      0           699.720
     812   2.431846e+04    1.0000000    0.0000000   2.636719e+00   44   44            7            7            0            0            0                41.540      1             2.641
     813   2.432109e+04    1.0000000    0.0000000   2.636719e+00   44   47       218271       218271            0            0            0              1335.025      0           886.460
     814   2.432373e+04    1.0000000    0.0000000   2.636719e+00   44   44            6            6            0            0            0                41.045      1             2.545
     815   2.432637e+04    1.0000000    0.0000000   2.636719e+00   44   45       107572       107572            0            0            0               972.264      0           697.708
     816   2.432900e+04    1.0000000    0.0000000   2.636719e+00   44   44            6            6            0            0            0                40.639      1             2.222
     817   2.433164e+04    1.0000000    0.0000000   2.636719e+00   44   46       212995       212995            0            0            0              1305.202      0           872.634
     818   2.433428e+04    1.0000000    0.0000000   2.636719e+00   44   44            5            5            0            0            0                41.138      1             2.218
     819   2.433691e+04    1.0000000    0.0000000   2.636719e+00   44   45       107659       107659            0            0            0               976.768      0           700.291
     820   2.433955e+04    1.0000000    0.0000000   2.636719e+00   44   44            5            5            0            0            0                40.451      1             2.292
     821   2.434219e+04    1.0000000    0.0000000   2.636719e+00   44   48       218271       218271            0            0            0              1281.957      0           837.132
     822   2.434482e+04    1.0000000    0.0000000   2.636719e+00   44   44            4            4            0            0            0                41.266      1             2.285
     823   2.434746e+04    1.0000000    0.0000000   2.636719e+00   44   45       107417       107417            0            0            0               973.813      0           698.739
     824   2.435010e+04    1.0000000    0.0000000   2.636719e+00   44   44            4            4            0            0            0                41.338      1             2.296
     825   2.435273e+04    1.0000000    0.0000000   2.636719e+00   44   46       212986       212986            0            0            0              1380.906      0           949.163
     826   2.435537e+04    1.0000000    0.0000000   2.636719e+00   44   44            3            3            0            0            0                41.328      1             2.245
     827   2.435801e+04    1.0000000    0.0000000   2.636719e+00   44   45       107482       107482            0            0            0              1037.365     24           710.909
     828   2.436064e+04    1.0000000    0.0000000   2.636719e+00   44   44            2            2            0            0            0                40.434      1             2.269
     829   2.436328e+04    1.0000000    0.0000000   2.636719e+00   44   47       218271       218271            0            0            0              1306.447      0           859.903
     830   2.436592e+04    1.0000000    0.0000000   2.636719e+00   44   44            2            2            0            0            0                39.998      1             2.185
     831   2.436855e+04    1.0000000    0.0000000   2.636719e+00   44   45       107233       107233            0            0            0               991.347      0           720.178
     832   2.437119e+04    1.0000000    0.0000000   2.636719e+00   44   44            1            1            0            0            0                40.475      1             2.408
     833   2.437383e+04    1.0000000    0.0000000   2.636719e+00   44   46       212997       212997            0            0            0              1333.635      0           897.234
     834   2.437910e+04    1.0000000    0.0000000   5.273438e+00   45   45       107257       107257            0            0            0              1015.058      1           707.068
     835   2.438438e+04    1.0000000    0.0000000   5.273438e+00   45   49       218271       218271            0            0            0              1447.327      1           972.019
     836   2.438965e+04    1.0000000    0.0000000   5.273438e+00   45   45       107003       107003            0            0            0              1010.214      1           700.808
     837   2.439492e+04    1.0000000    0.0000000   5.273438e+00   45   46       212975       212975            0            0            0              1436.596      1           970.876
     838   2.440020e+04    1.0000000    0.0000000   5.273438e+00   45   45       107065       107065            0            0            0              1029.341      1           721.777
     839   2.440547e+04    1.0000000    0.0000000   5.273438e+00   45   47       218271       218271            0            0            0              1421.737      1           942.932
     840   2.441074e+04    1.0000000    0.0000000   5.273438e+00   45   45       106832       106832            0            0            0              1005.277      1           690.860
     841   2.441602e+04    1.0000000    0.0000000   5.273438e+00   45   46       212962       212962            0            0            0              1461.196     17           931.781
     842   2.442129e+04    1.0000000    0.0000000   5.273438e+00   45   45       106902       106902            0            0            0              1019.257      1           714.930
     843   2.442656e+04    1.0000000    0.0000000   5.273438e+00   45   48       218271       218271            0            0            0              1337.499      1           852.591
     844   2.443184e+04    1.0000000    0.0000000   5.273438e+00   45   45       106656       106656            0            0            0              1020.053      1           713.850
     845   2.443711e+04    1.0000000    0.0000000   5.273438e+00   45   46       212963       212963            0            0            0              1342.496      1           873.642
     846   2.444238e+04    1.0000000    0.0000000   5.273438e+00   45   45       106733       106733            0            0            0              1018.474      1           710.307
     847   2.444766e+04    1.0000000    0.0000000   5.273438e+00   45   47       218271       218271            0            0            0              1428.765      1           955.782
     848   2.445293e+04    1.0000000    0.0000000   5.273438e+00   45   45       106532       106532            0            0            0              1022.715      1           716.545
     849   2.445820e+04    1.0000000    0.0000000   5.273438e+00   45   46       212932       212932            0            0            0              1379.658      1           916.183
     850   2.446348e+04    1.0000000    0.0000000   5.273438e+00   45   45       106543       106543            0            0            0              1032.475      1           724.527
     851   2.446875e+04    1.0000000    0.0000000   5.273438e+00   45   50       218271       218271            0            0            0              1356.655      1           884.569
     852   2.447402e+04    1.0000000    0.0000000   5.273438e+00   45   45       106428       106428            0            0            0              1010.491      1           705.175
     853   2.447930e+04    1.0000000    0.0000000   5.273438e+00   45   46       212930       212930            0            0            0              1402.217     25           881.771
     854   2.448457e+04    1.0000000    0.0000000   5.273438e+00   45   45       106473       106473            0            0            0              1017.452      1           711.386
     855   2.448984e+04    1.0000000    0.0000000   5.273438e+00   45   47       218271       218271            0            0            0              1340.222      1           855.298
     856   2.449512e+04    1.0000000    0.0000000   5.273438e+00   45   45       106347       106347            0            0            0              1031.052      1           719.207
     857   2.450039e+04    1.0000000    0.0000000   5.273438e+00   45   46       212907       212907            0            0            0              1309.092      1           844.914
     858   2.450566e+04    1.0000000    0.0000000   5.273438e+00   45   45       106412       106412            0            0            0              1023.527      1           717.401
     859   2.451094e+04    1.0000000    0.0000000   5.273438e+00   45   48       218271       218271            0            0            0              1325.391      1           857.059
     860   2.451621e+04    1.0000000    0.0000000   5.273438e+00   45   45       106342       106342            0            0            0              1004.709      1           701.208
     861   2.452148e+04    1.0000000    0.0000000   5.273438e+00   45   46       212885       212885            0            0            0              1378.313      1           926.454
     862   2.452676e+04    1.0000000    0.0000000   5.273438e+00   45   45       106395       106395            0            0            0              1003.402      1           696.693
     863   2.453203e+04    1.0000000    0.0000000   5.273438e+00   45   47       218271       218271            0            0            0              1351.237      1           877.330
     864   2.453730e+04    1.0000000    0.0000000   5.273438e+00   45   45       106346       106346            0            0            0              1062.275     17           705.375
     865   2.454258e+04    1.0000000    0.0000000   5.273438e+00   45   46       212834       212834            0            0            0              1333.525      1           869.782
     866   2.454785e+04    1.0000000    0.0000000   5.273438e+00   45   45       106397       106397            0            0            0              1018.277      1           711.482
     867   2.455312e+04    1.0000000    0.0000000   5.273438e+00   45   49       218271       218271            0            0            0              1329.101      1           864.201
     868   2.455840e+04    1.0000000    0.0000000   5.273438e+00   45   45       106384       106384            0            0            0              1027.637      1           719.825
     869   2.456367e+04    1.0000000    0.0000000   5.273438e+00   45   46       212830       212830            0            0            0              1411.818      1           951.285
     870   2.456895e+04    1.0000000    0.0000000   5.273438e+00   45   45       106494       106494            0            0            0              1000.311      1           695.163
     871   2.457422e+04    1.0000000    0.0000000   5.273438e+00   45   47       218271       218271            0            0            0              1381.906      1           920.528
     872   2.457949e+04    1.0000000    0.0000000   5.273438e+00   45   45       106481       106481            0            0            0              1014.893      1           707.763
     873   2.458477e+04    1.0000000    0.0000000   5.273438e+00   45   46       212814       212814            0            0            0              1380.191      1           921.937
     874   2.459004e+04    1.0000000    0.0000000   5.273438e+00   45   45       106583       106583            0            0            0              1002.893      1           698.057
     875   2.459531e+04    1.0000000    0.0000000   5.273438e+00   45   48       218271       218271            0            0            0              1390.047     25           869.873
     876   2.460059e+04    1.0000000    0.0000000   5.273438e+00   45   45       106621       106621            0            0            0              1023.567      1           717.760
     877   2.460586e+04    1.0000000    0.0000000   5.273438e+00   45   46       212808       212808            0            0            0              1314.399      1           853.472
     878   2.461113e+04    1.0000000    0.0000000   5.273438e+00   45   45       106726       106726            0            0            0              1008.629      1           703.974
     879   2.461641e+04    1.0000000    0.0000000   5.273438e+00   45   47       218271       218271            0            0            0              1338.445      1           868.110
     880   2.462168e+04    1.0000000    0.0000000   5.273438e+00   45   45       106798       106798            0            0            0              1014.835      1           709.838
     881   2.462695e+04    1.0000000    0.0000000   5.273438e+00   45   46       212828       212828            0            0            0              1321.475      1           862.760
     882   2.463223e+04    1.0000000    0.0000000   5.273438e+00   45   45       106928       106928            0            0            0              1026.846      1           719.636
     883   2.463750e+04    1.0000000    0.0000000   5.273438e+00   45   51       218271       218271            0            0            0              1317.561      1           843.946
     884   2.464277e+04    1.0000000    0.0000000   5.273438e+00   45   45       106776       106776            0            0            0              1015.181      1           709.811
     885   2.464805e+04    1.0000000    0.0000000   5.273438e+00   45   46       212831       212831            0            0            0              1379.929      1           911.407
     886   2.465068e+04    1.0000000    0.0000000   2.636719e+00   44   44            1            1            0            0            0                42.977      1             4.397
     887   2.465332e+04    1.0000000    0.0000000   2.636719e+00   44   45       106910       106910            0            0            0               989.214      0           719.052
     888   2.465596e+04    1.0000000    0.0000000   2.636719e+00   44   44            2            2            0            0            0                44.540      1             4.660
     889   2.465859e+04    1.0000000    0.0000000   2.636719e+00   44   47       218271       218271            0            0            0              1457.340     16           904.283
     890   2.466123e+04    1.0000000    0.0000000   2.636719e+00   44   44            1            1            0            0            0                47.100      1             4.864
     891   2.466387e+04    1.0000000    0.0000000   2.636719e+00   44   45       106722       106722            0            0            0              1038.354      0           739.530
     892   2.466650e+04    1.0000000    0.0000000   2.636719e+00   44   44            1            1            0            0            0                44.456      1             4.959
     893   2.466914e+04    1.0000000    0.0000000   2.636719e+00   44   46       212827       212827            0            0            0              1438.154      0           921.965
     894   2.467178e+04    1.0000000    0.0000000   2.636719e+00   44   44            2            2            0            0            0                47.691      1             5.173
     895   2.467441e+04    1.0000000    0.0000000   2.636719e+00   44   45       106710       106710            0            0            0              1036.600      0           721.088
     896   2.467705e+04    1.0000000    0.0000000   2.636719e+00   44   44            1            1            0            0            0                49.502      1             5.167
     897   2.467969e+04    1.0000000    0.0000000   2.636719e+00   44   48       218271       218271            0            0            0              1523.362      0          1009.964
     898   2.468496e+04    1.0000000    0.0000000   5.273438e+00   45   45       106493       106493            0            0            0              1109.213      1           739.332
     899   2.469023e+04    1.0000000    0.0000000   5.273438e+00   45   46       212809       212809            0            0            0              1504.134      1           943.111
     900   2.469551e+04    1.0000000    0.0000000   5.273438e+00   45   45       106521       106521            0            0            0              1122.229      1           757.713
     901   2.470078e+04    1.0000000    0.0000000   5.273438e+00   45   47       218271       218271            0            0            0              1523.436      1           924.746
     902   2.470605e+04    1.0000000    0.0000000   5.273438e+00   45   45       106318       106318            0            0            0              1127.614      1           775.032
     903   2.471133e+04    1.0000000    0.0000000   5.273438e+00   45   46       212791       212791            0            0            0              1485.303      1           918.785
     904   2.471660e+04    1.0000000    0.0000000   5.273438e+00   45   45       106453       106453            0            0            0              1164.314     25           757.030
     905   2.472188e+04    1.0000000    0.0000000   5.273438e+00   45   49       218271       218271            0            0            0              1520.789      1           953.630
     906   2.472451e+04    1.0000000    0.0000000   2.636719e+00   44   44            1            1            0            0            0                47.106      1             5.101
     907   2.472715e+04    1.0000000    0.0000000   2.636719e+00   44   45       106108       106108            0            0            0              1091.963      0           768.152
     908   2.472979e+04    1.0000000    0.0000000   2.636719e+00   44   44            1            1            0            0            0                46.204      1             4.994
     909   2.473242e+04    1.0000000    0.0000000   2.636719e+00   44   46       212765       212765            0            0            0              1462.035      0           936.138
     910   2.473506e+04    1.0000000    0.0000000   2.636719e+00   44   44            3            3            0            0            0                48.170      1             5.212
     911   2.473770e+04    1.0000000    0.0000000   2.636719e+00   44   45       106277       106277            0            0            0              1116.962      0           783.847
     912   2.474033e+04    1.0000000    0.0000000   2.636719e+00   44   44            4            4            0            0            0                46.467      1             4.623
     913   2.474297e+04    1.0000000    0.0000000   2.636719e+00   44   47       218271       218271            0            0            0              1517.680      0           988.254
     914   2.474561e+04    1.0000000    0.0000000   2.636719e+00   44   44            6            6            0            0            0                44.738      1             4.809
     915   2.474824e+04    1.0000000    0.0000000   2.636719e+00   44   45       105988       105988            0            0            0              1048.190      0           741.970
     916   2.475088e+04    1.0000000    0.0000000   2.636719e+00   44   44            6            6            0            0            0                45.318      1             4.591
     917   2.475352e+04    1.0000000    0.0000000   2.636719e+00   44   46       212784       212784            0            0            0              1480.347      0           971.160
     918   2.475615e+04    1.0000000    0.0000000   2.636719e+00   44   44            7            7            0            0            0                46.546      1             5.224
     919   2.475879e+04    1.0000000    0.0000000   2.636719e+00   44   45       106011       106011            0            0            0              1103.973      0           790.049
     920   2.476143e+04    1.0000000    0.0000000   2.636719e+00   44   44            7            7            0            0            0               313.523      1             7.318
     921   2.476406e+04    1.0000000    0.0000000   2.636719e+00   44   48       218271       218271            0            0            0              1511.355      0           950.135
     922   2.476670e+04    1.0000000    0.0000000   2.636719e+00   44   44            8            8            0            0            0                53.519      1             5.438
     923   2.476934e+04    1.0000000    0.0000000   2.636719e+00   44   45       105865       105865            0            0            0              1081.748      0           755.380
     924   2.477197e+04    1.0000000    0.0000000   2.636719e+00   44   44           10           10            0            0            0                46.235      1             4.962
     925   2.477461e+04    1.0000000    0.0000000   2.636719e+00   44   46       212760       212760            0            0            0              1514.130      0           964.425
     926   2.477725e+04    1.0000000    0.0000000   2.636719e+00   44   44           14           14            0            0            0                46.111      1             4.817
     927   2.477988e+04    1.0000000    0.0000000   2.636719e+00   44   45       105911       105911            0            0            0              1180.710     16           776.475
     928   2.478252e+04    1.0000000    0.0000000   2.636719e+00   44   44           14           14            0            0            0                50.193      1             7.585
     929   2.478516e+04    1.0000000    0.0000000   2.636719e+00   44   47       218271       218271            0            0            0              1635.050      0          1058.611
     930   2.478779e+04    1.0000000    0.0000000   2.636719e+00   44   44           14           14            0            0            0                50.536      1             7.661
     931   2.479043e+04    1.0000000    0.0000000   2.636719e+00   44   45       105793       105793            0            0            0              1086.229      0           759.957
     932   2.479307e+04    1.0000000    0.0000000   2.636719e+00   44   44           11           11            0            0            0                55.423      1             7.865
     933   2.479570e+04    1.0000000    0.0000000   2.636719e+00   44   46       212758       212758            0            0            0              1502.943      0           931.017
     934   2.479834e+04    1.0000000    0.0000000   2.636719e+00   44   44           13           13            0            0            0                49.678      1             7.569
     935   2.480098e+04    1.0000000    0.0000000   2.636719e+00   44   45       105849       105849            0            0            0              1128.466      0           795.315
     936   2.480361e+04    1.0000000    0.0000000   2.636719e+00   44   44           11           11            0            0            0                57.126      1             8.663
     937   2.480625e+04    1.0000000    0.0000000   2.636719e+00   44   50       218271       218271            0            0            0              1556.223      0           963.162
     938   2.480889e+04    1.0000000    0.0000000   2.636719e+00   44   44            9            9            0            0            0                69.588      1            12.969
     939   2.481152e+04    1.0000000    0.0000000   2.636719e+00   44   45       105752       105752            0            0            0              1093.626      0           762.170
     940   2.481416e+04    1.0000000    0.0000000   2.636719e+00   44   44            5            5            0            0            0                51.242      1             7.221
     941   2.481680e+04    1.0000000    0.0000000   2.636719e+00   44   46       212745       212745            0            0            0              1563.226      0           961.142
     942   2.481943e+04    1.0000000    0.0000000   2.636719e+00   44   44            4            4            0            0            0                48.915      1             5.320
     943   2.482207e+04    1.0000000    0.0000000   2.636719e+00   44   45       105831       105831            0            0            0              1079.725      0           760.948
     944   2.482471e+04    1.0000000    0.0000000   2.636719e+00   44   44            4            4            0            0            0                45.382      1             4.878
     945   2.482734e+04    1.0000000    0.0000000   2.636719e+00   44   47       218271       218271            0            0            0              1476.086      0           957.660
     946   2.482998e+04    1.0000000    0.0000000   2.636719e+00   44   44            4            4            0            0            0                44.894      1             4.923
     947   2.483262e+04    1.0000000    0.0000000   2.636719e+00   44   45       105692       105692            0            0            0              1101.485      0           778.678
     948   2.483525e+04    1.0000000    0.0000000   2.636719e+00   44   44            5            5            0            0            0                46.593      1             4.823
     949   2.483789e+04    1.0000000    0.0000000   2.636719e+00   44   46       212730       212730            0            0            0              1604.466     24           964.946
     950   2.484053e+04    1.0000000    0.0000000   2.636719e+00   44   44            4            4            0            0            0                48.192      1             5.265
     951   2.484316e+04    1.0000000    0.0000000   2.636719e+00   44   45       105785       105785            0            0            0              1119.053      0           792.731
     952   2.484580e+04    1.0000000    0.0000000   2.636719e+00   44   44            5            5            0            0            0                48.655      1             5.136
     953   2.484844e+04    1.0000000    0.0000000   2.636719e+00   44   48       218271       218271            0            0            0              1530.401      0           941.457
     954   2.485107e+04    1.0000000    0.0000000   2.636719e+00   44   44            4            4            0            0            0                48.040      1             5.011
     955   2.485371e+04    1.0000000    0.0000000   2.636719e+00   44   45       105496       105496            0            0            0              1126.853      0           799.110
     956   2.485635e+04    1.0000000    0.0000000   2.636719e+00   44   44            4            4            0            0            0                48.852      1             5.225
     957   2.485898e+04    1.0000000    0.0000000   2.636719e+00   44   46       212725       212725            0            0            0              1551.627      0           990.804
     958   2.486162e+04    1.0000000    0.0000000   2.636719e+00   44   44            3            3            0            0            0                47.369      1             4.992
     959   2.486426e+04    1.0000000    0.0000000   2.636719e+00   44   45       105573       105573            0            0            0              1082.083      0           761.856
     960   2.486689e+04    1.0000000    0.0000000   2.636719e+00   44   44            4            4            0            0            0                47.919      1             5.233
     961   2.486953e+04    1.0000000    0.0000000   2.636719e+00   44   47       218271       218271            0            0            0              1516.007      0           952.792
     962   2.487217e+04    1.0000000    0.0000000   2.636719e+00   44   44            3            3            0            0            0                45.976      1             4.915
     963   2.487480e+04    1.0000000    0.0000000   2.636719e+00   44   45       105290       105290            0            0            0              1073.982      0           753.931
     964   2.487744e+04    1.0000000    0.0000000   2.636719e+00   44   44            3            3            0            0            0                49.862      1             5.326
     965   2.488008e+04    1.0000000    0.0000000   2.636719e+00   44   46       212722       212722            0            0            0              1609.091      0          1054.060
     966   2.488271e+04    1.0000000    0.0000000   2.636719e+00   44   44            1            1            0            0            0                47.254      1             5.123
     967   2.488535e+04    1.0000000    0.0000000   2.636719e+00   44   45       105379       105379            0            0            0              1111.246      0           788.137
     968   2.488799e+04    1.0000000    0.0000000   2.636719e+00   44   44            2            2            0            0            0                48.862      1             4.997
     969   2.489062e+04    1.0000000    0.0000000   2.636719e+00   44   49       218271       218271            0            0            0              1512.465      0           944.764
     970   2.489590e+04    1.0000000    0.0000000   5.273438e+00   45   45       105137       105137            0            0            0              1091.224      1           747.556
     971   2.489854e+04    1.0000000    0.0000000   2.636719e+00   44   44            2            2            0            0            0               100.054     17             4.896
     972   2.490117e+04    1.0000000    0.0000000   2.636719e+00   44   46       212719       212719            0            0            0              1493.777      0           959.635
     973   2.490645e+04    1.0000000    0.0000000   5.273438e+00   45   45       105253       105253            0            0            0              1128.515      1           770.956
     974   2.490908e+04    1.0000000    0.0000000   2.636719e+00   44   44            1            1            0            0            0                47.270      1             6.010
     975   2.491172e+04    1.0000000    0.0000000   2.636719e+00   44   47       218271       218271            0            0            0              1536.802      0           947.697
     976   2.491699e+04    1.0000000    0.0000000   5.273438e+00   45   45       105049       105049            0            0            0              1146.408      1           789.578
     977   2.491963e+04    1.0000000    0.0000000   2.636719e+00   44   44            1            1            0            0            0                47.167      1             5.023
     978   2.492227e+04    1.0000000    0.0000000   2.636719e+00   44   46       212719       212719            0            0            0              1575.775      0          1001.721
     979   2.492754e+04    1.0000000    0.0000000   5.273438e+00   45   45       105156       105156            0            0            0              1133.204      1           760.696
     980   2.493281e+04    1.0000000    0.0000000   5.273438e+00   45   48       218271       218271            0            0            0              1616.230      1           984.141
     981   2.493809e+04    1.0000000    0.0000000   5.273438e+00   45   45       105041       105041            0            0            0              1147.766      1           779.907
     982   2.494336e+04    1.0000000    0.0000000   5.273438e+00   45   46       212689       212689            0            0            0              1636.453      1          1027.970
     983   2.494863e+04    1.0000000    0.0000000   5.273438e+00   45   45       105176       105176            0            0            0              1129.747      1           764.792
     984   2.495391e+04    1.0000000    0.0000000   5.273438e+00   45   47       218271       218271            0            0            0              1621.846      1           990.877
     985   2.495918e+04    1.0000000    0.0000000   5.273438e+00   45   45       105089       105089            0            0            0              1243.500     25           775.529
     986   2.496445e+04    1.0000000    0.0000000   5.273438e+00   45   46       212683       212683            0            0            0              1654.125      1          1002.380
     987   2.496973e+04    1.0000000    0.0000000   5.273438e+00   45   45       105285       105285            0            0            0              1132.225      1           771.221
     988   2.497500e+04    1.0000000    0.0000000   5.273438e+00   45   52       218271       218271            0            0            0              1576.218      1           970.335
     989   2.498027e+04    1.0000000    0.0000000   5.273438e+00   45   45       105259       105259            0            0            0              1132.313      1           779.448
     990   2.498555e+04    1.0000000    0.0000000   5.273438e+00   45   46       212684       212684            0            0            0              1635.336      1          1032.822
     991   2.499082e+04    1.0000000    0.0000000   5.273438e+00   45   45       105467       105467            0            0            0              1177.365      1           814.070
     992   2.499609e+04    1.0000000    0.0000000   5.273438e+00   45   47       218271       218271            0            0            0              1712.727      1          1088.419
     993   2.500137e+04    1.0000000    0.0000000   5.273438e+00   45   45       105458       105458            0            0            0              1195.941      1           825.918
     994   2.500664e+04    1.0000000    0.0000000   5.273438e+00   45   46       212693       212693            0            0            0              1592.523      1           985.338
     995   2.501191e+04    1.0000000    0.0000000   5.273438e+00   45   45       105697       105697            0            0            0              1181.523      1           820.576
     996   2.501719e+04    1.0000000    0.0000000   5.273438e+00   45   48       218271       218271            0            0            0              1636.096     17           963.937
     997   2.502246e+04    1.0000000    0.0000000   5.273438e+00   45   45       105515       105515            0            0            0              1150.914      1           790.049
     998   2.502773e+04    1.0000000    0.0000000   5.273438e+00   45   46       212666       212666            0            0            0              1617.072      1          1008.290
     999   2.503301e+04    1.0000000    0.0000000   5.273438e+00   45   45       105733       105733            0            0            0              1179.343      1           811.442
    1000   2.503828e+04    1.0000000    0.0000000   5.273438e+00   45   47       218271       218271            0            0            0              1589.451      1           973.311
    1001   2.504355e+04    1.0000000    0.0000000   5.273438e+00   45   45       105632       105632            0            0            0              1145.832      1           771.010
    1002   2.504883e+04    1.0000000    0.0000000   5.273438e+00   45   46       212643       212643            0            0            0              1523.474      1           938.709
    1003   2.505410e+04    1.0000000    0.0000000   5.273438e+00   45   45       105877       105877            0            0            0              1168.869      1           803.059
    1004   2.505938e+04    1.0000000    0.0000000   5.273438e+00   45   49       218271       218271            0            0            0              1682.031      1           989.004
    1005   2.506465e+04    1.0000000    0.0000000   5.273438e+00   45   45       105751       105751            0            0            0              1178.719      1           792.041
    1006   2.506992e+04    1.0000000    0.0000000   5.273438e+00   45   46       212636       212636            0            0            0              1642.547      1          1023.705
    1007   2.507520e+04    1.0000000    0.0000000   5.273438e+00   45   45       106002       106002            0            0            0              1224.809     25           798.208
    1008   2.508047e+04    1.0000000    0.0000000   5.273438e+00   45   47       218271       218271            0            0            0              1722.664      1          1073.220
    1009   2.508574e+04    1.0000000    0.0000000   5.273438e+00   45   45       105949       105949            0            0            0              1170.032      1           808.845
    1010   2.509102e+04    1.0000000    0.0000000   5.273438e+00   45   46       212679       212679            0            0            0              1634.359      1          1004.279
    1011   2.509629e+04    1.0000000    0.0000000   5.273438e+00   45   45       106194       106194            0            0            0              1200.276      1           827.668
    1012   2.510156e+04    1.0000000    0.0000000   5.273438e+00   45   48       218271       218271            0            0            0              1651.493      1           985.891
    1013   2.510684e+04    1.0000000    0.0000000   5.273438e+00   45   45       106167       106167            0            0            0              1209.022      1           819.686
    1014   2.511211e+04    1.0000000    0.0000000   5.273438e+00   45   46       212659       212659            0            0            0              1716.629      1          1051.315
    1015   2.511738e+04    1.0000000    0.0000000   5.273438e+00   45   45       106438       106438            0            0            0              1271.139      1           857.904
    1016   2.512266e+04    1.0000000    0.0000000   5.273438e+00   45   47       218271       218271            0            0            0              1602.676      1           997.970
    1017   2.512793e+04    1.0000000    0.0000000   5.273438e+00   45   45       106263       106263            0            0            0              1125.505      1           768.888
    1018   2.513320e+04    1.0000000    0.0000000   5.273438e+00   45   46       212656       212656            0            0            0              1626.421      1          1007.567
    1019   2.513848e+04    1.0000000    0.0000000   5.273438e+00   45   45       106554       106554            0            0            0              1249.722     17           807.591
    1020   2.514375e+04    1.0000000    0.0000000   5.273438e+00   45   50       218271       218271            0            0            0              1686.404      1          1032.678
    1021   2.514902e+04    1.0000000    0.0000000   5.273438e+00   45   45       106337       106337            0            0            0              1229.510      1           848.441
    1022   2.515430e+04    1.0000000    0.0000000   5.273438e+00   45   46       212676       212676            0            0            0              1675.167      1          1044.247
    1023   2.515957e+04    1.0000000    0.0000000   5.273438e+00   45   45       106634       106634            0            0            0              1208.749      1           837.527
    1024   2.516484e+04    1.0000000    0.0000000   5.273438e+00   45   47       218271       218271            0            0            0              1737.540      1          1093.543
    1025   2.517012e+04    1.0000000    0.0000000   5.273438e+00   45   45       106462       106462            0            0            0              1209.476      1           831.104
    1026   2.517539e+04    1.0000000    0.0000000   5.273438e+00   45   46       212661       212661            0            0            0              1728.027      1          1110.805
    1027   2.518066e+04    1.0000000    0.0000000   5.273438e+00   45   45       106786       106786            0            0            0              1214.726      1           846.811
    1028   2.518594e+04    1.0000000    0.0000000   5.273438e+00   45   48       218271       218271            0            0            0              1626.592      1          1008.810
    1029   2.519121e+04    1.0000000    0.0000000   5.273438e+00   45   45       106475       106475            0            0            0              1202.694      1           827.746
    1030   2.519648e+04    1.0000000    0.0000000   5.273438e+00   45   46       212677       212677            0            0            0              1642.553     25           990.198
    1031   2.520176e+04    1.0000000    0.0000000   5.273438e+00   45   45       106802       106802            0            0            0              1188.087      1           815.366
    1032   2.520703e+04    1.0000000    0.0000000   5.273438e+00   45   47       218271       218271            0            0            0              1641.483      1           996.817
    1033   2.521230e+04    1.0000000    0.0000000   5.273438e+00   45   45       106547       106547            0            0            0              1203.060      1           825.605
    1034   2.521758e+04    1.0000000    0.0000000   5.273438e+00   45   46       212670       212670            0            0            0              1650.812      1          1019.819
    1035   2.522285e+04    1.0000000    0.0000000   5.273438e+00   45   45       106882       106882            0            0            0              1173.895      1           799.545
    1036   2.522812e+04    1.0000000    0.0000000   5.273438e+00   45   49       218271       218271            0            0            0              1704.734      1          1064.109
    1037   2.523340e+04    1.0000000    0.0000000   5.273438e+00   45   45       106697       106697            0            0            0              1194.776      1           821.033
    1038   2.523867e+04    1.0000000    0.0000000   5.273438e+00   45   46       212711       212711            0            0            0              1653.693      1          1054.513
    1039   2.524395e+04    1.0000000    0.0000000   5.273438e+00   45   45       107022       107022            0            0            0              1237.900      1           854.998
    1040   2.524922e+04    1.0000000    0.0000000   5.273438e+00   45   47       218271       218271            0            0            0              1732.083      1          1101.647
    1041   2.525449e+04    1.0000000    0.0000000   5.273438e+00   45   45       106915       106915            0            0            0              1214.268      1           830.533
    1042   2.525977e+04    1.0000000    0.0000000   5.273438e+00   45   46       212717       212717            0            0            0              1852.945     17          1064.961
    1043   2.526240e+04    1.0000000    0.0000000   2.636719e+00   44   44            3            3            0            0            0                53.967      1             6.461
    1044   2.526504e+04    1.0000000    0.0000000   2.636719e+00   44   45       107298       107298            0            0            0              1218.126      0           857.536
    1045   2.526768e+04    1.0000000    0.0000000   2.636719e+00   44   44            6            6            0            0            0                50.841      1             6.201
    1046   2.527031e+04    1.0000000    0.0000000   2.636719e+00   44   48       218271       218271            0            0            0              1661.436      0          1080.001
    1047   2.527295e+04    1.0000000    0.0000000   2.636719e+00   44   44            9            9            0            0            0                47.753      1             4.903
    1048   2.527559e+04    1.0000000    0.0000000   2.636719e+00   44   45       107143       107143            0            0            0              1118.421      0           793.069
    1049   2.527822e+04    1.0000000    0.0000000   2.636719e+00   44   44           12           12            0            0            0                50.507      1             6.325
    1050   2.528086e+04    1.0000000    0.0000000   2.636719e+00   44   46       212743       212743            0            0            0              1702.841      0          1109.654
    1051   2.528350e+04    1.0000000    0.0000000   2.636719e+00   44   44           19           19            0            0            0                56.805      1             6.686
    1052   2.528613e+04    1.0000000    0.0000000   2.636719e+00   44   45       107399       107399            0            0            0              1197.503      0           825.826
    1053   2.528877e+04    1.0000000    0.0000000   2.636719e+00   44   44           27           27            0            0            0                53.872      1             6.683
    1054   2.529141e+04    1.0000000    0.0000000   2.636719e+00   44   47       218271       218271            0            0            0              1791.601      0          1173.782
    1055   2.529404e+04    1.0000000    0.0000000   2.636719e+00   44   44           18           18            0            0            0                53.073      1             6.932
    1056   2.529668e+04    1.0000000    0.0000000   2.636719e+00   44   45       107231       107231            0            0            0              1205.974      0           858.964
    1057   2.529932e+04    1.0000000    0.0000000   2.636719e+00   44   44           25           25            0            0            0                51.962      1             6.567
    1058   2.530195e+04    1.0000000    0.0000000   2.636719e+00   44   46       212777       212777            0            0            0              1644.103      0          1046.212
    1059   2.530459e+04    1.0000000    0.0000000   2.636719e+00   44   44           37           37            0            0            0                51.862      1             6.449
    1060   2.530723e+04    1.0000000    0.0000000   2.636719e+00   44   45       107388       107388            0            0            0              1174.964      0           831.977
    1061   2.530986e+04    1.0000000    0.0000000   2.636719e+00   44   44           47           47            0            0            0                53.028      1             6.932
    1062   2.531250e+04    1.0000000    0.0000000   2.636719e+00   44   51       218271       218271            0            0            0              1691.288      0          1075.105
    1063   2.531514e+04    1.0000000    0.0000000   2.636719e+00   44   44           24           24            0            0            0                52.860      1             6.402
    1064   2.531777e+04    1.0000000    0.0000000   2.636719e+00   44   45       107237       107237            0            0            0              1239.570     24           829.287
    1065   2.532041e+04    1.0000000    0.0000000   2.636719e+00   44   44           38           38            0            0            0                52.954      1             6.596
    1066   2.532305e+04    1.0000000    0.0000000   2.636719e+00   44   46       212795       212795            0            0            0              1639.770      0          1038.756
    1067   2.532568e+04    1.0000000    0.0000000   2.636719e+00   44   44           28           28            0            0            0                51.975      1             6.463
    1068   2.532832e+04    1.0000000    0.0000000   2.636719e+00   44   45       107324       107324            0            0            0              1169.088      0           820.793
    1069   2.533096e+04    1.0000000    0.0000000   2.636719e+00   44   44           51           51            0            0            0                52.179      1             6.390
    1070   2.533359e+04    1.0000000    0.0000000   2.636719e+00   44   47       218271       218271            0            0            0              1724.826      0          1125.096
    1071   2.533623e+04    1.0000000    0.0000000   2.636719e+00   44   44           40           40            0            0            0                51.115      1             6.611
    1072   2.533887e+04    1.0000000    0.0000000   2.636719e+00   44   45       107269       107269            0            0            0              1161.183      0           831.458
    1073   2.534150e+04    1.0000000    0.0000000   2.636719e+00   44   44           57           57            0            0            0                50.733      1             6.494
    1074   2.534414e+04    1.0000000    0.0000000   2.636719e+00   44   46       212786       212786            0            0            0              1521.230      0           960.379
    1075   2.534678e+04    1.0000000    0.0000000   2.636719e+00   44   44           45           45            0            0            0                67.205      1            22.185
    1076   2.534941e+04    1.0000000    0.0000000   2.636719e+00   44   45       107365       107365            0            0            0              1174.242      0           845.724
    1077   2.535205e+04    1.0000000    0.0000000   2.636719e+00   44   44           65           65            0            0            0               105.272      1            31.465
    1078   2.535469e+04    1.0000000    0.0000000   2.636719e+00   44   48       218271       218271            0            0            0              1610.133      0          1004.195
    1079   2.535732e+04    1.0000000    0.0000000   2.636719e+00   44   44           51           51            0            0            0                74.731      1            22.656
    1080   2.535996e+04    1.0000000    0.0000000   2.636719e+00   44   45       107318       107318            0            0            0              1154.564      0           820.283
    1081   2.536260e+04    1.0000000    0.0000000   2.636719e+00   44   44           74           74            0            0            0                74.443      1            23.500
    1082   2.536523e+04    1.0000000    0.0000000   2.636719e+00   44   46       212797       212797            0            0            0              1608.326      0          1031.506
    1083   2.536787e+04    1.0000000    0.0000000   2.636719e+00   44   44           60           60            0            0            0                73.610      1            23.612
    1084   2.537051e+04    1.0000000    0.0000000   2.636719e+00   44   45       107331       107331            0            0            0              1180.820      0           833.391
    1085   2.537314e+04    1.0000000    0.0000000   2.636719e+00   44   44           80           80            0            0            0                73.180      1            23.664
    1086   2.537578e+04    1.0000000    0.0000000   2.636719e+00   44   47       218271       218271            0            0            0              1684.980      0          1079.352
    1087   2.537842e+04    1.0000000    0.0000000   2.636719e+00   44   44           66           66            0            0            0               135.518     17            22.256
    1088   2.538105e+04    1.0000000    0.0000000   2.636719e+00   44   45       107360       107360            0            0            0              1144.925      0           813.164
    1089   2.538369e+04    1.0000000    0.0000000   2.636719e+00   44   44           83           83            0            0            0                70.463      1            22.843
    1090   2.538633e+04    1.0000000    0.0000000   2.636719e+00   44   46       212797       212797            0            0            0              1554.992      0           980.215
    1091   2.538896e+04    1.0000000    0.0000000   2.636719e+00   44   44           67           67            0            0            0                70.979      1            23.103
    1092   2.539160e+04    1.0000000    0.0000000   2.636719e+00   44   45       107421       107421            0            0            0              1159.541      0           817.892
    1093   2.539424e+04    1.0000000    0.0000000   2.636719e+00   44   44           83           83            0            0            0                51.303      1             2.912
    1094   2.539688e+04    1.0000000    0.0000000   2.636719e+00   44   49       218271       218271            0            0            0              1749.867      0          1133.350
    1095   2.539951e+04    1.0000000    0.0000000   2.636719e+00   44   44           71           71            0            0            0                53.454      1             3.202
    1096   2.540215e+04    1.0000000    0.0000000   2.636719e+00   44   45       107225       107225            0            0            0              1233.822      0           868.092
    1097   2.540479e+04    1.0000000    0.0000000   2.636719e+00   44   44           93           93            0            0            0                52.870      1             3.111
    1098   2.540742e+04    1.0000000    0.0000000   2.636719e+00   44   46       212779       212779            0            0            0              1695.245      0          1076.872
    1099   2.541006e+04    1.0000000    0.0000000   2.636719e+00   44   44           79           79            0            0            0                50.560      1             3.112
    1100   2.541270e+04    1.0000000    0.0000000   2.636719e+00   44   45       107268       107268            0            0            0              1201.329      0           851.854
    1101   2.541533e+04    1.0000000    0.0000000   2.636719e+00   44   44           97           97            0            0            0                50.653      1             3.695
    1102   2.541797e+04    1.0000000    0.0000000   2.636719e+00   44   47       218271       218271            0            0            0              1592.297      0           993.872
    1103   2.542061e+04    1.0000000    0.0000000   2.636719e+00   44   44           85           85            0            0            0                45.344      1             2.636
    1104   2.542324e+04    1.0000000    0.0000000   2.636719e+00   44   45       107098       107098            0            0            0              1166.927      0           834.729
    1105   2.542588e+04    1.0000000    0.0000000   2.636719e+00   44   44          102          102            0            0            0                46.732      1             2.959
    1106   2.542852e+04    1.0000000    0.0000000   2.636719e+00   44   46       212778       212778            0            0            0              1639.668      0          1041.238
    1107   2.543115e+04    1.0000000    0.0000000   2.636719e+00   44   44           80           80            0            0            0                53.949      1             3.338
    1108   2.543379e+04    1.0000000    0.0000000   2.636719e+00   44   45       107164       107164            0            0            0              1189.086      0           838.507
    1109   2.543643e+04    1.0000000    0.0000000   2.636719e+00   44   44          102          102            0            0            0                49.042      1             3.071
    1110   2.543906e+04    1.0000000    0.0000000   2.636719e+00   44   48       218271       218271            0            0            0              1767.491     24          1079.047
    1111   2.544170e+04    1.0000000    0.0000000   2.636719e+00   44   44           78           78            0            0            0                49.275      1             2.704
    1112   2.544434e+04    1.0000000    0.0000000   2.636719e+00   44   45       106998       106998            0            0            0              1219.992      0           874.909
    1113   2.544697e+04    1.0000000    0.0000000   2.636719e+00   44   44           99           99            0            0            0                47.370      1             2.451
    1114   2.544961e+04    1.0000000    0.0000000   2.636719e+00   44   46       212810       212810            0            0            0              1647.460      0          1058.165
    1115   2.545225e+04    1.0000000    0.0000000   2.636719e+00   44   44           72           72            0            0            0                47.221      1             2.802
    1116   2.545488e+04    1.0000000    0.0000000   2.636719e+00   44   45       107024       107024            0            0            0              1185.933      0           839.226
    1117   2.545752e+04    1.0000000    0.0000000   2.636719e+00   44   44           88           88            0            0            0                47.282      1             2.660
    1118   2.546016e+04    1.0000000    0.0000000   2.636719e+00   44   47       218271       218271            0            0            0              1644.397      0          1046.043
    1119   2.546279e+04    1.0000000    0.0000000   2.636719e+00   44   44           67           67            0            0            0                48.180      1             2.509
    1120   2.546543e+04    1.0000000    0.0000000   2.636719e+00   44   45       106890       106890            0            0            0              1176.723      0           836.845
    1121   2.546807e+04    1.0000000    0.0000000   2.636719e+00   44   44           80           80            0            0            0                47.527      1             2.716
    1122   2.547070e+04    1.0000000    0.0000000   2.636719e+00   44   46       212839       212839            0            0            0              1733.395      0          1139.042
    1123   2.547334e+04    1.0000000    0.0000000   2.636719e+00   44   44           62           62            0            0            0                47.641      1             2.577
    1124   2.547598e+04    1.0000000    0.0000000   2.636719e+00   44   45       106981       106981            0            0            0              1221.499      0           865.960
    1125   2.547861e+04    1.0000000    0.0000000   2.636719e+00   44   44           76           76            0            0            0                47.353      1             2.718
    1126   2.548125e+04    1.0000000    0.0000000   2.636719e+00   44   50       218271       218271            0            0            0              1637.841      0          1023.124
    1127   2.548389e+04    1.0000000    0.0000000   2.636719e+00   44   44           53           53            0            0            0                47.646      1             2.645
    1128   2.548652e+04    1.0000000    0.0000000   2.636719e+00   44   45       106871       106871            0            0            0              1139.726      0           816.418
    1129   2.548916e+04    1.0000000    0.0000000   2.636719e+00   44   44           59           59            0            0            0                48.405      1             2.510
    1130   2.549180e+04    1.0000000    0.0000000   2.636719e+00   44   46       212845       212845            0            0            0              1613.332      0          1057.728
    1131   2.549443e+04    1.0000000    0.0000000   2.636719e+00   44   44           40           40            0            0            0                45.650      1             2.496
    1132   2.549707e+04    1.0000000    0.0000000   2.636719e+00   44   45       106938       106938            0            0            0              1170.532      0           839.268
    1133   2.549971e+04    1.0000000    0.0000000   2.636719e+00   44   44           45           45            0            0            0               124.578     17             2.278
    1134   2.550234e+04    1.0000000    0.0000000   2.636719e+00   44   47       218271       218271            0            0            0              1614.438      0           998.518
    1135   2.550498e+04    1.0000000    0.0000000   2.636719e+00   44   44           31           31            0            0            0                72.262      1             3.979
    1136   2.550762e+04    1.0000000    0.0000000   2.636719e+00   44   45       106862       106862            0            0            0              1152.900      0           819.007
    1137   2.551025e+04    1.0000000    0.0000000   2.636719e+00   44   44           37           37            0            0            0                48.191      1             2.659
    1138   2.551289e+04    1.0000000    0.0000000   2.636719e+00   44   46       212843       212843            0            0            0              1658.677      0          1068.171
    1139   2.551553e+04    1.0000000    0.0000000   2.636719e+00   44   44           26           26            0            0            0                47.666      1             2.187
    1140   2.551816e+04    1.0000000    0.0000000   2.636719e+00   44   45       106937       106937            0            0            0              1197.006      0           857.965
    1141   2.552080e+04    1.0000000    0.0000000   2.636719e+00   44   44           31           31            0            0            0                46.691      1             2.252
    1142   2.552344e+04    1.0000000    0.0000000   2.636719e+00   44   48       218271       218271            0            0            0              1707.774      0          1108.033
    1143   2.552607e+04    1.0000000    0.0000000   2.636719e+00   44   44           25           25            0            0            0                47.120      1             2.296
    1144   2.552871e+04    1.0000000    0.0000000   2.636719e+00   44   45       106873       106873            0            0            0              1139.198      0           814.300
    1145   2.553135e+04    1.0000000    0.0000000   2.636719e+00   44   44           28           28            0            0            0                47.664      1             2.312
    1146   2.553398e+04    1.0000000    0.0000000   2.636719e+00   44   46       212856       212856            0            0            0              1655.628      0          1076.786
    1147   2.553662e+04    1.0000000    0.0000000   2.636719e+00   44   44           22           22            0            0            0                49.592      1             2.119
    1148   2.553926e+04    1.0000000    0.0000000   2.636719e+00   44   45       106981       106981            0            0            0              1164.793      0           838.016
    1149   2.554189e+04    1.0000000    0.0000000   2.636719e+00   44   44           20           20            0            0            0                48.692      1             2.476
    1150   2.554453e+04    1.0000000    0.0000000   2.636719e+00   44   47       218271       218271            0            0            0              1719.280      0          1071.479
    1151   2.554717e+04    1.0000000    0.0000000   2.636719e+00   44   44           16           16            0            0            0                54.125      1             3.009
    1152   2.554980e+04    1.0000000    0.0000000   2.636719e+00   44   45       106960       106960            0            0            0              1199.859      0           856.290
    1153   2.555244e+04    1.0000000    0.0000000   2.636719e+00   44   44           16           16            0            0            0                50.699      1             2.470
    1154   2.555508e+04    1.0000000    0.0000000   2.636719e+00   44   46       212845       212845            0            0            0              1758.772      0          1095.225
    1155   2.555771e+04    1.0000000    0.0000000   2.636719e+00   44   44           11           11            0            0            0               119.168     25             2.240
    1156   2.556035e+04    1.0000000    0.0000000   2.636719e+00   44   45       107104       107104            0            0            0              1239.804      0           869.574
    1157   2.556299e+04    1.0000000    0.0000000   2.636719e+00   44   44           14           14            0            0            0                46.235      1             2.153
    1158   2.556562e+04    1.0000000    0.0000000   2.636719e+00   44   49       218271       218271            0            0            0              1567.986      0           991.880
    1159   2.556826e+04    1.0000000    0.0000000   2.636719e+00   44   44            7            7            0            0            0                44.001      1             2.095
    1160   2.557090e+04    1.0000000    0.0000000   2.636719e+00   44   45       107090       107090            0            0            0              1152.463      0           828.062
    1161   2.557354e+04    1.0000000    0.0000000   2.636719e+00   44   44            8            8            0            0            0                46.980      1             2.100
    1162   2.557617e+04    1.0000000    0.0000000   2.636719e+00   44   46       212874       212874            0            0            0              1637.202      0          1034.421
    1163   2.557881e+04    1.0000000    0.0000000   2.636719e+00   44   44            4            4            0            0            0                49.081      1             2.234
    1164   2.558145e+04    1.0000000    0.0000000   2.636719e+00   44   45       107254       107254            0            0            0              1222.828      0           866.208
    1165   2.558672e+04    1.0000000    0.0000000   5.273438e+00   45   47       218271       218271            0            0            0              1829.434      1          1155.850
    1166   2.559199e+04    1.0000000    0.0000000   5.273438e+00   45   45       107287       107287            0            0            0              1272.995      1           880.642
    1167   2.559727e+04    1.0000000    0.0000000   5.273438e+00   45   46       212875       212875            0            0            0              1707.358      1          1050.573
    1168   2.560254e+04    1.0000000    0.0000000   5.273438e+00   45   45       107493       107493            0            0            0              1255.815      1           874.465
    1169   2.560781e+04    1.0000000    0.0000000   5.273438e+00   45   48       218271       218271            0            0            0              1715.799      1          1076.705
    1170   2.561309e+04    1.0000000    0.0000000   5.273438e+00   45   45       107448       107448            0            0            0              1252.650      1           863.046
    1171   2.561836e+04    1.0000000    0.0000000   5.273438e+00   45   46       212882       212882            0            0            0              1746.492     17          1037.782
    1172   2.562363e+04    1.0000000    0.0000000   5.273438e+00   45   45       107688       107688            0            0            0              1285.940      1           889.317
    1173   2.562891e+04    1.0000000    0.0000000   5.273438e+00   45   47       218271       218271            0            0            0              1683.451      1          1019.831
    1174   2.563418e+04    1.0000000    0.0000000   5.273438e+00   45   45       107480       107480            0            0            0              1178.237      1           806.267
    1175   2.563945e+04    1.0000000    0.0000000   5.273438e+00   45   46       212861       212861            0            0            0              1613.939      1           983.701
    1176   2.564473e+04    1.0000000    0.0000000   5.273438e+00   45   45       107680       107680            0            0            0              1213.809      1           838.605
    1177   2.565000e+04    1.0000000    0.0000000   5.273438e+00   45   53       218271       218271            0            0            0              1671.974      1           996.985
    1178   2.565527e+04    1.0000000    0.0000000   5.273438e+00   45   45       107495       107495            0            0            0              1221.333      1           837.286
    1179   2.566055e+04    1.0000000    0.0000000   5.273438e+00   45   46       212855       212855            0            0            0              1653.924      1          1019.654
    1180   2.566582e+04    1.0000000    0.0000000   5.273438e+00   45   45       107717       107717            0            0            0              1213.303      1           849.207
    1181   2.567109e+04    1.0000000    0.0000000   5.273438e+00   45   47       218271       218271            0            0            0              1729.229      1          1062.054
    1182   2.567637e+04    1.0000000    0.0000000   5.273438e+00   45   45       107512       107512            0            0            0              1270.909     25           833.245
    1183   2.568164e+04    1.0000000    0.0000000   5.273438e+00   45   46       212838       212838            0            0            0              1646.267      1          1028.337
    1184   2.568691e+04    1.0000000    0.0000000   5.273438e+00   45   45       107710       107710            0            0            0              1232.989      1           843.749
    1185   2.569219e+04    1.0000000    0.0000000   5.273438e+00   45   48       218271       218271            0            0            0              1848.812      1          1117.103
    1186   2.569746e+04    1.0000000    0.0000000   5.273438e+00   45   45       107543       107543            0            0            0              1258.325      1           854.107
    1187   2.570273e+04    1.0000000    0.0000000   5.273438e+00   45   46       212848       212848            0            0            0              1850.132      1          1160.299
    1188   2.570801e+04    1.0000000    0.0000000   5.273438e+00   45   45       107686       107686            0            0            0              1272.437      1           872.668
    1189   2.571328e+04    1.0000000    0.0000000   5.273438e+00   45   47       218271       218271            0            0            0              1662.009      1          1031.807
    1190   2.571855e+04    1.0000000    0.0000000   5.273438e+00   45   45       107528       107528            0            0            0              1211.777      1           831.583
    1191   2.572383e+04    1.0000000    0.0000000   5.273438e+00   45   46       212827       212827            0            0            0              1699.598      1          1068.676
    1192   2.572910e+04    1.0000000    0.0000000   5.273438e+00   45   45       107668       107668            0            0            0              1260.208      1           865.523
    1193   2.573438e+04    1.0000000    0.0000000   5.273438e+00   45   49       218271       218271            0            0            0              1814.837      1          1120.155
    1194   2.573965e+04    1.0000000    0.0000000   5.273438e+00   45   45       107490       107490            0            0            0              1321.643     17           875.803
    1195   2.574492e+04    1.0000000    0.0000000   5.273438e+00   45   46       212832       212832            0            0            0              1679.845      1          1080.515
    1196   2.575020e+04    1.0000000    0.0000000   5.273438e+00   45   45       107592       107592            0            0            0              1250.834      1           872.606
    1197   2.575547e+04    1.0000000    0.0000000   5.273438e+00   45   47       218271       218271            0            0            0              1791.417      1          1129.437
    1198   2.576074e+04    1.0000000    0.0000000   5.273438e+00   45   45       107374       107374            0            0            0              1273.929      1           867.237
    1199   2.576602e+04    1.0000000    0.0000000   5.273438e+00   45   46       212802       212802            0            0            0              1746.574      1          1131.090
    1200   2.577129e+04    1.0000000    0.0000000   5.273438e+00   45   45       107461       107461            0            0            0              1241.223      1           858.516
    1201   2.577656e+04    1.0000000    0.0000000   5.273438e+00   45   48       218271       218271            0            0            0              1721.704      1          1069.518
    1202   2.578184e+04    1.0000000    0.0000000   5.273438e+00   45   45       107200       107200            0            0            0              1203.624      1           825.071
    1203   2.578711e+04    1.0000000    0.0000000   5.273438e+00   45   46       212788       212788            0            0            0              1632.613      1          1022.711
    1204   2.579238e+04    1.0000000    0.0000000   5.273438e+00   45   45       107240       107240            0            0            0              1214.142      1           833.422
    1205   2.579766e+04    1.0000000    0.0000000   5.273438e+00   45   47       218271       218271            0            0            0              1794.958     25          1072.581
    1206   2.580293e+04    1.0000000    0.0000000   5.273438e+00   45   45       106969       106969            0            0            0              1205.149      1           834.330
    1207   2.580820e+04    1.0000000    0.0000000   5.273438e+00   45   46       212778       212778            0            0            0              1760.472      1          1099.246
    1208   2.581348e+04    1.0000000    0.0000000   5.273438e+00   45   45       107039       107039            0            0            0              1250.035      1           871.116
    1209   2.581875e+04    1.0000000    0.0000000   5.273438e+00   45   50       218271       218271            0            0            0              1722.177      1          1067.656
    1210   2.582402e+04    1.0000000    0.0000000   5.273438e+00   45   45       106753       106753            0            0            0              1235.116      1           854.364
    1211   2.582930e+04    1.0000000    0.0000000   5.273438e+00   45   46       212777       212777            0            0            0              1709.986      1          1049.129
    1212   2.583457e+04    1.0000000    0.0000000   5.273438e+00   45   45       106811       106811            0            0            0              1254.075      1           863.214
    1213   2.583984e+04    1.0000000    0.0000000   5.273438e+00   45   47       218271       218271            0            0            0              1748.620      1          1065.940
    1214   2.584512e+04    1.0000000    0.0000000   5.273438e+00   45   45       106571       106571            0            0            0              1294.525      1           895.779
    1215   2.585039e+04    1.0000000    0.0000000   5.273438e+00   45   46       212788       212788            0            0            0              1857.371      1          1155.850
    1216   2.585566e+04    1.0000000    0.0000000   5.273438e+00   45   45       106614       106614            0            0            0              1329.394     17           856.260
    1217   2.586094e+04    1.0000000    0.0000000   5.273438e+00   45   48       218271       218271            0            0            0              1594.133      1           984.318
    1218   2.586621e+04    1.0000000    0.0000000   5.273438e+00   45   45       106364       106364            0            0            0              1191.144      1           827.175
    1219   2.587148e+04    1.0000000    0.0000000   5.273438e+00   45   46       212813       212813            0            0            0              1778.774      1          1141.433
    1220   2.587676e+04    1.0000000    0.0000000   5.273438e+00   45   45       106403       106403            0            0            0              1224.752      1           851.253
    1221   2.588203e+04    1.0000000    0.0000000   5.273438e+00   45   47       218271       218271            0            0            0              1714.018      1          1044.373
    1222   2.588730e+04    1.0000000    0.0000000   5.273438e+00   45   45       106208       106208            0            0            0              1242.389      1           857.779
    1223   2.589258e+04    1.0000000    0.0000000   5.273438e+00   45   46       212807       212807            0            0            0              1686.724      1          1059.220
    1224   2.589785e+04    1.0000000    0.0000000   5.273438e+00   45   45       106234       106234            0            0            0              1210.380      1           833.216
    1225   2.590312e+04    1.0000000    0.0000000   5.273438e+00   45   49       218271       218271            0            0            0              1665.013      1          1030.881
    1226   2.590840e+04    1.0000000    0.0000000   5.273438e+00   45   45       106137       106137            0            0            0              1216.645      1           838.089
    1227   2.591367e+04    1.0000000    0.0000000   5.273438e+00   45   46       212815       212815            0            0            0              1718.061      1          1124.145
    1228   2.591895e+04    1.0000000    0.0000000   5.273438e+00   45   45       106472       106472            0            0            0              1304.105     25           864.516
    1229   2.592422e+04    1.0000000    0.0000000   5.273438e+00   45   47       218271       218271            0            0            0              1681.037      1          1110.155
    1230   2.592949e+04    1.0000000    0.0000000   5.273438e+00   45   45       106362       106362            0            0            0              1165.552      1           811.128
    1231   2.593477e+04    1.0000000    0.0000000   5.273438e+00   45   46       212829       212829            0            0            0              1595.138      1          1026.480
    1232   2.594004e+04    1.0000000    0.0000000   5.273438e+00   45   45       106490       106490            0            0            0              1203.571      1           839.596
    1233   2.594531e+04    1.0000000    0.0000000   5.273438e+00   45   48       218271       218271            0            0            0              1629.928      1          1000.410
    1234   2.595059e+04    1.0000000    0.0000000   5.273438e+00   45   45       106389       106389            0            0            0              1231.230      1           856.313
    1235   2.595586e+04    1.0000000    0.0000000   5.273438e+00   45   46       212842       212842            0            0            0              1693.130      1          1097.130
    1236   2.596113e+04    1.0000000    0.0000000   5.273438e+00   45   45       106541       106541            0            0            0              1205.829      1           828.416
    1237   2.596641e+04    1.0000000    0.0000000   5.273438e+00   45   47       218271       218271            0            0            0              1635.771      1          1014.061
    1238   2.597168e+04    1.0000000    0.0000000   5.273438e+00   45   45       106516       106516            0            0            0              1205.148      1           831.692
    1239   2.597695e+04    1.0000000    0.0000000   5.273438e+00   45   46       212836       212836            0            0            0              1713.008     17          1053.182
    1240   2.598223e+04    1.0000000    0.0000000   5.273438e+00   45   45       106708       106708            0            0            0              1212.401      1           836.391
    1241   2.598750e+04    1.0000000    0.0000000   5.273438e+00   45   51       218271       218271            0            0            0              1651.543      1          1045.117
    1242   2.599277e+04    1.0000000    0.0000000   5.273438e+00   45   45       106713       106713            0            0            0              1236.211      1           851.589
    1243   2.599805e+04    1.0000000    0.0000000   5.273438e+00   45   46       212866       212866            0            0            0              1750.908      1          1111.637
    1244   2.600332e+04    1.0000000    0.0000000   5.273438e+00   45   45       106920       106920            0            0            0              1257.459      1           872.824
    1245   2.600859e+04    1.0000000    0.0000000   5.273438e+00   45   47       218271       218271            0            0            0              1634.810      1          1019.115
    1246   2.601387e+04    1.0000000    0.0000000   5.273438e+00   45   45       106808       106808            0            0            0              1189.551      1           811.611
    1247   2.601914e+04    1.0000000    0.0000000   5.273438e+00   45   46       212872       212872            0            0            0              1615.919      1          1019.828
    1248   2.602441e+04    1.0000000    0.0000000   5.273438e+00   45   45       107042       107042            0            0            0              1241.367      1           849.391
    1249   2.602969e+04    1.0000000    0.0000000   5.273438e+00   45   48       218271       218271            0            0            0              1749.937      1          1123.475
    1250   2.603496e+04    1.0000000    0.0000000   5.273438e+00   45   45       106879       106879            0            0            0              1309.861     25           865.684
    1251   2.604023e+04    1.0000000    0.0000000   5.273438e+00   45   46       212906       212906            0            0            0              1651.040      1          1039.819
    1252   2.604551e+04    1.0000000    0.0000000   5.273438e+00   45   45       107148       107148            0            0            0              1187.275      1           832.948
    1253   2.605078e+04    1.0000000    0.0000000   5.273438e+00   45   47       218271       218271            0            0            0              1637.087      1          1016.099
    1254   2.605605e+04    1.0000000    0.0000000   5.273438e+00   45   45       107010       107010            0            0            0              1235.854      1           859.914
    1255   2.606133e+04    1.0000000    0.0000000   5.273438e+00   45   46       212917       212917            0            0            0              1633.757      1          1038.778
    1256   2.606660e+04    1.0000000    0.0000000   5.273438e+00   45   45       107305       107305            0            0            0              1233.904      1           860.382
    1257   2.606924e+04    1.0000000    0.0000000   2.636719e+00   44   44            3            3            0            0            0                52.928      1             6.335
    1258   2.607188e+04    1.0000000    0.0000000   2.636719e+00   44   49       218271       218271            0            0            0              1651.970      0          1060.396
    1259   2.607715e+04    1.0000000    0.0000000   5.273438e+00   45   45       107202       107202            0            0            0              1210.327      1           844.340
    1260   2.607979e+04    1.0000000    0.0000000   2.636719e+00   44   44            3            3            0            0            0                51.481      1             5.929
    1261   2.608242e+04    1.0000000    0.0000000   2.636719e+00   44   46       212945       212945            0            0            0              1582.972      0          1027.750
    1262   2.608506e+04    1.0000000    0.0000000   2.636719e+00   44   44            6            6            0            0            0                49.183      1             5.491
    1263   2.608770e+04    1.0000000    0.0000000   2.636719e+00   44   45       107458       107458            0            0            0              1144.732      0           824.064
    1264   2.609033e+04    1.0000000    0.0000000   2.636719e+00   44   44            7            7            0            0            0                53.093      1             6.271
    1265   2.609297e+04    1.0000000    0.0000000   2.636719e+00   44   47       218271       218271            0            0            0              1640.573      0          1048.362
    1266   2.609561e+04    1.0000000    0.0000000   2.636719e+00   44   44            2            2            0            0            0                62.243      1             8.858
    1267   2.609824e+04    1.0000000    0.0000000   2.636719e+00   44   45       107424       107424            0            0            0              1216.310     16           823.824
    1268   2.610088e+04    1.0000000    0.0000000   2.636719e+00   44   44            6            6            0            0            0                52.693      1             5.210
    1269   2.610352e+04    1.0000000    0.0000000   2.636719e+00   44   46       212961       212961            0            0            0              1555.523      0           991.333
    1270   2.610615e+04    1.0000000    0.0000000   2.636719e+00   44   44           12           12            0            0            0                52.443      1             6.386
    1271   2.610879e+04    1.0000000    0.0000000   2.636719e+00   44   45       107719       107719            0            0            0              1196.292      0           851.895
    1272   2.611143e+04    1.0000000    0.0000000   2.636719e+00   44   44           15           15            0            0            0                53.602      1             6.511
    1273   2.611406e+04    1.0000000    0.0000000   2.636719e+00   44   48       218271       218271            0            0            0              1586.308      0          1005.302
    1274   2.611670e+04    1.0000000    0.0000000   2.636719e+00   44   44            5            5            0            0            0                51.119      1             4.956
    1275   2.611934e+04    1.0000000    0.0000000   2.636719e+00   44   45       107242       107242            0            0            0              1153.592      0           821.785
    1276   2.612197e+04    1.0000000    0.0000000   2.636719e+00   44   44           12           12            0            0            0                54.394      1             7.972
    1277   2.612461e+04    1.0000000    0.0000000   2.636719e+00   44   46       212929       212929            0            0            0              1638.060      0          1104.193
    1278   2.612725e+04    1.0000000    0.0000000   2.636719e+00   44   44            9            9            0            0            0                58.713      1            10.083
    1279   2.612988e+04    1.0000000    0.0000000   2.636719e+00   44   45       107428       107428            0            0            0              1179.016      0           842.447
    1280   2.613252e+04    1.0000000    0.0000000   2.636719e+00   44   44           19           19            0            0            0                59.836      1             8.800
    1281   2.613516e+04    1.0000000    0.0000000   2.636719e+00   44   47       218271       218271            0            0            0              1699.250      0          1084.560
    1282   2.613779e+04    1.0000000    0.0000000   2.636719e+00   44   44           17           17            0            0            0                62.862      1             8.823
    1283   2.614043e+04    1.0000000    0.0000000   2.636719e+00   44   45       106941       106941            0            0            0              1200.651      0           848.600
    1284   2.614307e+04    1.0000000    0.0000000   2.636719e+00   44   44           22           22            0            0            0                57.370      1             9.290
    1285   2.614570e+04    1.0000000    0.0000000   2.636719e+00   44   46       212924       212924            0            0            0              1666.651      0          1070.442
    1286   2.614834e+04    1.0000000    0.0000000   2.636719e+00   44   44           17           17            0            0            0                56.745      1             8.604
    1287   2.615098e+04    1.0000000    0.0000000   2.636719e+00   44   45       107135       107135            0            0            0              1200.566      0           857.644
    1288   2.615361e+04    1.0000000    0.0000000   2.636719e+00   44   44           23           23            0            0            0                58.278      1             9.916
    1289   2.615625e+04    1.0000000    0.0000000   2.636719e+00   44   50       218271       218271            0            0            0              1615.688      0          1027.502
    1290   2.615889e+04    1.0000000    0.0000000   2.636719e+00   44   44           20           20            0            0            0               112.784     25             7.907
    1291   2.616152e+04    1.0000000    0.0000000   2.636719e+00   44   45       106671       106671            0            0            0              1156.772      0           834.414
    1292   2.616416e+04    1.0000000    0.0000000   2.636719e+00   44   44           25           25            0            0            0                55.534      1             8.447
    1293   2.616680e+04    1.0000000    0.0000000   2.636719e+00   44   46       212926       212926            0            0            0              1591.339      0          1032.692
    1294   2.616943e+04    1.0000000    0.0000000   2.636719e+00   44   44           22           22            0            0            0                57.912      1             8.680
    1295   2.617207e+04    1.0000000    0.0000000   2.636719e+00   44   45       106834       106834            0            0            0              1189.020      0           842.633
    1296   2.617471e+04    1.0000000    0.0000000   2.636719e+00   44   44           28           28            0            0            0                58.347      1             8.640
    1297   2.617734e+04    1.0000000    0.0000000   2.636719e+00   44   47       218271       218271            0            0            0              1691.383      0          1101.246
    1298   2.617998e+04    1.0000000    0.0000000   2.636719e+00   44   44           30           30            0            0            0                56.108      1             8.622
    1299   2.618262e+04    1.0000000    0.0000000   2.636719e+00   44   45       106358       106358            0            0            0              1215.505      0           875.980
    1300   2.618525e+04    1.0000000    0.0000000   2.636719e+00   44   44           37           37            0            0            0                54.417      1             8.246
    1301   2.618789e+04    1.0000000    0.0000000   2.636719e+00   44   46       212902       212902            0            0            0              1708.189      0          1143.079
    1302   2.619053e+04    1.0000000    0.0000000   2.636719e+00   44   44           31           31            0            0            0                54.466      1             7.842
    1303   2.619316e+04    1.0000000    0.0000000   2.636719e+00   44   45       106562       106562            0            0            0              1159.129      0           832.693
    1304   2.619580e+04    1.0000000    0.0000000   2.636719e+00   44   44           39           39            0            0            0                54.506      1             8.128
    1305   2.619844e+04    1.0000000    0.0000000   2.636719e+00   44   48       218271       218271            0            0            0              1683.001      0          1121.212
    1306   2.620107e+04    1.0000000    0.0000000   2.636719e+00   44   44           30           30            0            0            0                54.976      1             7.932
    1307   2.620371e+04    1.0000000    0.0000000   2.636719e+00   44   45       106142       106142            0            0            0              1159.603      0           829.642
    1308   2.620635e+04    1.0000000    0.0000000   2.636719e+00   44   44           40           40            0            0            0                55.254      1             7.942
    1309   2.620898e+04    1.0000000    0.0000000   2.636719e+00   44   46       212856       212856            0            0            0              1644.652      0          1090.329
    1310   2.621162e+04    1.0000000    0.0000000   2.636719e+00   44   44           30           30            0            0            0                55.612      1             8.195
    1311   2.621426e+04    1.0000000    0.0000000   2.636719e+00   44   45       106287       106287            0            0            0              1172.075      0           845.727
    1312   2.621689e+04    1.0000000    0.0000000   2.636719e+00   44   44           40           40            0            0            0                54.742      1             8.278
    1313   2.621953e+04    1.0000000    0.0000000   2.636719e+00   44   47       218271       218271            0            0            0              1725.523     16          1121.380
    1314   2.622217e+04    1.0000000    0.0000000   2.636719e+00   44   44           30           30            0            0            0                52.247      1             7.748
    1315   2.622480e+04    1.0000000    0.0000000   2.636719e+00   44   45       105869       105869            0            0            0              1148.926      0           835.620
    1316   2.622744e+04    1.0000000    0.0000000   2.636719e+00   44   44           40           40            0            0            0                52.331      1             7.427
    1317   2.623008e+04    1.0000000    0.0000000   2.636719e+00   44   46       212849       212849            0            0            0              1613.285      0          1080.208
    1318   2.623271e+04    1.0000000    0.0000000   2.636719e+00   44   44           28           28            0            0            0                52.346      1             6.984
    1319   2.623535e+04    1.0000000    0.0000000   2.636719e+00   44   45       105946       105946            0            0            0              1186.028      0           855.883
    1320   2.623799e+04    1.0000000    0.0000000   2.636719e+00   44   44           34           34            0            0            0                59.766      1             9.499
    1321   2.624062e+04    1.0000000    0.0000000   2.636719e+00   44   49       218271       218271            0            0            0              1661.316      0          1055.828
    1322   2.624326e+04    1.0000000    0.0000000   2.636719e+00   44   44           29           29            0            0            0                55.494      1             7.434
    1323   2.624590e+04    1.0000000    0.0000000   2.636719e+00   44   45       105623       105623            0            0            0              1183.431      0           862.423
    1324   2.624854e+04    1.0000000    0.0000000   2.636719e+00   44   44           33           33            0            0            0                57.169      1             9.854
    1325   2.625117e+04    1.0000000    0.0000000   2.636719e+00   44   46       212828       212828            0            0            0              1694.677      0          1138.938
    1326   2.625381e+04    1.0000000    0.0000000   2.636719e+00   44   44           28           28            0            0            0                52.365      1             7.288
    1327   2.625645e+04    1.0000000    0.0000000   2.636719e+00   44   45       105668       105668            0            0            0              1149.850      0           830.413
    1328   2.625908e+04    1.0000000    0.0000000   2.636719e+00   44   44           29           29            0            0            0                55.193      1             8.284
    1329   2.626172e+04    1.0000000    0.0000000   2.636719e+00   44   47       218271       218271            0            0            0              1626.331      0          1056.450
    1330   2.626436e+04    1.0000000    0.0000000   2.636719e+00   44   44           25           25            0            0            0                52.738      1             7.947
    1331   2.626699e+04    1.0000000    0.0000000   2.636719e+00   44   45       105360       105360            0            0            0              1140.105      0           823.926
    1332   2.626963e+04    1.0000000    0.0000000   2.636719e+00   44   44           27           27            0            0            0                52.839      1             8.081
    1333   2.627227e+04    1.0000000    0.0000000   2.636719e+00   44   46       212807       212807            0            0            0              1613.352      0          1052.921
    1334   2.627490e+04    1.0000000    0.0000000   2.636719e+00   44   44           17           17            0            0            0                53.970      1             6.800
    1335   2.627754e+04    1.0000000    0.0000000   2.636719e+00   44   45       105418       105418            0            0            0              1250.111     24           833.157
    1336   2.628018e+04    1.0000000    0.0000000   2.636719e+00   44   44           18           18            0            0            0                53.249      1             6.367
    1337   2.628281e+04    1.0000000    0.0000000   2.636719e+00   44   48       218271       218271            0            0            0              1708.384      0          1125.791
    1338   2.628545e+04    1.0000000    0.0000000   2.636719e+00   44   44           12           12            0            0            0                62.824      1             6.431
    1339   2.628809e+04    1.0000000    0.0000000   2.636719e+00   44   45       105126       105126            0            0            0              1227.328      0           876.034
    1340   2.629072e+04    1.0000000    0.0000000   2.636719e+00   44   44           11           11            0            0            0                57.013      1             6.752
    1341   2.629336e+04    1.0000000    0.0000000   2.636719e+00   44   46       212804       212804            0            0            0              1681.176      0          1078.073
    1342   2.629600e+04    1.0000000    0.0000000   2.636719e+00   44   44            8            8            0            0            0                52.959      1             6.222
    1343   2.629863e+04    1.0000000    0.0000000   2.636719e+00   44   45       105184       105184            0            0            0              1152.690      0           835.035
    1344   2.630127e+04    1.0000000    0.0000000   2.636719e+00   44   44            8            8            0            0            0                52.013      1             6.341
    1345   2.630391e+04    1.0000000    0.0000000   2.636719e+00   44   47       218271       218271            0            0            0              1593.015      0          1023.440
    1346   2.630654e+04    1.0000000    0.0000000   2.636719e+00   44   44            7            7            0            0            0                49.562      1             5.798
    1347   2.630918e+04    1.0000000    0.0000000   2.636719e+00   44   45       104975       104975            0            0            0              1161.663      0           841.447
    1348   2.631182e+04    1.0000000    0.0000000   2.636719e+00   44   44            9            9            0            0            0                53.705      1             6.311
    1349   2.631445e+04    1.0000000    0.0000000   2.636719e+00   44   46       212794       212794            0            0            0              1631.207      0          1068.696
    1350   2.631709e+04    1.0000000    0.0000000   2.636719e+00   44   44           10           10            0            0            0                54.345      1             6.183
    1351   2.631973e+04    1.0000000    0.0000000   2.636719e+00   44   45       105085       105085            0            0            0              1187.698      0           852.075
    1352   2.632236e+04    1.0000000    0.0000000   2.636719e+00   44   44           12           12            0            0            0                53.543      1             6.253
    1353   2.632500e+04    1.0000000    0.0000000   2.636719e+00   44   52       218271       218271            0            0            0              1699.867      0          1117.907
    1354   2.632764e+04    1.0000000    0.0000000   2.636719e+00   44   44           10           10            0            0            0                51.716      1             6.113
    1355   2.633027e+04    1.0000000    0.0000000   2.636719e+00   44   45       104936       104936            0            0            0              1167.020      0           842.943
    1356   2.633291e+04    1.0000000    0.0000000   2.636719e+00   44   44           15           15            0            0            0                51.235      1             5.962
    1357   2.633555e+04    1.0000000    0.0000000   2.636719e+00   44   46       212806       212806            0            0            0              1617.170      0          1075.871
    1358   2.633818e+04    1.0000000    0.0000000   2.636719e+00   44   44           13           13            0            0            0               113.329     17             6.088
    1359   2.634082e+04    1.0000000    0.0000000   2.636719e+00   44   45       105100       105100            0            0            0              1144.999      0           824.202
    1360   2.634346e+04    1.0000000    0.0000000   2.636719e+00   44   44           16           16            0            0            0                50.862      1             5.740
    1361   2.634609e+04    1.0000000    0.0000000   2.636719e+00   44   47       218271       218271            0            0            0              1610.700      0          1050.796
    1362   2.634873e+04    1.0000000    0.0000000   2.636719e+00   44   44           15           15            0            0            0                51.752      1             6.222
    1363   2.635137e+04    1.0000000    0.0000000   2.636719e+00   44   45       104933       104933            0            0            0              1165.829      0           851.144
    1364   2.635400e+04    1.0000000    0.0000000   2.636719e+00   44   44           19           19            0            0            0                54.097      1             6.088
    1365   2.635664e+04    1.0000000    0.0000000   2.636719e+00   44   46       212798       212798            0            0            0              1594.629      0          1045.393
    1366   2.635928e+04    1.0000000    0.0000000   2.636719e+00   44   44           18           18            0            0            0                52.625      1             6.096
    1367   2.636191e+04    1.0000000    0.0000000   2.636719e+00   44   45       105064       105064            0            0            0              1130.752      0           816.044
    1368   2.636455e+04    1.0000000    0.0000000   2.636719e+00   44   44           20           20            0            0            0                54.132      1             6.042
    1369   2.636719e+04    1.0000000    0.0000000   2.636719e+00   44   48       218271       218271            0            0            0              1582.165      0          1024.289
    1370   2.636982e+04    1.0000000    0.0000000   2.636719e+00   44   44           16           16            0            0            0                49.053      1             5.872
    1371   2.637246e+04    1.0000000    0.0000000   2.636719e+00   44   45       104908       104908            0            0            0              1129.998      0           816.401
    1372   2.637510e+04    1.0000000    0.0000000   2.636719e+00   44   44           19           19            0            0            0                50.136      1             5.983
    1373   2.637773e+04    1.0000000    0.0000000   2.636719e+00   44   46       212806       212806            0            0            0              1524.896      0           996.984
    1374   2.638037e+04    1.0000000    0.0000000   2.636719e+00   44   44           15           15            0            0            0                50.165      1             5.953
    1375   2.638301e+04    1.0000000    0.0000000   2.636719e+00   44   45       104908       104908            0            0            0              1163.444      0           842.204
    1376   2.638564e+04    1.0000000    0.0000000   2.636719e+00   44   44           19           19            0            0            0                56.194      1             6.634
    1377   2.638828e+04    1.0000000    0.0000000   2.636719e+00   44   47       218271       218271            0            0            0              1645.274      0          1056.505
    1378   2.639092e+04    1.0000000    0.0000000   2.636719e+00   44   44           17           17            0            0            0                58.229      1             6.332
    1379   2.639355e+04    1.0000000    0.0000000   2.636719e+00   44   45       104790       104790            0            0            0              1165.811      0           838.421
    1380   2.639619e+04    1.0000000    0.0000000   2.636719e+00   44   44           21           21            0            0            0                54.413      1             6.315
    1381   2.639883e+04    1.0000000    0.0000000   2.636719e+00   44   46       212788       212788            0            0            0              1687.932     24          1069.940
    1382   2.640146e+04    1.0000000    0.0000000   2.636719e+00   44   44           17           17            0            0            0                50.422      1             5.628
    1383   2.640410e+04    1.0000000    0.0000000   2.636719e+00   44   45       104817       104817            0            0            0              1140.075      0           824.563
    1384   2.640674e+04    1.0000000    0.0000000   2.636719e+00   44   44           20           20            0            0            0                51.422      1             5.932
    1385   2.640938e+04    1.0000000    0.0000000   2.636719e+00   44   49       218271       218271            0            0            0              1581.728      0          1011.192
    1386   2.641201e+04    1.0000000    0.0000000   2.636719e+00   44   44           16           16            0            0            0                50.969      1             6.000
    1387   2.641465e+04    1.0000000    0.0000000   2.636719e+00   44   45       104744       104744            0            0            0              1133.241      0           816.516
    1388   2.641729e+04    1.0000000    0.0000000   2.636719e+00   44   44           17           17            0            0            0                56.802      1             6.255
    1389   2.641992e+04    1.0000000    0.0000000   2.636719e+00   44   46       212766       212766            0            0            0              1579.190      0          1007.009
    1390   2.642256e+04    1.0000000    0.0000000   2.636719e+00   44   44           11           11            0            0            0                51.648      1             5.891
    1391   2.642520e+04    1.0000000    0.0000000   2.636719e+00   44   45       104752       104752            0            0            0              1159.954      0           834.506
    1392   2.642783e+04    1.0000000    0.0000000   2.636719e+00   44   44           12           12            0            0            0                51.246      1             5.469
    1393   2.643047e+04    1.0000000    0.0000000   2.636719e+00   44   47       218271       218271            0            0            0              1699.691      0          1116.250
    1394   2.643311e+04    1.0000000    0.0000000   2.636719e+00   44   44            6            6            0            0            0                62.298      1             6.666
    1395   2.643574e+04    1.0000000    0.0000000   2.636719e+00   44   45       104661       104661            0            0            0              1190.948      0           860.309
    1396   2.643838e+04    1.0000000    0.0000000   2.636719e+00   44   44            4            4            0            0            0                53.085      1             6.185
    1397   2.644102e+04    1.0000000    0.0000000   2.636719e+00   44   46       212769       212769            0            0            0              1687.456      0          1117.625
    1398   2.644365e+04    1.0000000    0.0000000   2.636719e+00   44   44            4            4            0            0            0                52.027      1             6.054
    1399   2.644629e+04    1.0000000    0.0000000   2.636719e+00   44   45       104675       104675            0            0            0              1175.399      0           851.263
    1400   2.644893e+04    1.0000000    0.0000000   2.636719e+00   44   44            3            3            0            0            0                51.971      1             6.043
    1401   2.645156e+04    1.0000000    0.0000000   2.636719e+00   44   48       218271       218271            0            0            0              1599.420      0          1051.787
    1402   2.645420e+04    1.0000000    0.0000000   2.636719e+00   44   44            2            2            0            0            0                49.584      1             4.635
    1403   2.645684e+04    1.0000000    0.0000000   2.636719e+00   44   45       104621       104621            0            0            0              1131.045      0           830.304
    1404   2.645947e+04    1.0000000    0.0000000   2.636719e+00   44   44            4            4            0            0            0               119.582     17             6.042
    1405   2.646211e+04    1.0000000    0.0000000   2.636719e+00   44   46       212759       212759            0            0            0              1659.177      0          1098.909
    1406   2.646475e+04    1.0000000    0.0000000   2.636719e+00   44   44            3            3            0            0            0                52.890      1             6.268
    1407   2.646738e+04    1.0000000    0.0000000   2.636719e+00   44   45       104599       104599            0            0            0              1211.811      0           873.767
    1408   2.647002e+04    1.0000000    0.0000000   2.636719e+00   44   44            5            5            0            0            0                55.006      1             6.370
    1409   2.647266e+04    1.0000000    0.0000000   2.636719e+00   44   47       218271       218271            0            0            0              1728.455      0          1168.404
    1410   2.647529e+04    1.0000000    0.0000000   2.636719e+00   44   44            5            5            0            0            0                52.197      1             6.077
    1411   2.647793e+04    1.0000000    0.0000000   2.636719e+00   44   45       104586       104586            0            0            0              1184.381      0           864.787
    1412   2.648057e+04    1.0000000    0.0000000   2.636719e+00   44   44            9            9            0            0            0                54.120      1             6.591
    1413   2.648320e+04    1.0000000    0.0000000   2.636719e+00   44   46       212750       212750            0            0            0              1656.955      0          1110.620
    1414   2.648584e+04    1.0000000    0.0000000   2.636719e+00   44   44           10           10            0            0            0                51.346      1             6.008
    1415   2.648848e+04    1.0000000    0.0000000   2.636719e+00   44   45       104587       104587            0            0            0              1166.840      0           845.564
    1416   2.649111e+04    1.0000000    0.0000000   2.636719e+00   44   44           12           12            0            0            0                52.028      1             5.720
    1417   2.649375e+04    1.0000000    0.0000000   2.636719e+00   44   50       218271       218271            0            0            0              1629.555      0          1050.362
    1418   2.649639e+04    1.0000000    0.0000000   2.636719e+00   44   44           13           13            0            0            0                53.444      1             6.198
    1419   2.649902e+04    1.0000000    0.0000000   2.636719e+00   44   45       104588       104588            0            0            0              1149.362      0           830.354
    1420   2.650166e+04    1.0000000    0.0000000   2.636719e+00   44   44           13           13            0            0            0                52.593      1             6.244
    1421   2.650430e+04    1.0000000    0.0000000   2.636719e+00   44   46       212753       212753            0            0            0              1663.758      0          1135.724
    1422   2.650693e+04    1.0000000    0.0000000   2.636719e+00   44   44           13           13            0            0            0                50.064      1             5.827
    1423   2.650957e+04    1.0000000    0.0000000   2.636719e+00   44   45       104595       104595            0            0            0              1147.871      0           830.772
    1424   2.651221e+04    1.0000000    0.0000000   2.636719e+00   44   44           13           13            0            0            0                54.961      1             6.210
    1425   2.651484e+04    1.0000000    0.0000000   2.636719e+00   44   47       218271       218271            0            0            0              1618.384      0          1083.033
    1426   2.651748e+04    1.0000000    0.0000000   2.636719e+00   44   44           15           15            0            0            0               111.059     25             5.903
    1427   2.652012e+04    1.0000000    0.0000000   2.636719e+00   44   45       104632       104632            0            0            0              1103.173      0           797.878
    1428   2.652275e+04    1.0000000    0.0000000   2.636719e+00   44   44           19           19            0            0            0                51.319      1             6.010
    1429   2.652539e+04    1.0000000    0.0000000   2.636719e+00   44   46       212746       212746            0            0            0              1558.678      0          1028.886
    1430   2.652803e+04    1.0000000    0.0000000   2.636719e+00   44   44           20           20            0            0            0                51.254      1             5.971
    1431   2.653066e+04    1.0000000    0.0000000   2.636719e+00   44   45       104641       104641            0            0            0              1150.288      0           825.818
    1432   2.653330e+04    1.0000000    0.0000000   2.636719e+00   44   44           20           20            0            0            0                57.116      1             5.852
    1433   2.653594e+04    1.0000000    0.0000000   2.636719e+00   44   48       218271       218271            0            0            0              1604.601      0          1059.578
    1434   2.653857e+04    1.0000000    0.0000000   2.636719e+00   44   44           20           20            0            0            0                73.712      1            15.094
    1435   2.654121e+04    1.0000000    0.0000000   2.636719e+00   44   45       104665       104665            0            0            0              1147.440      0           825.429
    1436   2.654385e+04    1.0000000    0.0000000   2.636719e+00   44   44           22           22            0            0            0                57.436      1             8.347
    1437   2.654648e+04    1.0000000    0.0000000   2.636719e+00   44   46       212728       212728            0            0            0              1604.503      0          1065.303
    1438   2.654912e+04    1.0000000    0.0000000   2.636719e+00   44   44           20           20            0            0            0                57.238      1             8.151
    1439   2.655176e+04    1.0000000    0.0000000   2.636719e+00   44   45       104692       104692            0            0            0              1125.861      0           818.495
    1440   2.655439e+04    1.0000000    0.0000000   2.636719e+00   44   44           22           22            0            0            0                55.191      1             8.013
    1441   2.655703e+04    1.0000000    0.0000000   2.636719e+00   44   47       218271       218271            0            0            0              1569.521      0          1013.775
    1442   2.655967e+04    1.0000000    0.0000000   2.636719e+00   44   44           23           23            0            0            0                54.810      1             7.872
    1443   2.656230e+04    1.0000000    0.0000000   2.636719e+00   44   45       104722       104722            0            0            0              1187.336      0           865.923
    1444   2.656494e+04    1.0000000    0.0000000   2.636719e+00   44   44           25           25            0            0            0                55.605      1             8.209
    1445   2.656758e+04    1.0000000    0.0000000   2.636719e+00   44   46       212704       212704            0            0            0              1705.287      0          1126.980
    1446   2.657021e+04    1.0000000    0.0000000   2.636719e+00   44   44           25           25            0            0            0                56.595      1             8.522
    1447   2.657285e+04    1.0000000    0.0000000   2.636719e+00   44   45       104783       104783            0            0            0              1169.721      0           841.572
    1448   2.657549e+04    1.0000000    0.0000000   2.636719e+00   44   44           27           27            0            0            0                63.669      1             9.671
    1449   2.657812e+04    1.0000000    0.0000000   2.636719e+00   44   49       218271       218271            0            0            0              1804.474     16          1164.519
    1450   2.658076e+04    1.0000000    0.0000000   2.636719e+00   44   44           25           25            0            0            0                57.130      1             8.337
    1451   2.658340e+04    1.0000000    0.0000000   2.636719e+00   44   45       104843       104843            0            0            0              1169.625      0           845.776
    1452   2.658604e+04    1.0000000    0.0000000   2.636719e+00   44   44           26           26            0            0            0                56.362      1             8.110
    1453   2.658867e+04    1.0000000    0.0000000   2.636719e+00   44   46       212673       212673            0            0            0              1652.679      0          1083.134
    1454   2.659131e+04    1.0000000    0.0000000   2.636719e+00   44   44           23           23            0            0            0                55.771      1             7.980
    1455   2.659395e+04    1.0000000    0.0000000   2.636719e+00   44   45       104896       104896            0            0            0              1152.472      0           838.608
    1456   2.659658e+04    1.0000000    0.0000000   2.636719e+00   44   44           26           26            0            0            0                54.670      1             8.105
    1457   2.659922e+04    1.0000000    0.0000000   2.636719e+00   44   47       218271       218271            0            0            0              1568.944      0          1057.020
    1458   2.660186e+04    1.0000000    0.0000000   2.636719e+00   44   44           24           24            0            0            0                55.131      1             8.206
    1459   2.660449e+04    1.0000000    0.0000000   2.636719e+00   44   45       104951       104951            0            0            0              1154.596      0           837.979
    1460   2.660713e+04    1.0000000    0.0000000   2.636719e+00   44   44           27           27            0            0            0                56.868      1             8.794
    1461   2.660977e+04    1.0000000    0.0000000   2.636719e+00   44   46       212648       212648            0            0            0              1642.506      0          1099.015
    1462   2.661240e+04    1.0000000    0.0000000   2.636719e+00   44   44           23           23            0            0            0                56.632      1             8.836
    1463   2.661504e+04    1.0000000    0.0000000   2.636719e+00   44   45       105028       105028            0            0            0              1196.236      0           865.807
    1464   2.661768e+04    1.0000000    0.0000000   2.636719e+00   44   44           27           27            0            0            0                57.630      1             8.709
    1465   2.662031e+04    1.0000000    0.0000000   2.636719e+00   44   48       218271       218271            0            0            0              1615.305      0          1052.219
    1466   2.662295e+04    1.0000000    0.0000000   2.636719e+00   44   44           20           20            0            0            0                54.769      1             7.949
    1467   2.662559e+04    1.0000000    0.0000000   2.636719e+00   44   45       105094       105094            0            0            0              1157.689      0           848.432
    1468   2.662822e+04    1.0000000    0.0000000   2.636719e+00   44   44           26           26            0            0            0                55.896      1             7.856
    1469   2.663086e+04    1.0000000    0.0000000   2.636719e+00   44   46       212649       212649            0            0            0              1590.992      0          1057.216
    1470   2.663350e+04    1.0000000    0.0000000   2.636719e+00   44   44           19           19            0            0            0                54.819      1             8.401
    1471   2.663613e+04    1.0000000    0.0000000   2.636719e+00   44   45       105186       105186            0            0            0              1143.863      0           832.852
    1472   2.663877e+04    1.0000000    0.0000000   2.636719e+00   44   44           22           22            0            0            0               122.758     25             8.737
    1473   2.664141e+04    1.0000000    0.0000000   2.636719e+00   44   47       218271       218271            0            0            0              1570.531      0          1025.396
    1474   2.664404e+04    1.0000000    0.0000000   2.636719e+00   44   44           12           12            0            0            0                56.948      1             8.030
    1475   2.664668e+04    1.0000000    0.0000000   2.636719e+00   44   45       105297       105297            0            0            0              1162.644      0           842.546
    1476   2.664932e+04    1.0000000    0.0000000   2.636719e+00   44   44           14           14            0            0            0                55.974      1             8.579
    1477   2.665195e+04    1.0000000    0.0000000   2.636719e+00   44   46       212666       212666            0            0            0              1561.559      0          1048.492
    1478   2.665459e+04    1.0000000    0.0000000   2.636719e+00   44   44           10           10            0            0            0                97.195      1            49.076
    1479   2.665723e+04    1.0000000    0.0000000   2.636719e+00   44   45       105617       105617            0            0            0              1146.254      0           838.399
    1480   2.665986e+04    1.0000000    0.0000000   2.636719e+00   44   44           11           11            0            0            0                96.721      1            46.779
    1481   2.666250e+04    1.0000000    0.0000000   2.636719e+00   44   51       218271       218271            0            0            0              1642.723      0          1119.138
    1482   2.666514e+04    1.0000000    0.0000000   2.636719e+00   44   44            7            7            0            0            0                92.188      1            44.449
    1483   2.666777e+04    1.0000000    0.0000000   2.636719e+00   44   45       105652       105652            0            0            0              1130.029      0           823.264
    1484   2.667041e+04    1.0000000    0.0000000   2.636719e+00   44   44           11           11            0            0            0                92.015      1            44.200
    1485   2.667305e+04    1.0000000    0.0000000   2.636719e+00   44   46       212665       212665            0            0            0              1533.344      0          1065.436
    1486   2.667568e+04    1.0000000    0.0000000   2.636719e+00   44   44            9            9            0            0            0                95.535      1            45.175
    1487   2.667832e+04    1.0000000    0.0000000   2.636719e+00   44   45       105701       105701            0            0            0              1087.050      0           772.959
    1488   2.668096e+04    1.0000000    0.0000000   2.636719e+00   44   44            8            8            0            0            0                93.478      1            45.702
    1489   2.668359e+04    1.0000000    0.0000000   2.636719e+00   44   47       218271       218271            0            0            0              1604.952      0          1076.533
    1490   2.668623e+04    1.0000000    0.0000000   2.636719e+00   44   44           10           10            0            0            0               103.880      1            49.589
    1491   2.668887e+04    1.0000000    0.0000000   2.636719e+00   44   45       105741       105741            0            0            0              1142.110      0           840.878
    1492   2.669150e+04    1.0000000    0.0000000   2.636719e+00   44   44           14           14            0            0            0                96.735      1            47.641
    1493   2.669414e+04    1.0000000    0.0000000   2.636719e+00   44   46       212652       212652            0            0            0              1523.661      0          1049.906
    1494   2.669941e+04    1.0000000    0.0000000   5.273438e+00   45   45       105614       105614            0            0            0              1257.370     17           842.758
    1495   2.670469e+04    1.0000000    0.0000000   5.273438e+00   45   48       218271       218271            0            0            0              1598.528      1          1060.534
    1496   2.670996e+04    1.0000000    0.0000000   5.273438e+00   45   45       105686       105686            0            0            0              1182.971      1           829.017
    1497   2.671260e+04    1.0000000    0.0000000   2.636719e+00   44   44            1            1            0            0            0                51.566      1             4.993
    1498   2.671523e+04    1.0000000    0.0000000   2.636719e+00   44   46       212672       212672            0            0            0              1617.385      0          1034.057
    1499   2.671787e+04    1.0000000    0.0000000   2.636719e+00   44   44            1            1            0            0            0                56.194      1             5.200
    1500   2.672051e+04    1.0000000    0.0000000   2.636719e+00   44   45       105883       105883            0            0            0              1166.902      0           838.054
    1501   2.672314e+04    1.0000000    0.0000000   2.636719e+00   44   44            2            2            0            0            0                56.406      1             4.877
    1502   2.672578e+04    1.0000000    0.0000000   2.636719e+00   44   47       218271       218271            0            0            0              1625.753      0          1051.314
    1503   2.672842e+04    1.0000000    0.0000000   2.636719e+00   44   44            2            2            0            0            0                51.527      1             4.813
    1504   2.673105e+04    1.0000000    0.0000000   2.636719e+00   44   45       105921       105921            0            0            0              1165.410      0           836.579
    1505   2.673369e+04    1.0000000    0.0000000   2.636719e+00   44   44            2            2            0            0            0                50.678      1             4.811
    1506   2.673633e+04    1.0000000    0.0000000   2.636719e+00   44   46       212652       212652            0            0            0              1624.663      0          1073.956
    1507   2.673896e+04    1.0000000    0.0000000   2.636719e+00   44   44            2            2            0            0            0                49.016      1             4.519
    1508   2.674160e+04    1.0000000    0.0000000   2.636719e+00   44   45       106057       106057            0            0            0              1164.638      0           841.312
    1509   2.674424e+04    1.0000000    0.0000000   2.636719e+00   44   44            2            2            0            0            0                50.210      1             4.696
    1510   2.674688e+04    1.0000000    0.0000000   2.636719e+00   44   49       218271       218271            0            0            0              1593.221      0          1063.165
    1511   2.674951e+04    1.0000000    0.0000000   2.636719e+00   44   44            2            2            0            0            0                53.149      1             4.564
    1512   2.675215e+04    1.0000000    0.0000000   2.636719e+00   44   45       106213       106213            0            0            0              1170.084      0           845.131
    1513   2.675479e+04    1.0000000    0.0000000   2.636719e+00   44   44            4            4            0            0            0                52.708      1             5.145
    1514   2.675742e+04    1.0000000    0.0000000   2.636719e+00   44   46       212662       212662            0            0            0              1693.638     24          1065.230
    1515   2.676006e+04    1.0000000    0.0000000   2.636719e+00   44   44            5            5            0            0            0                51.669      1             5.016
    1516   2.676270e+04    1.0000000    0.0000000   2.636719e+00   44   45       106375       106375            0            0            0              1237.719      0           904.882
    1517   2.676533e+04    1.0000000    0.0000000   2.636719e+00   44   44            7            7            0            0            0                50.473      1             4.675
    1518   2.676797e+04    1.0000000    0.0000000   2.636719e+00   44   47       218271       218271            0            0            0              1627.765      0          1070.461
    1519   2.677061e+04    1.0000000    0.0000000   2.636719e+00   44   44            8            8            0            0            0               100.483      1            49.431
    1520   2.677324e+04    1.0000000    0.0000000   2.636719e+00   44   45       106242       106242            0            0            0              1149.716      0           835.551
    1521   2.677588e+04    1.0000000    0.0000000   2.636719e+00   44   44            9            9            0            0            0                50.129      1             4.990
    1522   2.677852e+04    1.0000000    0.0000000   2.636719e+00   44   46       212668       212668            0            0            0              1610.512      0          1077.055
    1523   2.678115e+04    1.0000000    0.0000000   2.636719e+00   44   44           10           10            0            0            0                54.229      1             7.381
    1524   2.678379e+04    1.0000000    0.0000000   2.636719e+00   44   45       106403       106403            0            0            0              1166.400      0           847.181
    1525   2.678643e+04    1.0000000    0.0000000   2.636719e+00   44   44           12           12            0            0            0                57.384      1             7.710
    1526   2.678906e+04    1.0000000    0.0000000   2.636719e+00   44   48       218271       218271            0            0            0              1585.908      0          1044.148
    1527   2.679170e+04    1.0000000    0.0000000   2.636719e+00   44   44           10           10            0            0            0                50.923      1             4.936
    1528   2.679434e+04    1.0000000    0.0000000   2.636719e+00   44   45       106250       106250            0            0            0              1136.481      0           826.147
    1529   2.679697e+04    1.0000000    0.0000000   2.636719e+00   44   44           12           12            0            0            0                55.852      1             7.654
    1530   2.679961e+04    1.0000000    0.0000000   2.636719e+00   44   46       212683       212683            0            0            0              1568.170      0          1039.961
    1531   2.680225e+04    1.0000000    0.0000000   2.636719e+00   44   44           15           15            0            0            0                52.837      1             7.497
    1532   2.680488e+04    1.0000000    0.0000000   2.636719e+00   44   45       106409       106409            0            0            0              1157.351      0           835.123
    1533   2.680752e+04    1.0000000    0.0000000   2.636719e+00   44   44           18           18            0            0            0                57.346      1             7.467
    1534   2.681016e+04    1.0000000    0.0000000   2.636719e+00   44   47       218271       218271            0            0            0              1581.600      0          1034.144
    1535   2.681279e+04    1.0000000    0.0000000   2.636719e+00   44   44           13           13            0            0            0                53.445      1             7.389
    1536   2.681543e+04    1.0000000    0.0000000   2.636719e+00   44   45       106272       106272            0            0            0              1113.337      0           812.537
    1537   2.681807e+04    1.0000000    0.0000000   2.636719e+00   44   44           18           18            0            0            0               111.673     17             6.924
    1538   2.682070e+04    1.0000000    0.0000000   2.636719e+00   44   46       212683       212683            0            0            0              1562.875      0          1046.451
    1539   2.682334e+04    1.0000000    0.0000000   2.636719e+00   44   44           15           15            0            0            0                60.323      1            11.760
    1540   2.682598e+04    1.0000000    0.0000000   2.636719e+00   44   45       106306       106306            0            0            0              1099.812      0           784.442
    1541   2.682861e+04    1.0000000    0.0000000   2.636719e+00   44   44           21           21            0            0            0                54.847      1             7.498
    1542   2.683125e+04    1.0000000    0.0000000   2.636719e+00   44   50       218271       218271            0            0            0              1701.746      0          1165.463
    1543   2.683389e+04    1.0000000    0.0000000   2.636719e+00   44   44           21           21            0            0            0                85.618      1            11.233
    1544   2.683652e+04    1.0000000    0.0000000   2.636719e+00   44   45       106344       106344            0            0            0              1165.629      0           845.692
    1545   2.683916e+04    1.0000000    0.0000000   2.636719e+00   44   44           24           24            0            0            0               103.981      1            50.903
    1546   2.684180e+04    1.0000000    0.0000000   2.636719e+00   44   46       212680       212680            0            0            0              1527.697      0          1032.639
    1547   2.684443e+04    1.0000000    0.0000000   2.636719e+00   44   44           23           23            0            0            0                52.222      1             7.128
    1548   2.684707e+04    1.0000000    0.0000000   2.636719e+00   44   45       106383       106383            0            0            0              1147.772      0           829.953
    1549   2.684971e+04    1.0000000    0.0000000   2.636719e+00   44   44           29           29            0            0            0                61.436      1             9.373
    1550   2.685234e+04    1.0000000    0.0000000   2.636719e+00   44   47       218271       218271            0            0            0              1576.689      0          1037.208
    1551   2.685498e+04    1.0000000    0.0000000   2.636719e+00   44   44           26           26            0            0            0                58.991      1             9.003
    1552   2.685762e+04    1.0000000    0.0000000   2.636719e+00   44   45       106426       106426            0            0            0              1170.534      0           844.188
    1553   2.686025e+04    1.0000000    0.0000000   2.636719e+00   44   44           32           32            0            0            0                59.236      1             8.547
    1554   2.686289e+04    1.0000000    0.0000000   2.636719e+00   44   46       212711       212711            0            0            0              1627.698      0          1075.529
    1555   2.686553e+04    1.0000000    0.0000000   2.636719e+00   44   44           27           27            0            0            0                56.105      1             8.369
    1556   2.686816e+04    1.0000000    0.0000000   2.636719e+00   44   45       106474       106474            0            0            0              1190.964      0           861.032
    1557   2.687080e+04    1.0000000    0.0000000   2.636719e+00   44   44           35           35            0            0            0                61.759      1             9.052
    1558   2.687344e+04    1.0000000    0.0000000   2.636719e+00   44   48       218271       218271            0            0            0              1688.645      0          1119.684
    1559   2.687607e+04    1.0000000    0.0000000   2.636719e+00   44   44           37           37            0            0            0               101.240      1            48.660
    1560   2.687871e+04    1.0000000    0.0000000   2.636719e+00   44   45       106560       106560            0            0            0              1271.339     24           870.179
    1561   2.688135e+04    1.0000000    0.0000000   2.636719e+00   44   44           47           47            0            0            0               103.686      1            51.427
    1562   2.688398e+04    1.0000000    0.0000000   2.636719e+00   44   46       212711       212711            0            0            0              1611.815      0          1083.593
    1563   2.688662e+04    1.0000000    0.0000000   2.636719e+00   44   44           38           38            0            0            0                97.578      1            47.646
    1564   2.688926e+04    1.0000000    0.0000000   2.636719e+00   44   45       106639       106639            0            0            0              1145.089      0           827.923
    1565   2.689189e+04    1.0000000    0.0000000   2.636719e+00   44   44           46           46            0            0            0               100.779      1            49.087
    1566   2.689453e+04    1.0000000    0.0000000   2.636719e+00   44   47       218271       218271            0            0            0              1622.357      0          1105.458
    1567   2.689717e+04    1.0000000    0.0000000   2.636719e+00   44   44           33           33            0            0            0               101.557      1            48.954
    1568   2.689980e+04    1.0000000    0.0000000   2.636719e+00   44   45       106695       106695            0            0            0              1156.528      0           833.250
    1569   2.690244e+04    1.0000000    0.0000000   2.636719e+00   44   44           32           32            0            0            0               103.893      1            50.069
    1570   2.690508e+04    1.0000000    0.0000000   2.636719e+00   44   46       212730       212730            0            0            0              1637.352      0          1076.368
    1571   2.690771e+04    1.0000000    0.0000000   2.636719e+00   44   44           27           27            0            0            0               100.312      1            48.535
    1572   2.691035e+04    1.0000000    0.0000000   2.636719e+00   44   45       106710       106710            0            0            0              1195.995      0           868.483
    1573   2.691299e+04    1.0000000    0.0000000   2.636719e+00   44   44           30           30            0            0            0                99.519      1            48.311
    1574   2.691562e+04    1.0000000    0.0000000   2.636719e+00   44   49       218271       218271            0            0            0              1689.775      0          1154.772
    1575   2.691826e+04    1.0000000    0.0000000   2.636719e+00   44   44           22           22            0            0            0                51.969      1             5.929
    1576   2.692090e+04    1.0000000    0.0000000   2.636719e+00   44   45       106713       106713            0            0            0              1173.941      0           850.861
    1577   2.692354e+04    1.0000000    0.0000000   2.636719e+00   44   44           28           28            0            0            0                52.840      1             5.963
    1578   2.692617e+04    1.0000000    0.0000000   2.636719e+00   44   46       212728       212728            0            0            0              1687.799      0          1155.184
    1579   2.692881e+04    1.0000000    0.0000000   2.636719e+00   44   44           19           19            0            0            0                50.916      1             5.465
    1580   2.693145e+04    1.0000000    0.0000000   2.636719e+00   44   45       106746       106746            0            0            0              1158.462      0           841.303
    1581   2.693408e+04    1.0000000    0.0000000   2.636719e+00   44   44           25           25            0            0            0                52.515      1             5.826
    1582   2.693672e+04    1.0000000    0.0000000   2.636719e+00   44   47       218271       218271            0            0            0              1565.252      0          1029.989
    1583   2.693936e+04    1.0000000    0.0000000   2.636719e+00   44   44           15           15            0            0            0               120.304     17             5.715
    1584   2.694199e+04    1.0000000    0.0000000   2.636719e+00   44   45       106807       106807            0            0            0              1139.337      0           819.954
    1585   2.694463e+04    1.0000000    0.0000000   2.636719e+00   44   44           19           19            0            0            0                52.540      1             5.975
    1586   2.694727e+04    1.0000000    0.0000000   2.636719e+00   44   46       212712       212712            0            0            0              1619.224      0          1092.747
    1587   2.694990e+04    1.0000000    0.0000000   2.636719e+00   44   44           11           11            0            0            0                52.469      1             6.124
    1588   2.695254e+04    1.0000000    0.0000000   2.636719e+00   44   45       107004       107004            0            0            0              1155.502      0           833.204
    1589   2.695518e+04    1.0000000    0.0000000   2.636719e+00   44   44           13           13            0            0            0                48.788      1             5.367
    1590   2.695781e+04    1.0000000    0.0000000   2.636719e+00   44   48       218271       218271            0            0            0              1545.496      0          1013.318
    1591   2.696045e+04    1.0000000    0.0000000   2.636719e+00   44   44            9            9            0            0            0                51.113      1             5.767
    1592   2.696309e+04    1.0000000    0.0000000   2.636719e+00   44   45       107027       107027            0            0            0              1153.240      0           838.535
    1593   2.696572e+04    1.0000000    0.0000000   2.636719e+00   44   44           10           10            0            0            0                73.700      1             8.081
    1594   2.696836e+04    1.0000000    0.0000000   2.636719e+00   44   46       212727       212727            0            0            0              1546.691      0          1008.667
    1595   2.697100e+04    1.0000000    0.0000000   2.636719e+00   44   44            7            7            0            0            0                49.287      1             4.536
    1596   2.697363e+04    1.0000000    0.0000000   2.636719e+00   44   45       107209       107209            0            0            0              1169.292      0           840.079
    1597   2.697627e+04    1.0000000    0.0000000   2.636719e+00   44   44            3            3            0            0            0                53.099      1             4.995
    1598   2.697891e+04    1.0000000    0.0000000   2.636719e+00   44   47       218271       218271            0            0            0              1637.090      0          1082.486
    1599   2.698154e+04    1.0000000    0.0000000   2.636719e+00   44   44            1            1            0            0            0                52.266      1             4.848
    1600   2.698418e+04    1.0000000    0.0000000   2.636719e+00   44   45       107213       107213            0            0            0              1143.550      0           822.911
    1601   2.698682e+04    1.0000000    0.0000000   2.636719e+00   44   44            4            4            0            0            0                50.098      1             4.440
    1602   2.698945e+04    1.0000000    0.0000000   2.636719e+00   44   46       212713       212713            0            0            0              1601.733      0          1074.174
    1603   2.699209e+04    1.0000000    0.0000000   2.636719e+00   44   44            5            5            0            0            0                49.769      1             5.480
    1604   2.699473e+04    1.0000000    0.0000000   2.636719e+00   44   45       107277       107277            0            0            0              1159.369      0           835.627
    1605   2.699736e+04    1.0000000    0.0000000   2.636719e+00   44   44            6            6            0            0            0                52.657      1             5.558
    1606   2.700000e+04    1.0000000    0.0000000   2.636719e+00   44   55       218271       218271            0            0            0              1649.165     24          1062.316
    1607   2.700264e+04    1.0000000    0.0000000   2.636719e+00   44   44            6            6            0            0            0                52.289      1             4.992
    1608   2.700527e+04    1.0000000    0.0000000   2.636719e+00   44   45       107198       107198            0            0            0              1165.353      0           841.639
    1609   2.700791e+04    1.0000000    0.0000000   2.636719e+00   44   44            8            8            0            0            0                53.362      1             5.794
    1610   2.701055e+04    1.0000000    0.0000000   2.636719e+00   44   46       212718       212718            0            0            0              1629.545      0          1037.716
    1611   2.701318e+04    1.0000000    0.0000000   2.636719e+00   44   44            7            7            0            0            0                57.175      1             4.979
    1612   2.701582e+04    1.0000000    0.0000000   2.636719e+00   44   45       107278       107278            0            0            0              1190.473      0           856.814
    1613   2.701846e+04    1.0000000    0.0000000   2.636719e+00   44   44           15           15            0            0            0                54.185      1             6.117
    1614   2.702109e+04    1.0000000    0.0000000   2.636719e+00   44   47       218271       218271            0            0            0              1718.291      0          1125.042
    1615   2.702373e+04    1.0000000    0.0000000   2.636719e+00   44   44           14           14            0            0            0                51.869      1             5.706
    1616   2.702637e+04    1.0000000    0.0000000   2.636719e+00   44   45       107199       107199            0            0            0              1186.713      0           858.011
    1617   2.702900e+04    1.0000000    0.0000000   2.636719e+00   44   44           22           22            0            0            0                51.376      1             5.691
    1618   2.703164e+04    1.0000000    0.0000000   2.636719e+00   44   46       212735       212735            0            0            0              1594.981      0          1054.330
    1619   2.703428e+04    1.0000000    0.0000000   2.636719e+00   44   44           19           19            0            0            0                51.590      1             5.500
    1620   2.703691e+04    1.0000000    0.0000000   2.636719e+00   44   45       107310       107310            0            0            0              1157.990      0           839.855
    1621   2.703955e+04    1.0000000    0.0000000   2.636719e+00   44   44           28           28            0            0            0                53.985      1             6.200
    1622   2.704219e+04    1.0000000    0.0000000   2.636719e+00   44   48       218271       218271            0            0            0              1658.033      0          1077.595
    1623   2.704482e+04    1.0000000    0.0000000   2.636719e+00   44   44           20           20            0            0            0                56.464      1             6.106
    1624   2.704746e+04    1.0000000    0.0000000   2.636719e+00   44   45       107241       107241            0            0            0              1192.816      0           862.788
    1625   2.705010e+04    1.0000000    0.0000000   2.636719e+00   44   44           33           33            0            0            0                52.922      1             5.786
    1626   2.705273e+04    1.0000000    0.0000000   2.636719e+00   44   46       212744       212744            0            0            0              1643.602      0          1085.883
    1627   2.705537e+04    1.0000000    0.0000000   2.636719e+00   44   44           27           27            0            0            0                52.135      1             5.728
    1628   2.705801e+04    1.0000000    0.0000000   2.636719e+00   44   45       107334       107334            0            0            0              1248.898     16           853.317
    1629   2.706064e+04    1.0000000    0.0000000   2.636719e+00   44   44           35           35            0            0            0                53.541      1             5.728
    1630   2.706328e+04    1.0000000    0.0000000   2.636719e+00   44   47       218271       218271            0            0            0              1657.970      0          1097.463
    1631   2.706592e+04    1.0000000    0.0000000   2.636719e+00   44   44           30           30            0            0            0                51.368      1             5.601
    1632   2.706855e+04    1.0000000    0.0000000   2.636719e+00   44   45       107317       107317            0            0            0              1162.083      0           841.464
    1633   2.707119e+04    1.0000000    0.0000000   2.636719e+00   44   44           39           39            0            0            0                52.459      1             5.957
    1634   2.707383e+04    1.0000000    0.0000000   2.636719e+00   44   46       212751       212751            0            0            0              1604.413      0          1048.438
    1635   2.707646e+04    1.0000000    0.0000000   2.636719e+00   44   44           37           37            0            0            0                53.386      1             5.788
    1636   2.707910e+04    1.0000000    0.0000000   2.636719e+00   44   45       107456       107456            0            0            0              1169.821      0           848.391
    1637   2.708174e+04    1.0000000    0.0000000   2.636719e+00   44   44           45           45            0            0            0                52.517      1             6.049
    1638   2.708438e+04    1.0000000    0.0000000   2.636719e+00   44   49       218271       218271            0            0            0              1637.758      0          1051.486
    1639   2.708701e+04    1.0000000    0.0000000   2.636719e+00   44   44           47           47            0            0            0                53.758      1             7.740
    1640   2.708965e+04    1.0000000    0.0000000   2.636719e+00   44   45       107459       107459            0            0            0              1155.262      0           849.051
    1641   2.709229e+04    1.0000000    0.0000000   2.636719e+00   44   44           55           55            0            0            0                53.705      1             7.681
    1642   2.709492e+04    1.0000000    0.0000000   2.636719e+00   44   46       212757       212757            0            0            0              1563.981      0          1041.224
    1643   2.709756e+04    1.0000000    0.0000000   2.636719e+00   44   44           49           49            0            0            0                53.155      1             7.322
    1644   2.710020e+04    1.0000000    0.0000000   2.636719e+00   44   45       107541       107541            0            0            0              1103.825      0           790.191
    1645   2.710283e+04    1.0000000    0.0000000   2.636719e+00   44   44           68           68            0            0            0                53.132      1             7.889
    1646   2.710547e+04    1.0000000    0.0000000   2.636719e+00   44   47       218271       218271            0            0            0              1584.811      0          1036.688
    1647   2.710811e+04    1.0000000    0.0000000   2.636719e+00   44   44           61           61            0            0            0                57.131      1             8.164
    1648   2.711074e+04    1.0000000    0.0000000   2.636719e+00   44   45       107464       107464            0            0            0              1211.051      0           876.884
    1649   2.711338e+04    1.0000000    0.0000000   2.636719e+00   44   44           82           82            0            0            0                56.690      1             7.697
    1650   2.711602e+04    1.0000000    0.0000000   2.636719e+00   44   46       212772       212772            0            0            0              1632.165      0          1073.651
    1651   2.711865e+04    1.0000000    0.0000000   2.636719e+00   44   44           74           74            0            0            0               144.655     25            10.539
    1652   2.712129e+04    1.0000000    0.0000000   2.636719e+00   44   45       107523       107523            0            0            0              1167.137      0           843.310
    1653   2.712393e+04    1.0000000    0.0000000   2.636719e+00   44   44           93           93            0            0            0                57.742      1             8.171
    1654   2.712656e+04    1.0000000    0.0000000   2.636719e+00   44   48       218271       218271            0            0            0              1668.142      0          1115.692
    1655   2.712920e+04    1.0000000    0.0000000   2.636719e+00   44   44           76           76            0            0            0                54.796      1             7.851
    1656   2.713184e+04    1.0000000    0.0000000   2.636719e+00   44   45       107474       107474            0            0            0              1147.614      0           830.096
    1657   2.713447e+04    1.0000000    0.0000000   2.636719e+00   44   44           96           96            0            0            0                55.926      1             7.716
    1658   2.713711e+04    1.0000000    0.0000000   2.636719e+00   44   46       212784       212784            0            0            0              1591.987      0          1053.976
    1659   2.713975e+04    1.0000000    0.0000000   2.636719e+00   44   44           83           83            0            0            0                53.335      1             7.876
    1660   2.714238e+04    1.0000000    0.0000000   2.636719e+00   44   45       107547       107547            0            0            0              1163.663      0           848.999
    1661   2.714502e+04    1.0000000    0.0000000   2.636719e+00   44   44          103          103            0            0            0                58.555      1             8.016
    1662   2.714766e+04    1.0000000    0.0000000   2.636719e+00   44   47       218271       218271            0            0            0              1705.504      0          1131.805
    1663   2.715029e+04    1.0000000    0.0000000   2.636719e+00   44   44           87           87            0            0            0                60.206      1             8.047
    1664   2.715293e+04    1.0000000    0.0000000   2.636719e+00   44   45       107530       107530            0            0            0              1164.869      0           841.058
    1665   2.715557e+04    1.0000000    0.0000000   2.636719e+00   44   44          111          111            0            0            0                58.687      1             8.195
    1666   2.715820e+04    1.0000000    0.0000000   2.636719e+00   44   46       212790       212790            0            0            0              1633.298      0          1062.311
    1667   2.716084e+04    1.0000000    0.0000000   2.636719e+00   44   44           93           93            0            0            0                56.446      1             7.520
    1668   2.716348e+04    1.0000000    0.0000000   2.636719e+00   44   45       107622       107622            0            0            0              1195.084      0           865.900
    1669   2.716611e+04    1.0000000    0.0000000   2.636719e+00   44   44          117          117            0            0            0                57.808      1             8.515
    1670   2.716875e+04    1.0000000    0.0000000   2.636719e+00   44   50       218271       218271            0            0            0              1723.791      0          1110.746
    1671   2.717139e+04    1.0000000    0.0000000   2.636719e+00   44   44           99           99            0            0            0                56.666      1             8.031
    1672   2.717402e+04    1.0000000    0.0000000   2.636719e+00   44   45       107638       107638            0            0            0              1166.540      0           841.193
    1673   2.717666e+04    1.0000000    0.0000000   2.636719e+00   44   44          122          122            0            0            0                54.904      1             7.949
    1674   2.717930e+04    1.0000000    0.0000000   2.636719e+00   44   46       212821       212821            0            0            0              1697.652     16          1106.720
    1675   2.718193e+04    1.0000000    0.0000000   2.636719e+00   44   44          111          111            0            0            0                55.456      1             7.420
    1676   2.718457e+04    1.0000000    0.0000000   2.636719e+00   44   45       107715       107715            0            0            0              1194.513      0           868.249
    1677   2.718721e+04    1.0000000    0.0000000   2.636719e+00   44   44          143          143            0            0            0                58.246      1             8.083
    1678   2.718984e+04    1.0000000    0.0000000   2.636719e+00   44   47       218271       218271            0            0            0              1731.650      0          1158.990
    1679   2.719248e+04    1.0000000    0.0000000   2.636719e+00   44   44          114          114            0            0            0                56.702      1             7.737
    1680   2.719512e+04    1.0000000    0.0000000   2.636719e+00   44   45       107648       107648            0            0            0              1209.298      0           881.262
    1681   2.719775e+04    1.0000000    0.0000000   2.636719e+00   44   44          132          132            0            0            0                56.815      1             7.721
    1682   2.720039e+04    1.0000000    0.0000000   2.636719e+00   44   46       212807       212807            0            0            0              1636.703      0          1087.201
    1683   2.720303e+04    1.0000000    0.0000000   2.636719e+00   44   44          115          115            0            0            0                55.437      1             8.088
    1684   2.720566e+04    1.0000000    0.0000000   2.636719e+00   44   45       107639       107639            0            0            0              1166.036      0           843.635
    1685   2.720830e+04    1.0000000    0.0000000   2.636719e+00   44   44          140          140            0            0            0                55.862      1             8.228
    1686   2.721094e+04    1.0000000    0.0000000   2.636719e+00   44   48       218271       218271            0            0            0              1712.277      0          1160.199
    1687   2.721357e+04    1.0000000    0.0000000   2.636719e+00   44   44          117          117            0            0            0                56.805      1             8.017
    1688   2.721621e+04    1.0000000    0.0000000   2.636719e+00   44   45       107643       107643            0            0            0              1184.958      0           862.550
    1689   2.721885e+04    1.0000000    0.0000000   2.636719e+00   44   44          143          143            0            0            0                57.567      1             8.429
    1690   2.722148e+04    1.0000000    0.0000000   2.636719e+00   44   46       212835       212835            0            0            0              1621.382      0          1079.645
    1691   2.722412e+04    1.0000000    0.0000000   2.636719e+00   44   44          121          121            0            0            0                54.553      1             7.935
    1692   2.722676e+04    1.0000000    0.0000000   2.636719e+00   44   45       107679       107679            0            0            0              1154.860      0           834.689
    1693   2.722939e+04    1.0000000    0.0000000   2.636719e+00   44   44          138          138            0            0            0                55.340      1             7.851
    1694   2.723203e+04    1.0000000    0.0000000   2.636719e+00   44   47       218271       218271            0            0            0              1600.318      0          1054.259
    1695   2.723467e+04    1.0000000    0.0000000   2.636719e+00   44   44          128          128            0            0            0                52.511      1             7.520
    1696   2.723730e+04    1.0000000    0.0000000   2.636719e+00   44   45       107714       107714            0            0            0              1190.299      0           868.830
    1697   2.723994e+04    1.0000000    0.0000000   2.636719e+00   44   44          149          149            0            0            0               115.765     25             7.661
    1698   2.724258e+04    1.0000000    0.0000000   2.636719e+00   44   46       212848       212848            0            0            0              1576.574      0          1064.686
    1699   2.724521e+04    1.0000000    0.0000000   2.636719e+00   44   44          144          144            0            0            0                52.156      1             7.485
    1700   2.724785e+04    1.0000000    0.0000000   2.636719e+00   44   45       107805       107805            0            0            0              1149.684      0           836.058
    1701   2.725049e+04    1.0000000    0.0000000   2.636719e+00   44   44          182          182            0            0            0                56.931      1             8.514
    1702   2.725312e+04    1.0000000    0.0000000   2.636719e+00   44   49       218271       218271            0            0            0              1611.159      0          1057.080
    1703   2.725576e+04    1.0000000    0.0000000   2.636719e+00   44   44          163          163            0            0            0                56.513      1             7.794
    1704   2.725840e+04    1.0000000    0.0000000   2.636719e+00   44   45       107767       107767            0            0            0              1156.147      0           839.867
    1705   2.726104e+04    1.0000000    0.0000000   2.636719e+00   44   44          195          195            0            0            0                60.105      1             8.177
    1706   2.726367e+04    1.0000000    0.0000000   2.636719e+00   44   46       212830       212830            0            0            0              1675.841      0          1132.608
    1707   2.726631e+04    1.0000000    0.0000000   2.636719e+00   44   44          171          171            0            0            0                57.111      1             8.032
    1708   2.726895e+04    1.0000000    0.0000000   2.636719e+00   44   45       107769       107769            0            0            0              1172.714      0           846.275
    1709   2.727158e+04    1.0000000    0.0000000   2.636719e+00   44   44          210          210            0            0            0                61.144      1             8.600
    1710   2.727422e+04    1.0000000    0.0000000   2.636719e+00   44   47       218271       218271            0            0            0              1718.470      0          1159.933
    1711   2.727686e+04    1.0000000    0.0000000   2.636719e+00   44   44          182          182            0            0            0                54.362      1             8.131
    1712   2.727949e+04    1.0000000    0.0000000   2.636719e+00   44   45       107729       107729            0            0            0              1151.618      0           840.194
    1713   2.728213e+04    1.0000000    0.0000000   2.636719e+00   44   44          215          215            0            0            0                57.583      1             8.305
    1714   2.728477e+04    1.0000000    0.0000000   2.636719e+00   44   46       212811       212811            0            0            0              1595.565      0          1066.065
    1715   2.728740e+04    1.0000000    0.0000000   2.636719e+00   44   44          180          180            0            0            0                61.830      1            10.317
    1716   2.729004e+04    1.0000000    0.0000000   2.636719e+00   44   45       107685       107685            0            0            0              1193.019      0           862.082
    1717   2.729268e+04    1.0000000    0.0000000   2.636719e+00   44   44          224          224            0            0            0                60.516      1             8.143
    1718   2.729531e+04    1.0000000    0.0000000   2.636719e+00   44   48       218271       218271            0            0            0              1632.765      0          1049.407
    1719   2.729795e+04    1.0000000    0.0000000   2.636719e+00   44   44          183          183            0            0            0               127.020     17             8.355
    1720   2.730059e+04    1.0000000    0.0000000   2.636719e+00   44   45       107607       107607            0            0            0              1209.657      0           878.359
    1721   2.730322e+04    1.0000000    0.0000000   2.636719e+00   44   44          225          225            0            0            0                58.508      1             8.357
    1722   2.730586e+04    1.0000000    0.0000000   2.636719e+00   44   46       212797       212797            0            0            0              1694.937      0          1116.256
    1723   2.730850e+04    1.0000000    0.0000000   2.636719e+00   44   44          184          184            0            0            0                57.143      1             8.259
    1724   2.731113e+04    1.0000000    0.0000000   2.636719e+00   44   45       107549       107549            0            0            0              1214.153      0           878.177
    1725   2.731377e+04    1.0000000    0.0000000   2.636719e+00   44   44          231          231            0            0            0                57.940      1             8.943
    1726   2.731641e+04    1.0000000    0.0000000   2.636719e+00   44   47       218271       218271            0            0            0              1744.039      0          1162.638
    1727   2.731904e+04    1.0000000    0.0000000   2.636719e+00   44   44          192          192            0            0            0                56.173      1             9.178
    1728   2.732168e+04    1.0000000    0.0000000   2.636719e+00   44   45       107432       107432            0            0            0              1201.896      0           866.743
    1729   2.732432e+04    1.0000000    0.0000000   2.636719e+00   44   44          220          220            0            0            0                61.017      1             8.666
    1730   2.732695e+04    1.0000000    0.0000000   2.636719e+00   44   46       212769       212769            0            0            0              1752.715      0          1177.667
    1731   2.732959e+04    1.0000000    0.0000000   2.636719e+00   44   44          193          193            0            0            0                57.971      1             8.590
    1732   2.733223e+04    1.0000000    0.0000000   2.636719e+00   44   45       107336       107336            0            0            0              1203.508      0           869.376
    1733   2.733486e+04    1.0000000    0.0000000   2.636719e+00   44   44          217          217            0            0            0                59.487      1             8.489
    1734   2.733750e+04    1.0000000    0.0000000   2.636719e+00   44   51       218271       218271            0            0            0              1691.270      0          1111.513
    1735   2.734014e+04    1.0000000    0.0000000   2.636719e+00   44   44          188          188            0            0            0                56.451      1             8.867
    1736   2.734277e+04    1.0000000    0.0000000   2.636719e+00   44   45       107224       107224            0            0            0              1221.235      0           891.179
    1737   2.734541e+04    1.0000000    0.0000000   2.636719e+00   44   44          212          212            0            0            0                56.694      1             7.857
    1738   2.734805e+04    1.0000000    0.0000000   2.636719e+00   44   46       212754       212754            0            0            0              1642.904      0          1086.421
    1739   2.735068e+04    1.0000000    0.0000000   2.636719e+00   44   44          185          185            0            0            0                54.235      1             7.823
    1740   2.735332e+04    1.0000000    0.0000000   2.636719e+00   44   45       107154       107154            0            0            0              1170.131      0           850.456
    1741   2.735596e+04    1.0000000    0.0000000   2.636719e+00   44   44          212          212            0            0            0                57.812      1             8.383
    1742   2.735859e+04    1.0000000    0.0000000   2.636719e+00   44   47       218271       218271            0            0            0              1715.148     24          1082.099
    1743   2.736123e+04    1.0000000    0.0000000   2.636719e+00   44   44          184          184            0            0            0                54.130      1             8.852
    1744   2.736387e+04    1.0000000    0.0000000   2.636719e+00   44   45       107029       107029            0            0            0              1182.717      0           857.092
    1745   2.736650e+04    1.0000000    0.0000000   2.636719e+00   44   44          209          209            0            0            0                54.940      1             7.687
    1746   2.736914e+04    1.0000000    0.0000000   2.636719e+00   44   46       212751       212751            0            0            0              1622.968      0          1072.542
    1747   2.737178e+04    1.0000000    0.0000000   2.636719e+00   44   44          179          179            0            0            0                55.799      1             8.618
    1748   2.737441e+04    1.0000000    0.0000000   2.636719e+00   44   45       106947       106947            0            0            0              1160.279      0           843.037
    1749   2.737705e+04    1.0000000    0.0000000   2.636719e+00   44   44          200          200            0            0            0                54.915      1             8.000
    1750   2.737969e+04    1.0000000    0.0000000   2.636719e+00   44   48       218271       218271            0            0            0              1628.984      0          1084.736
    1751   2.738232e+04    1.0000000    0.0000000   2.636719e+00   44   44          177          177            0            0            0                54.487      1             7.979
    1752   2.738496e+04    1.0000000    0.0000000   2.636719e+00   44   45       106832       106832            0            0            0              1144.784      0           832.448
    1753   2.738760e+04    1.0000000    0.0000000   2.636719e+00   44   44          188          188            0            0            0                55.134      1             7.577
    1754   2.739023e+04    1.0000000    0.0000000   2.636719e+00   44   46       212732       212732            0            0            0              1603.328      0          1069.644
    1755   2.739287e+04    1.0000000    0.0000000   2.636719e+00   44   44          166          166            0            0            0                53.944      1             7.523
    1756   2.739551e+04    1.0000000    0.0000000   2.636719e+00   44   45       106739       106739            0            0            0              1166.914      0           848.053
    1757   2.739814e+04    1.0000000    0.0000000   2.636719e+00   44   44          191          191            0            0            0                58.428      1             8.639
    1758   2.740078e+04    1.0000000    0.0000000   2.636719e+00   44   47       218271       218271            0            0            0              1629.404      0          1091.527
    1759   2.740342e+04    1.0000000    0.0000000   2.636719e+00   44   44          158          158            0            0            0                57.674      1             8.562
    1760   2.740605e+04    1.0000000    0.0000000   2.636719e+00   44   45       106610       106610            0            0            0              1174.685      0           853.962
    1761   2.740869e+04    1.0000000    0.0000000   2.636719e+00   44   44          187          187            0            0            0                55.684      1             8.317
    1762   2.741133e+04    1.0000000    0.0000000   2.636719e+00   44   46       212714       212714            0            0            0              1682.077      0          1165.993
    1763   2.741396e+04    1.0000000    0.0000000   2.636719e+00   44   44          149          149            0            0            0                57.026      1             9.026
    1764   2.741660e+04    1.0000000    0.0000000   2.636719e+00   44   45       106608       106608            0            0            0              1160.598      0           836.406
    1765   2.741924e+04    1.0000000    0.0000000   2.636719e+00   44   44          180          180            0            0            0               123.290     17             8.084
    1766   2.742188e+04    1.0000000    0.0000000   2.636719e+00   44   49       218271       218271            0            0            0              1593.316      0          1050.919
    1767   2.742451e+04    1.0000000    0.0000000   2.636719e+00   44   44          145          145            0            0            0                54.957      1             8.111
    1768   2.742715e+04    1.0000000    0.0000000   2.636719e+00   44   45       106536       106536            0            0            0              1166.066      0           843.736
    1769   2.742979e+04    1.0000000    0.0000000   2.636719e+00   44   44          167          167            0            0            0                58.866      1             9.187
    1770   2.743242e+04    1.0000000    0.0000000   2.636719e+00   44   46       212690       212690            0            0            0              1661.278      0          1093.459
    1771   2.743506e+04    1.0000000    0.0000000   2.636719e+00   44   44          134          134            0            0            0                58.855      1             8.342
    1772   2.743770e+04    1.0000000    0.0000000   2.636719e+00   44   45       106570       106570            0            0            0              1204.589      0           870.125
    1773   2.744033e+04    1.0000000    0.0000000   2.636719e+00   44   44          156          156            0            0            0                63.363      1             8.392
    1774   2.744297e+04    1.0000000    0.0000000   2.636719e+00   44   47       218271       218271            0            0            0              1714.800      0          1139.906
    1775   2.744561e+04    1.0000000    0.0000000   2.636719e+00   44   44          127          127            0            0            0                58.272      1             7.939
    1776   2.744824e+04    1.0000000    0.0000000   2.636719e+00   44   45       106560       106560            0            0            0              1220.814      0           885.718
    1777   2.745088e+04    1.0000000    0.0000000   2.636719e+00   44   44          141          141            0            0            0                54.642      1             7.923
    1778   2.745352e+04    1.0000000    0.0000000   2.636719e+00   44   46       212688       212688            0            0            0              1657.290      0          1092.015
    1779   2.745615e+04    1.0000000    0.0000000   2.636719e+00   44   44          130          130            0            0            0                55.811      1             8.153
    1780   2.745879e+04    1.0000000    0.0000000   2.636719e+00   44   45       106615       106615            0            0            0              1170.279      0           841.942
    1781   2.746143e+04    1.0000000    0.0000000   2.636719e+00   44   44          154          154            0            0            0                55.708      1             8.029
    1782   2.746406e+04    1.0000000    0.0000000   2.636719e+00   44   48       218271       218271            0            0            0              1676.632      0          1128.348
    1783   2.746670e+04    1.0000000    0.0000000   2.636719e+00   44   44          133          133            0            0            0                57.778      1             8.310
    1784   2.746934e+04    1.0000000    0.0000000   2.636719e+00   44   45       106520       106520            0            0            0              1178.410      0           855.674
    1785   2.747197e+04    1.0000000    0.0000000   2.636719e+00   44   44          153          153            0            0            0                57.728      1             7.617
    1786   2.747461e+04    1.0000000    0.0000000   2.636719e+00   44   46       212684       212684            0            0            0              1671.202      0          1114.418
    1787   2.747725e+04    1.0000000    0.0000000   2.636719e+00   44   44          129          129            0            0            0                53.967      1             7.498
    1788   2.747988e+04    1.0000000    0.0000000   2.636719e+00   44   45       106481       106481            0            0            0              1264.173     24           870.283
    1789   2.748252e+04    1.0000000    0.0000000   2.636719e+00   44   44          148          148            0            0            0                57.117      1             8.063
    1790   2.748516e+04    1.0000000    0.0000000   2.636719e+00   44   47       218271       218271            0            0            0              1715.052      0          1141.382
    1791   2.748779e+04    1.0000000    0.0000000   2.636719e+00   44   44          124          124            0            0            0                54.310      1             7.397
    1792   2.749043e+04    1.0000000    0.0000000   2.636719e+00   44   45       106320       106320            0            0            0              1217.574      0           880.681
    1793   2.749307e+04    1.0000000    0.0000000   2.636719e+00   44   44          146          146            0            0            0                55.869      1             8.338
    1794   2.749570e+04    1.0000000    0.0000000   2.636719e+00   44   46       212689       212689            0            0            0              1580.897      0          1058.666
    1795   2.749834e+04    1.0000000    0.0000000   2.636719e+00   44   44          120          120            0            0            0                55.239      1             8.426
    1796   2.750098e+04    1.0000000    0.0000000   2.636719e+00   44   45       106236       106236            0            0            0              1182.110      0           853.949
    1797   2.750361e+04    1.0000000    0.0000000   2.636719e+00   44   44          140          140            0            0            0                58.017      1             8.681
    1798   2.750625e+04    1.0000000    0.0000000   2.636719e+00   44   50       218271       218271            0            0            0              1636.283      0          1078.149
    1799   2.750889e+04    1.0000000    0.0000000   2.636719e+00   44   44          117          117            0            0            0                55.975      1             8.055
    1800   2.751152e+04    1.0000000    0.0000000   2.636719e+00   44   45       106090       106090            0            0            0              1190.979      0           867.992
    1801   2.751416e+04    1.0000000    0.0000000   2.636719e+00   44   44          130          130            0            0            0                55.041      1             7.840
    1802   2.751680e+04    1.0000000    0.0000000   2.636719e+00   44   46       212676       212676            0            0            0              1603.834      0          1070.344
    1803   2.751943e+04    1.0000000    0.0000000   2.636719e+00   44   44          108          108            0            0            0                55.936      1             8.326
    1804   2.752207e+04    1.0000000    0.0000000   2.636719e+00   44   45       106039       106039            0            0            0              1183.194      0           858.789
    1805   2.752471e+04    1.0000000    0.0000000   2.636719e+00   44   44          127          127            0            0            0                56.451      1             7.874
    1806   2.752734e+04    1.0000000    0.0000000   2.636719e+00   44   47       218271       218271            0            0            0              1593.972      0          1062.741
    1807   2.752998e+04    1.0000000    0.0000000   2.636719e+00   44   44          112          112            0            0            0                53.281      1             7.297
    1808   2.753262e+04    1.0000000    0.0000000   2.636719e+00   44   45       105890       105890            0            0            0              1144.418      0           828.835
    1809   2.753525e+04    1.0000000    0.0000000   2.636719e+00   44   44          130          130            0            0            0                61.105      1             9.538
    1810   2.753789e+04    1.0000000    0.0000000   2.636719e+00   44   46       212648       212648            0            0            0              1701.741     16          1040.981
    1811   2.754053e+04    1.0000000    0.0000000   2.636719e+00   44   44          113          113            0            0            0                69.878      1            12.037
    1812   2.754316e+04    1.0000000    0.0000000   2.636719e+00   44   45       105851       105851            0            0            0              1093.426      0           781.439
    1813   2.754580e+04    1.0000000    0.0000000   2.636719e+00   44   44          124          124            0            0            0                62.664      1             8.217
    1814   2.754844e+04    1.0000000    0.0000000   2.636719e+00   44   48       218271       218271            0            0            0              1627.220      0          1060.582
    1815   2.755107e+04    1.0000000    0.0000000   2.636719e+00   44   44          112          112            0            0            0                55.538      1             8.088
    1816   2.755371e+04    1.0000000    0.0000000   2.636719e+00   44   45       105684       105684            0            0            0              1171.874      0           839.756
    1817   2.755635e+04    1.0000000    0.0000000   2.636719e+00   44   44          118          118            0            0            0                59.792      1             8.311
    1818   2.755898e+04    1.0000000    0.0000000   2.636719e+00   44   46       212637       212637            0            0            0              1620.828      0          1070.180
    1819   2.756162e+04    1.0000000    0.0000000   2.636719e+00   44   44          108          108            0            0            0                57.984      1             7.819
    1820   2.756426e+04    1.0000000    0.0000000   2.636719e+00   44   45       105635       105635            0            0            0              1137.113      0           823.318
    1821   2.756689e+04    1.0000000    0.0000000   2.636719e+00   44   44          120          120            0            0            0                56.536      1             7.850
    1822   2.756953e+04    1.0000000    0.0000000   2.636719e+00   44   47       218271       218271            0            0            0              1633.918      0          1086.877
    1823   2.757217e+04    1.0000000    0.0000000   2.636719e+00   44   44          106          106            0            0            0                60.468      1             8.717
    1824   2.757480e+04    1.0000000    0.0000000   2.636719e+00   44   45       105531       105531            0            0            0              1141.914      0           825.772
    1825   2.757744e+04    1.0000000    0.0000000   2.636719e+00   44   44          119          119            0            0            0                59.157      1             8.238
    1826   2.758008e+04    1.0000000    0.0000000   2.636719e+00   44   46       212646       212646            0            0            0              1626.400      0          1065.275
    1827   2.758271e+04    1.0000000    0.0000000   2.636719e+00   44   44          104          104            0            0            0                89.363      1             9.592
    1828   2.758535e+04    1.0000000    0.0000000   2.636719e+00   44   45       105517       105517            0            0            0              1161.710      0           847.724
    1829   2.758799e+04    1.0000000    0.0000000   2.636719e+00   44   44          122          122            0            0            0                56.898      1             7.770
    1830   2.759062e+04    1.0000000    0.0000000   2.636719e+00   44   49       218271       218271            0            0            0              1653.866      0          1091.161
    1831   2.759326e+04    1.0000000    0.0000000   2.636719e+00   44   44          104          104            0            0            0                56.085      1             8.148
    1832   2.759590e+04    1.0000000    0.0000000   2.636719e+00   44   45       105437       105437            0            0            0              1218.642      0           873.912
    1833   2.759854e+04    1.0000000    0.0000000   2.636719e+00   44   44          123          123            0            0            0               141.785     25             7.921
    1834   2.760117e+04    1.0000000    0.0000000   2.636719e+00   44   46       212653       212653            0            0            0              1579.063      0          1048.427
    1835   2.760381e+04    1.0000000    0.0000000   2.636719e+00   44   44          108          108            0            0            0                55.636      1             8.117
    1836   2.760645e+04    1.0000000    0.0000000   2.636719e+00   44   45       105469       105469            0            0            0              1142.434      0           827.373
    1837   2.760908e+04    1.0000000    0.0000000   2.636719e+00   44   44          122          122            0            0            0                54.340      1             7.401
    1838   2.761172e+04    1.0000000    0.0000000   2.636719e+00   44   47       218271       218271            0            0            0              1628.707      0          1098.550
    1839   2.761436e+04    1.0000000    0.0000000   2.636719e+00   44   44          108          108            0            0            0                59.486      1             8.442
    1840   2.761699e+04    1.0000000    0.0000000   2.636719e+00   44   45       105434       105434            0            0            0              1168.747      0           836.108
    1841   2.761963e+04    1.0000000    0.0000000   2.636719e+00   44   44          127          127            0            0            0                57.710      1             7.906
    1842   2.762227e+04    1.0000000    0.0000000   2.636719e+00   44   46       212684       212684            0            0            0              1635.122      0          1094.273
    1843   2.762490e+04    1.0000000    0.0000000   2.636719e+00   44   44          102          102            0            0            0                56.572      1             7.814
    1844   2.762754e+04    1.0000000    0.0000000   2.636719e+00   44   45       105472       105472            0            0            0              1190.341      0           861.768
    1845   2.763018e+04    1.0000000    0.0000000   2.636719e+00   44   44          123          123            0            0            0                55.347      1             7.885
    1846   2.763281e+04    1.0000000    0.0000000   2.636719e+00   44   48       218271       218271            0            0            0              1633.618      0          1090.626
    1847   2.763545e+04    1.0000000    0.0000000   2.636719e+00   44   44           95           95            0            0            0                54.791      1             8.018
    1848   2.763809e+04    1.0000000    0.0000000   2.636719e+00   44   45       105441       105441            0            0            0              1180.625      0           859.454
    1849   2.764072e+04    1.0000000    0.0000000   2.636719e+00   44   44          114          114            0            0            0                55.086      1             7.883
    1850   2.764336e+04    1.0000000    0.0000000   2.636719e+00   44   46       212680       212680            0            0            0              1570.839      0          1055.316
    1851   2.764600e+04    1.0000000    0.0000000   2.636719e+00   44   44           90           90            0            0            0                55.665      1             7.625
    1852   2.764863e+04    1.0000000    0.0000000   2.636719e+00   44   45       105482       105482            0            0            0              1174.678      0           859.801
    1853   2.765127e+04    1.0000000    0.0000000   2.636719e+00   44   44          104          104            0            0            0                56.847      1             8.372
    1854   2.765391e+04    1.0000000    0.0000000   2.636719e+00   44   47       218271       218271            0            0            0              1596.769      0          1057.619
    1855   2.765654e+04    1.0000000    0.0000000   2.636719e+00   44   44           82           82            0            0            0                54.540      1             7.380
    1856   2.765918e+04    1.0000000    0.0000000   2.636719e+00   44   45       105507       105507            0            0            0              1210.791     16           835.002
    1857   2.766182e+04    1.0000000    0.0000000   2.636719e+00   44   44           92           92            0            0            0                57.347      1             8.478
    1858   2.766445e+04    1.0000000    0.0000000   2.636719e+00   44   46       212687       212687            0            0            0              1561.916      0          1041.244
    1859   2.766709e+04    1.0000000    0.0000000   2.636719e+00   44   44           73           73            0            0            0                55.471      1             7.440
    1860   2.766973e+04    1.0000000    0.0000000   2.636719e+00   44   45       105606       105606            0            0            0              1148.518      0           836.406
    1861   2.767236e+04    1.0000000    0.0000000   2.636719e+00   44   44           80           80            0            0            0                53.445      1             7.411
    1862   2.767500e+04    1.0000000    0.0000000   2.636719e+00   44   52       218271       218271            0            0            0              1608.912      0          1094.593
    1863   2.767764e+04    1.0000000    0.0000000   2.636719e+00   44   44           65           65            0            0            0                53.233      1             7.910
    1864   2.768027e+04    1.0000000    0.0000000   2.636719e+00   44   45       105664       105664            0            0            0              1164.388      0           849.725
    1865   2.768291e+04    1.0000000    0.0000000   2.636719e+00   44   44           71           71            0            0            0                58.453      1             8.055
    1866   2.768555e+04    1.0000000    0.0000000   2.636719e+00   44   46       212679       212679            0            0            0              1635.020      0          1117.370
    1867   2.768818e+04    1.0000000    0.0000000   2.636719e+00   44   44           57           57            0            0            0                53.431      1             7.022
    1868   2.769082e+04    1.0000000    0.0000000   2.636719e+00   44   45       105791       105791            0            0            0              1155.348      0           837.037
    1869   2.769346e+04    1.0000000    0.0000000   2.636719e+00   44   44           64           64            0            0            0                67.512      1             8.535
    1870   2.769609e+04    1.0000000    0.0000000   2.636719e+00   44   47       218271       218271            0            0            0              1597.648      0          1057.143
    1871   2.769873e+04    1.0000000    0.0000000   2.636719e+00   44   44           44           44            0            0            0                55.829      1             7.749
    1872   2.770137e+04    1.0000000    0.0000000   2.636719e+00   44   45       105889       105889            0            0            0              1137.011      0           823.438
    1873   2.770400e+04    1.0000000    0.0000000   2.636719e+00   44   44           47           47            0            0            0                55.063      1             7.887
    1874   2.770664e+04    1.0000000    0.0000000   2.636719e+00   44   46       212692       212692            0            0            0              1600.243      0          1061.219
    1875   2.770928e+04    1.0000000    0.0000000   2.636719e+00   44   44           33           33            0            0            0                52.488      1             7.351
    1876   2.771191e+04    1.0000000    0.0000000   2.636719e+00   44   45       106024       106024            0            0            0              1136.678      0           823.276
    1877   2.771455e+04    1.0000000    0.0000000   2.636719e+00   44   44           35           35            0            0            0                54.421      1             7.445
    1878   2.771719e+04    1.0000000    0.0000000   2.636719e+00   44   48       218271       218271            0            0            0              1584.862      0          1035.921
    1879   2.771982e+04    1.0000000    0.0000000   2.636719e+00   44   44           22           22            0            0            0               130.642     25             8.021
    1880   2.772246e+04    1.0000000    0.0000000   2.636719e+00   44   45       106028       106028            0            0            0              1154.578      0           839.710
    1881   2.772510e+04    1.0000000    0.0000000   2.636719e+00   44   44           19           19            0            0            0                58.322      1             7.353
    1882   2.772773e+04    1.0000000    0.0000000   2.636719e+00   44   46       212683       212683            0            0            0              1586.775      0          1047.129
    1883   2.773037e+04    1.0000000    0.0000000   2.636719e+00   44   44           10           10            0            0            0                65.638      1             8.089
    1884   2.773301e+04    1.0000000    0.0000000   2.636719e+00   44   45       106074       106074            0            0            0              1155.131      0           832.488
    1885   2.773564e+04    1.0000000    0.0000000   2.636719e+00   44   44           10           10            0            0            0                52.171      1             4.969
    1886   2.773828e+04    1.0000000    0.0000000   2.636719e+00   44   47       218271       218271            0            0            0              1635.226      0          1077.407
    1887   2.774092e+04    1.0000000    0.0000000   2.636719e+00   44   44            6            6            0            0            0                50.299      1             4.494
    1888   2.774355e+04    1.0000000    0.0000000   2.636719e+00   44   45       106017       106017            0            0            0              1167.954      0           849.167
    1889   2.774619e+04    1.0000000    0.0000000   2.636719e+00   44   44            6            6            0            0            0                52.257      1             4.740
    1890   2.774883e+04    1.0000000    0.0000000   2.636719e+00   44   46       212673       212673            0            0            0              1587.622      0          1090.905
    1891   2.775146e+04    1.0000000    0.0000000   2.636719e+00   44   44            2            2            0            0            0                49.527      1             4.470
    1892   2.775410e+04    1.0000000    0.0000000   2.636719e+00   44   45       106146       106146            0            0            0              1140.888      0           832.815
    1893   2.775674e+04    1.0000000    0.0000000   2.636719e+00   44   44            1            1            0            0            0                49.804      1             4.585
    1894   2.775938e+04    1.0000000    0.0000000   2.636719e+00   44   49       218271       218271            0            0            0              1603.949      0          1052.677
    1895   2.776465e+04    1.0000000    0.0000000   5.273438e+00   45   45       105796       105796            0            0            0              1225.438      1           854.409
    1896   2.776992e+04    1.0000000    0.0000000   5.273438e+00   45   46       212656       212656            0            0            0              1681.916      1          1096.592
    1897   2.777256e+04    1.0000000    0.0000000   2.636719e+00   44   44            1            1            0            0            0                94.566      1            44.914
    1898   2.777520e+04    1.0000000    0.0000000   2.636719e+00   44   45       105938       105938            0            0            0              1188.970      0           874.239
    1899   2.777783e+04    1.0000000    0.0000000   2.636719e+00   44   44            2            2            0            0            0               158.908     17            47.413
    1900   2.778047e+04    1.0000000    0.0000000   2.636719e+00   44   47       218271       218271            0            0            0              1539.713      0          1066.579
    1901   2.778311e+04    1.0000000    0.0000000   2.636719e+00   44   44            3            3            0            0            0                87.666      1            38.408
    1902   2.778574e+04    1.0000000    0.0000000   2.636719e+00   44   45       105623       105623            0            0            0              1028.710      0           752.636
    1903   2.778838e+04    1.0000000    0.0000000   2.636719e+00   44   44            4            4            0            0            0                87.181      1            38.438
    1904   2.779102e+04    1.0000000    0.0000000   2.636719e+00   44   46       212626       212626            0            0            0              1412.761      0           968.789
    1905   2.779365e+04    1.0000000    0.0000000   2.636719e+00   44   44            4            4            0            0            0                87.546      1            37.671
    1906   2.779629e+04    1.0000000    0.0000000   2.636719e+00   44   45       105621       105621            0            0            0              1052.136      0           776.307
    1907   2.779893e+04    1.0000000    0.0000000   2.636719e+00   44   44            4            4            0            0            0                87.154      1            37.512
    1908   2.780156e+04    1.0000000    0.0000000   2.636719e+00   44   48       218271       218271            0            0            0              1451.998      0          1011.296
    1909   2.780420e+04    1.0000000    0.0000000   2.636719e+00   44   44            3            3            0            0            0                86.641      1            41.622
    1910   2.780684e+04    1.0000000    0.0000000   2.636719e+00   44   45       105429       105429            0            0            0              1047.886      0           767.794
    1911   2.780947e+04    1.0000000    0.0000000   2.636719e+00   44   44            4            4            0            0            0                86.674      1            37.801
    1912   2.781211e+04    1.0000000    0.0000000   2.636719e+00   44   46       212609       212609            0            0            0              1414.742      0           969.451
    1913   2.781475e+04    1.0000000    0.0000000   2.636719e+00   44   44            3            3            0            0            0                89.443      1            42.467
    1914   2.781738e+04    1.0000000    0.0000000   2.636719e+00   44   45       105448       105448            0            0            0              1023.751      0           742.209
    1915   2.782002e+04    1.0000000    0.0000000   2.636719e+00   44   44            5            5            0            0            0                83.914      1            36.104
    1916   2.782266e+04    1.0000000    0.0000000   2.636719e+00   44   47       218271       218271            0            0            0              1437.779      0           978.238
    1917   2.782529e+04    1.0000000    0.0000000   2.636719e+00   44   44            2            2            0            0            0                83.790      1            39.293
    1918   2.782793e+04    1.0000000    0.0000000   2.636719e+00   44   45       105267       105267            0            0            0              1026.278      0           751.163
    1919   2.783057e+04    1.0000000    0.0000000   2.636719e+00   44   44            7            7            0            0            0                85.180      1            35.981
    1920   2.783320e+04    1.0000000    0.0000000   2.636719e+00   44   46       212594       212594            0            0            0              1446.794      0           993.920
    1921   2.783584e+04    1.0000000    0.0000000   2.636719e+00   44   44            5            5            0            0            0                84.998      1            39.298
    1922   2.783848e+04    1.0000000    0.0000000   2.636719e+00   44   45       105298       105298            0            0            0              1102.426     24           762.038
    1923   2.784111e+04    1.0000000    0.0000000   2.636719e+00   44   44           10           10            0            0            0                83.791      1            35.812
    1924   2.784375e+04    1.0000000    0.0000000   2.636719e+00   44   50       218271       218271            0            0            0              1453.370      0           985.903
    1925   2.784639e+04    1.0000000    0.0000000   2.636719e+00   44   44            7            7            0            0            0                87.050      1            40.600
    1926   2.784902e+04    1.0000000    0.0000000   2.636719e+00   44   45       105131       105131            0            0            0              1046.423      0           768.506
    1927   2.785166e+04    1.0000000    0.0000000   2.636719e+00   44   44           12           12            0            0            0                86.794      1            36.662
    1928   2.785430e+04    1.0000000    0.0000000   2.636719e+00   44   46       212593       212593            0            0            0              1443.920      0           986.329
    1929   2.785693e+04    1.0000000    0.0000000   2.636719e+00   44   44            9            9            0            0            0                87.834      1            38.616
    1930   2.785957e+04    1.0000000    0.0000000   2.636719e+00   44   45       105146       105146            0            0            0              1064.190      0           783.063
    1931   2.786221e+04    1.0000000    0.0000000   2.636719e+00   44   44           13           13            0            0            0                85.547      1            37.164
    1932   2.786484e+04    1.0000000    0.0000000   2.636719e+00   44   47       218271       218271            0            0            0              1470.331      0          1034.610
    1933   2.786748e+04    1.0000000    0.0000000   2.636719e+00   44   44           10           10            0            0            0                85.814      1            36.715
    1934   2.787012e+04    1.0000000    0.0000000   2.636719e+00   44   45       105003       105003            0            0            0              1050.267      0           770.974
    1935   2.787275e+04    1.0000000    0.0000000   2.636719e+00   44   44           13           13            0            0            0                86.350      1            36.959
    1936   2.787539e+04    1.0000000    0.0000000   2.636719e+00   44   46       212574       212574            0            0            0              1475.937      0          1029.723
    1937   2.787803e+04    1.0000000    0.0000000   2.636719e+00   44   44           11           11            0            0            0                84.401      1            36.787
    1938   2.788066e+04    1.0000000    0.0000000   2.636719e+00   44   45       105036       105036            0            0            0              1038.243      0           763.710
    1939   2.788330e+04    1.0000000    0.0000000   2.636719e+00   44   44           14           14            0            0            0                85.943      1            36.456
    1940   2.788594e+04    1.0000000    0.0000000   2.636719e+00   44   48       218271       218271            0            0            0              1446.080      0           974.103
    1941   2.788857e+04    1.0000000    0.0000000   2.636719e+00   44   44           11           11            0            0            0                83.853      1            36.010
    1942   2.789121e+04    1.0000000    0.0000000   2.636719e+00   44   45       104906       104906            0            0            0              1058.630      0           781.518
    1943   2.789385e+04    1.0000000    0.0000000   2.636719e+00   44   44           16           16            0            0            0                88.410      1            37.819
    1944   2.789648e+04    1.0000000    0.0000000   2.636719e+00   44   46       212564       212564            0            0            0              1449.888      0           990.924
    1945   2.789912e+04    1.0000000    0.0000000   2.636719e+00   44   44           12           12            0            0            0               142.317     17            36.746
    1946   2.790176e+04    1.0000000    0.0000000   2.636719e+00   44   45       104936       104936            0            0            0              1046.521      0           768.675
    1947   2.790439e+04    1.0000000    0.0000000   2.636719e+00   44   44           17           17            0            0            0                87.429      1            37.120
    1948   2.790703e+04    1.0000000    0.0000000   2.636719e+00   44   47       218271       218271            0            0            0              1468.689      0          1000.756
    1949   2.790967e+04    1.0000000    0.0000000   2.636719e+00   44   44           13           13            0            0            0                89.336      1            40.098
    1950   2.791230e+04    1.0000000    0.0000000   2.636719e+00   44   45       104802       104802            0            0            0              1050.736      0           776.523
    1951   2.791494e+04    1.0000000    0.0000000   2.636719e+00   44   44           18           18            0            0            0                90.362      1            40.798
    1952   2.791758e+04    1.0000000    0.0000000   2.636719e+00   44   46       212527       212527            0            0            0              1442.021      0           988.265
    1953   2.792021e+04    1.0000000    0.0000000   2.636719e+00   44   44           12           12            0            0            0                88.688      1            39.349
    1954   2.792285e+04    1.0000000    0.0000000   2.636719e+00   44   45       104823       104823            0            0            0              1032.118      0           760.654
    1955   2.792549e+04    1.0000000    0.0000000   2.636719e+00   44   44           17           17            0            0            0                90.084      1            40.603
    1956   2.792812e+04    1.0000000    0.0000000   2.636719e+00   44   49       218271       218271            0            0            0              1452.545      0           979.454
    1957   2.793076e+04    1.0000000    0.0000000   2.636719e+00   44   44           12           12            0            0            0                88.730      1            39.384
    1958   2.793340e+04    1.0000000    0.0000000   2.636719e+00   44   45       104737       104737            0            0            0              1041.970      0           764.962
    1959   2.793604e+04    1.0000000    0.0000000   2.636719e+00   44   44           18           18            0            0            0                86.476      1            38.796
    1960   2.793867e+04    1.0000000    0.0000000   2.636719e+00   44   46       212524       212524            0            0            0              1461.201      0          1009.143
    1961   2.794131e+04    1.0000000    0.0000000   2.636719e+00   44   44           12           12            0            0            0                88.834      1            37.765
    1962   2.794395e+04    1.0000000    0.0000000   2.636719e+00   44   45       104780       104780            0            0            0              1029.156      0           759.692
    1963   2.794658e+04    1.0000000    0.0000000   2.636719e+00   44   44           18           18            0            0            0                86.355      1            38.306
    1964   2.794922e+04    1.0000000    0.0000000   2.636719e+00   44   47       218271       218271            0            0            0              1428.309      0           970.080
    1965   2.795186e+04    1.0000000    0.0000000   2.636719e+00   44   44           13           13            0            0            0                85.822      1            38.285
    1966   2.795449e+04    1.0000000    0.0000000   2.636719e+00   44   45       104727       104727            0            0            0              1034.832      0           763.227
    1967   2.795713e+04    1.0000000    0.0000000   2.636719e+00   44   44           15           15            0            0            0                79.591      1            32.216
    1968   2.795977e+04    1.0000000    0.0000000   2.636719e+00   44   46       212513       212513            0            0            0              1553.305     24          1041.588
    1969   2.796240e+04    1.0000000    0.0000000   2.636719e+00   44   44           13           13            0            0            0                79.029      1            31.490
    1970   2.796504e+04    1.0000000    0.0000000   2.636719e+00   44   45       104697       104697            0            0            0              1022.466      0           750.764
    1971   2.796768e+04    1.0000000    0.0000000   2.636719e+00   44   44           15           15            0            0            0                79.273      1            32.176
    1972   2.797031e+04    1.0000000    0.0000000   2.636719e+00   44   48       218271       218271            0            0            0              1435.420      0           966.414
    1973   2.797295e+04    1.0000000    0.0000000   2.636719e+00   44   44           12           12            0            0            0                78.607      1            31.954
    1974   2.797559e+04    1.0000000    0.0000000   2.636719e+00   44   45       104682       104682            0            0            0              1039.529      0           763.521
    1975   2.797822e+04    1.0000000    0.0000000   2.636719e+00   44   44           13           13            0            0            0                83.724      1            33.612
    1976   2.798086e+04    1.0000000    0.0000000   2.636719e+00   44   46       212532       212532            0            0            0              1517.047      0          1045.041
    1977   2.798350e+04    1.0000000    0.0000000   2.636719e+00   44   44           10           10            0            0            0                79.335      1            32.630
    1978   2.798613e+04    1.0000000    0.0000000   2.636719e+00   44   45       104699       104699            0            0            0              1059.629      0           785.139
    1979   2.798877e+04    1.0000000    0.0000000   2.636719e+00   44   44           12           12            0            0            0                81.905      1            33.348
    1980   2.799141e+04    1.0000000    0.0000000   2.636719e+00   44   47       218271       218271            0            0            0              1465.791      0           993.102
    1981   2.799404e+04    1.0000000    0.0000000   2.636719e+00   44   44           10           10            0            0            0                80.021      1            32.700
    1982   2.799668e+04    1.0000000    0.0000000   2.636719e+00   44   45       104709       104709            0            0            0              1061.596      0           784.540
    1983   2.799932e+04    1.0000000    0.0000000   2.636719e+00   44   44            9            9            0            0            0                85.053      1            33.455
    1984   2.800195e+04    1.0000000    0.0000000   2.636719e+00   44   46       212572       212572            0            0            0              1449.235      0           996.316
    1985   2.800459e+04    1.0000000    0.0000000   2.636719e+00   44   44            6            6            0            0            0                79.684      1            32.388
    1986   2.800723e+04    1.0000000    0.0000000   2.636719e+00   44   45       104746       104746            0            0            0              1060.001      0           777.877
    1987   2.800986e+04    1.0000000    0.0000000   2.636719e+00   44   44            8            8            0            0            0                80.903      1            33.191
    1988   2.801250e+04    1.0000000    0.0000000   2.636719e+00   44   51       218271       218271            0            0            0              1502.982      0          1043.558
    1989   2.801514e+04    1.0000000    0.0000000   2.636719e+00   44   44            4            4            0            0            0                72.086      1            28.258
    1990   2.801777e+04    1.0000000    0.0000000   2.636719e+00   44   45       104801       104801            0            0            0              1107.926     16           769.402
    1991   2.802041e+04    1.0000000    0.0000000   2.636719e+00   44   44            5            5            0            0            0                71.897      1            27.852
    1992   2.802305e+04    1.0000000    0.0000000   2.636719e+00   44   46       212544       212544            0            0            0              1465.128      0          1032.459
    1993   2.802568e+04    1.0000000    0.0000000   2.636719e+00   44   44            2            2            0            0            0                72.656      1            28.027
    1994   2.802832e+04    1.0000000    0.0000000   2.636719e+00   44   45       104847       104847            0            0            0              1078.222      0           790.926
    1995   2.803096e+04    1.0000000    0.0000000   2.636719e+00   44   44            2            2            0            0            0                73.559      1            27.727
    1996   2.803359e+04    1.0000000    0.0000000   2.636719e+00   44   47       218271       218271            0            0            0              1481.001      0           996.334
    1997   2.803623e+04    1.0000000    0.0000000   2.636719e+00   44   44            1            1            0            0            0                72.658      1            28.249
    1998   2.803887e+04    1.0000000    0.0000000   2.636719e+00   44   45       104920       104920            0            0            0              1053.862      0           775.479
    1999   2.804414e+04    1.0000000    0.0000000   5.273438e+00   45   46       212549       212549            0            0            0              1483.437      1           976.940
    2000   2.804941e+04    1.0000000    0.0000000   5.273438e+00   45   45       104983       104983            0            0            0              1096.622      1           779.006
    2001   2.805469e+04    1.0000000    0.0000000   5.273438e+00   45   48       218271       218271            0            0            0              1511.727      1           993.402
    2002   2.805996e+04    1.0000000    0.0000000   5.273438e+00   45   45       105060       105060            0            0            0              1080.669      1           759.130
    2003   2.806523e+04    1.0000000    0.0000000   5.273438e+00   45   46       212525       212525            0            0            0              1555.156      1          1057.147
    2004   2.807051e+04    1.0000000    0.0000000   5.273438e+00   45   45       105178       105178            0            0            0              1095.478      1           777.157
    2005   2.807578e+04    1.0000000    0.0000000   5.273438e+00   45   47       218271       218271            0            0            0              1545.195     25           978.651
    2006   2.808105e+04    1.0000000    0.0000000   5.273438e+00   45   45       105333       105333            0            0            0              1073.691      1           760.901
    2007   2.808633e+04    1.0000000    0.0000000   5.273438e+00   45   46       212533       212533            0            0            0              1469.998      1           979.991
    2008   2.809160e+04    1.0000000    0.0000000   5.273438e+00   45   45       105475       105475            0            0            0              1100.877      1           777.480
    2009   2.809688e+04    1.0000000    0.0000000   5.273438e+00   45   49       218271       218271            0            0            0              1479.268      1           968.312
    2010   2.810215e+04    1.0000000    0.0000000   5.273438e+00   45   45       105645       105645            0            0            0              1103.121      1           780.661
    2011   2.810742e+04    1.0000000    0.0000000   5.273438e+00   45   46       212549       212549            0            0            0              1465.188      1           965.204
    2012   2.811270e+04    1.0000000    0.0000000   5.273438e+00   45   45       105803       105803            0            0            0              1109.405      1           782.570
    2013   2.811797e+04    1.0000000    0.0000000   5.273438e+00   45   47       218271       218271            0            0            0              1502.748      1           974.319
    2014   2.812324e+04    1.0000000    0.0000000   5.273438e+00   45   45       105994       105994            0            0            0              1101.486      1           780.955
    2015   2.812852e+04    1.0000000    0.0000000   5.273438e+00   45   46       212587       212587            0            0            0              1478.291      1           969.505
    2016   2.813379e+04    1.0000000    0.0000000   5.273438e+00   45   45       106194       106194            0            0            0              1129.408      1           798.574
    2017   2.813906e+04    1.0000000    0.0000000   5.273438e+00   45   48       218271       218271            0            0            0              1561.314     17           983.554
    2018   2.814434e+04    1.0000000    0.0000000   5.273438e+00   45   45       106418       106418            0            0            0              1115.496      1           793.141
    2019   2.814961e+04    1.0000000    0.0000000   5.273438e+00   45   46       212600       212600            0            0            0              1570.090      1          1073.629
    2020   2.815488e+04    1.0000000    0.0000000   5.273438e+00   45   45       106630       106630            0            0            0              1104.264      1           776.956
    2021   2.816016e+04    1.0000000    0.0000000   5.273438e+00   45   47       218271       218271            0            0            0              1521.839      1          1000.863
    2022   2.816543e+04    1.0000000    0.0000000   5.273438e+00   45   45       106651       106651            0            0            0              1129.691      1           796.294
    2023   2.817070e+04    1.0000000    0.0000000   5.273438e+00   45   46       212603       212603            0            0            0              1599.178      1          1082.906
    2024   2.817598e+04    1.0000000    0.0000000   5.273438e+00   45   45       107047       107047            0            0            0              1121.914      1           794.827
    2025   2.818125e+04    1.0000000    0.0000000   5.273438e+00   45   50       218271       218271            0            0            0              1510.476      1           988.538
    2026   2.818652e+04    1.0000000    0.0000000   5.273438e+00   45   45       107056       107056            0            0            0              1110.270      1           784.342
    2027   2.819180e+04    1.0000000    0.0000000   5.273438e+00   45   46       212603       212603            0            0            0              1502.257      1          1001.239
    2028   2.819707e+04    1.0000000    0.0000000   5.273438e+00   45   45       107273       107273            0            0            0              1158.563     25           776.777
    2029   2.820234e+04    1.0000000    0.0000000   5.273438e+00   45   47       218271       218271            0            0            0              1516.308      1          1007.567
    2030   2.820762e+04    1.0000000    0.0000000   5.273438e+00   45   45       107266       107266            0            0            0              1097.656      1           774.245
    2031   2.821289e+04    1.0000000    0.0000000   5.273438e+00   45   46       212629       212629            0            0            0              1496.145      1          1003.509
    2032   2.821816e+04    1.0000000    0.0000000   5.273438e+00   45   45       107606       107606            0            0            0              1088.339      1           766.436
    2033   2.822344e+04    1.0000000    0.0000000   5.273438e+00   45   48       218271       218271            0            0            0              1513.871      1          1005.068
    2034   2.822871e+04    1.0000000    0.0000000   5.273438e+00   45   45       107464       107464            0            0            0              1099.062      1           778.042
    2035   2.823398e+04    1.0000000    0.0000000   5.273438e+00   45   46       212629       212629            0            0            0              1467.305      1           973.925
    2036   2.823926e+04    1.0000000    0.0000000   5.273438e+00   45   45       107755       107755            0            0            0              1105.516      1           783.466
    2037   2.824453e+04    1.0000000    0.0000000   5.273438e+00   45   47       218271       218271            0            0            0              1555.874      1          1030.008
    2038   2.824980e+04    1.0000000    0.0000000   5.273438e+00   45   45       107639       107639            0            0            0              1144.268      1           814.229
    2039   2.825508e+04    1.0000000    0.0000000   5.273438e+00   45   46       212621       212621            0            0            0              1635.818     17          1079.225
    2040   2.826035e+04    1.0000000    0.0000000   5.273438e+00   45   45       107913       107913            0            0            0              1106.434      1           780.691
    2041   2.826562e+04    1.0000000    0.0000000   5.273438e+00   45   49       218271       218271            0            0            0              1511.985      1           999.288
    2042   2.827090e+04    1.0000000    0.0000000   5.273438e+00   45   45       107763       107763            0            0            0              1130.167      1           800.459
    2043   2.827617e+04    1.0000000    0.0000000   5.273438e+00   45   46       212613       212613            0            0            0              1509.533      1          1000.946
    2044   2.828145e+04    1.0000000    0.0000000   5.273438e+00   45   45       108061       108061            0            0            0              1105.632      1           781.546
    2045   2.828672e+04    1.0000000    0.0000000   5.273438e+00   45   47       218271       218271            0            0            0              1514.316      1           992.424
    2046   2.829199e+04    1.0000000    0.0000000   5.273438e+00   45   45       107681       107681            0            0            0              1097.931      1           775.099
    2047   2.829727e+04    1.0000000    0.0000000   5.273438e+00   45   46       212599       212599            0            0            0              1505.700      1          1000.724
    2048   2.830254e+04    1.0000000    0.0000000   5.273438e+00   45   45       107969       107969            0            0            0              1136.262      1           799.856
    2049   2.830781e+04    1.0000000    0.0000000   5.273438e+00   45   48       218271       218271            0            0            0              1525.690      1           996.982
    2050   2.831309e+04    1.0000000    0.0000000   5.273438e+00   45   45       107665       107665            0            0            0              1115.354      1           786.704
    2051   2.831836e+04    1.0000000    0.0000000   5.273438e+00   45   46       212597       212597            0            0            0              1558.091     25          1002.100
    2052   2.832363e+04    1.0000000    0.0000000   5.273438e+00   45   45       107911       107911            0            0            0              1102.767      1           777.062
    2053   2.832891e+04    1.0000000    0.0000000   5.273438e+00   45   47       218271       218271            0            0            0              1479.798      1           963.032
    2054   2.833418e+04    1.0000000    0.0000000   5.273438e+00   45   45       107666       107666            0            0            0              1100.076      1           778.605
    2055   2.833945e+04    1.0000000    0.0000000   5.273438e+00   45   46       212558       212558            0            0            0              1474.154      1           971.651
    2056   2.834473e+04    1.0000000    0.0000000   5.273438e+00   45   45       107977       107977            0            0            0              1103.421      1           778.438
    2057   2.835000e+04    1.0000000    0.0000000   5.273438e+00   45   53       218271       218271            0            0            0              1487.593      1           975.546
    2058   2.835527e+04    1.0000000    0.0000000   5.273438e+00   45   45       107749       107749            0            0            0              1155.603      1           823.780
    2059   2.836055e+04    1.0000000    0.0000000   5.273438e+00   45   46       212547       212547            0            0            0              1516.442      1           996.053
    2060   2.836582e+04    1.0000000    0.0000000   5.273438e+00   45   45       108026       108026            0            0            0              1098.100      1           773.046
    2061   2.837109e+04    1.0000000    0.0000000   5.273438e+00   45   47       218271       218271            0            0            0              1488.297      1           976.844
    2062   2.837637e+04    1.0000000    0.0000000   5.273438e+00   45   45       107838       107838            0            0            0              1155.445     17           774.027
    2063   2.838164e+04    1.0000000    0.0000000   5.273438e+00   45   46       212541       212541            0            0            0              1484.101      1           981.977
    2064   2.838691e+04    1.0000000    0.0000000   5.273438e+00   45   45       108133       108133            0            0            0              1092.346      1           771.519
    2065   2.839219e+04    1.0000000    0.0000000   5.273438e+00   45   48       218271       218271            0            0            0              1509.600      1           988.164
    2066   2.839746e+04    1.0000000    0.0000000   5.273438e+00   45   45       107967       107967            0            0            0              1111.232      1           782.534
    2067   2.840273e+04    1.0000000    0.0000000   5.273438e+00   45   46       212532       212532            0            0            0              1477.566      1           968.628
    2068   2.840537e+04    1.0000000    0.0000000   2.636719e+00   44   44            1            1            0            0            0                86.649      1            40.888
    2069   2.840801e+04    1.0000000    0.0000000   2.636719e+00   44   45       108265       108265            0            0            0              1074.752      0           782.925
    2070   2.841064e+04    1.0000000    0.0000000   2.636719e+00   44   44            1            1            0            0            0                86.314      1            39.470
    2071   2.841328e+04    1.0000000    0.0000000   2.636719e+00   44   47       218271       218271            0            0            0              1491.319      0          1006.262
    2072   2.841855e+04    1.0000000    0.0000000   5.273438e+00   45   45       108130       108130            0            0            0              1121.224      1           784.092
    2073   2.842119e+04    1.0000000    0.0000000   2.636719e+00   44   44            1            1            0            0            0                86.306      1            39.981
    2074   2.842383e+04    1.0000000    0.0000000   2.636719e+00   44   46       212561       212561            0            0            0              1477.191      0          1015.079
    2075   2.842646e+04    1.0000000    0.0000000   2.636719e+00   44   44            3            3            0            0            0                84.305      1            39.289
    2076   2.842910e+04    1.0000000    0.0000000   2.636719e+00   44   45       108363       108363            0            0            0              1078.172      0           794.475
    2077   2.843174e+04    1.0000000    0.0000000   2.636719e+00   44   44            3            3            0            0            0                86.995      1            40.167
    2078   2.843438e+04    1.0000000    0.0000000   2.636719e+00   44   49       218271       218271            0            0            0              1559.344      0          1083.264
    2079   2.843965e+04    1.0000000    0.0000000   5.273438e+00   45   45       108105       108105            0            0            0              1192.423     25           799.715
    2080   2.844229e+04    1.0000000    0.0000000   2.636719e+00   44   44            2            2            0            0            0                84.263      1            39.288
    2081   2.844492e+04    1.0000000    0.0000000   2.636719e+00   44   46       212552       212552            0            0            0              1475.620      0          1008.789
    2082   2.844756e+04    1.0000000    0.0000000   2.636719e+00   44   44            1            1            0            0            0                85.238      1            39.356
    2083   2.845020e+04    1.0000000    0.0000000   2.636719e+00   44   45       108320       108320            0            0            0              1087.933      0           797.491
    2084   2.845283e+04    1.0000000    0.0000000   2.636719e+00   44   44            2            2            0            0            0                85.717      1            39.427
    2085   2.845547e+04    1.0000000    0.0000000   2.636719e+00   44   47       218271       218271            0            0            0              1473.062      0          1003.469
    2086   2.845811e+04    1.0000000    0.0000000   2.636719e+00   44   44            2            2            0            0            0                84.024      1            38.651
    2087   2.846074e+04    1.0000000    0.0000000   2.636719e+00   44   45       108133       108133            0            0            0              1079.643      0           792.401
    2088   2.846338e+04    1.0000000    0.0000000   2.636719e+00   44   44            2            2            0            0            0                85.719      1            39.910
    2089   2.846602e+04    1.0000000    0.0000000   2.636719e+00   44   46       212558       212558            0            0            0              1446.828      0           992.137
    2090   2.846865e+04    1.0000000    0.0000000   2.636719e+00   44   44            2            2            0            0            0                84.328      1            38.453
    2091   2.847129e+04    1.0000000    0.0000000   2.636719e+00   44   45       108423       108423            0            0            0              1064.146      0           782.289
    2092   2.847393e+04    1.0000000    0.0000000   2.636719e+00   44   44            2            2            0            0            0                83.977      1            39.360
    2093   2.847656e+04    1.0000000    0.0000000   2.636719e+00   44   48       218271       218271            0            0            0              1533.667      0          1060.260
    2094   2.847920e+04    1.0000000    0.0000000   2.636719e+00   44   44            2            2            0            0            0                83.457      1            39.219
    2095   2.848184e+04    1.0000000    0.0000000   2.636719e+00   44   45       108120       108120            0            0            0              1065.118      0           781.969
    2096   2.848447e+04    1.0000000    0.0000000   2.636719e+00   44   44            3            3            0            0            0                85.104      1            39.045
    2097   2.848711e+04    1.0000000    0.0000000   2.636719e+00   44   46       212561       212561            0            0            0              1408.207      0           944.286
    2098   2.848975e+04    1.0000000    0.0000000   2.636719e+00   44   44            3            3            0            0            0                84.729      1            39.077
    2099   2.849238e+04    1.0000000    0.0000000   2.636719e+00   44   45       108317       108317            0            0            0              1050.621      0           765.734
    2100   2.849502e+04    1.0000000    0.0000000   2.636719e+00   44   44            3            3            0            0            0                85.423      1            38.880
    2101   2.849766e+04    1.0000000    0.0000000   2.636719e+00   44   47       218271       218271            0            0            0              1538.739     16          1024.059
    2102   2.850029e+04    1.0000000    0.0000000   2.636719e+00   44   44            2            2            0            0            0                84.500      1            39.447
    2103   2.850293e+04    1.0000000    0.0000000   2.636719e+00   44   45       108064       108064            0            0            0              1039.825      0           759.219
    2104   2.850557e+04    1.0000000    0.0000000   2.636719e+00   44   44            3            3            0            0            0                85.042      1            39.069
    2105   2.850820e+04    1.0000000    0.0000000   2.636719e+00   44   46       212526       212526            0            0            0              1430.019      0           968.721
    2106   2.851084e+04    1.0000000    0.0000000   2.636719e+00   44   44            5            5            0            0            0                80.077      1            34.908
    2107   2.851348e+04    1.0000000    0.0000000   2.636719e+00   44   45       108288       108288            0            0            0              1052.503      0           769.301
    2108   2.851611e+04    1.0000000    0.0000000   2.636719e+00   44   44            5            5            0            0            0                82.117      1            34.957
    2109   2.851875e+04    1.0000000    0.0000000   2.636719e+00   44   50       218271       218271            0            0            0              1439.192      0           973.995
    2110   2.852139e+04    1.0000000    0.0000000   2.636719e+00   44   44            3            3            0            0            0                81.173      1            35.244
    2111   2.852402e+04    1.0000000    0.0000000   2.636719e+00   44   45       108046       108046            0            0            0              1068.212      0           785.181
    2112   2.852666e+04    1.0000000    0.0000000   2.636719e+00   44   44            4            4            0            0            0                90.707      1            43.266
    2113   2.852930e+04    1.0000000    0.0000000   2.636719e+00   44   46       212490       212490            0            0            0              1423.977      0           962.232
    2114   2.853193e+04    1.0000000    0.0000000   2.636719e+00   44   44            3            3            0            0            0                80.498      1            34.736
    2115   2.853457e+04    1.0000000    0.0000000   2.636719e+00   44   45       108240       108240            0            0            0              1074.113      0           788.136
    2116   2.853721e+04    1.0000000    0.0000000   2.636719e+00   44   44            3            3            0            0            0                44.880      1             4.062
    2117   2.853984e+04    1.0000000    0.0000000   2.636719e+00   44   47       218271       218271            0            0            0              1482.585      0           995.328
    2118   2.854248e+04    1.0000000    0.0000000   2.636719e+00   44   44            4            4            0            0            0                47.132      1             4.177
    2119   2.854512e+04    1.0000000    0.0000000   2.636719e+00   44   45       108095       108095            0            0            0              1059.257      0           770.100
    2120   2.854775e+04    1.0000000    0.0000000   2.636719e+00   44   44            6            6            0            0            0                47.310      1             4.198
    2121   2.855039e+04    1.0000000    0.0000000   2.636719e+00   44   46       212474       212474            0            0            0              1458.004      0           986.566
    2122   2.855303e+04    1.0000000    0.0000000   2.636719e+00   44   44            7            7            0            0            0                45.857      1             4.184
    2123   2.855566e+04    1.0000000    0.0000000   2.636719e+00   44   45       108261       108261            0            0            0              1066.630      0           783.338
    2124   2.855830e+04    1.0000000    0.0000000   2.636719e+00   44   44            9            9            0            0            0               104.649     25             4.192
    2125   2.856094e+04    1.0000000    0.0000000   2.636719e+00   44   48       218271       218271            0            0            0              1481.737      0          1002.765
    2126   2.856357e+04    1.0000000    0.0000000   2.636719e+00   44   44           10           10            0            0            0                46.277      1             4.242
    2127   2.856621e+04    1.0000000    0.0000000   2.636719e+00   44   45       108247       108247            0            0            0              1104.518      0           808.989
    2128   2.856885e+04    1.0000000    0.0000000   2.636719e+00   44   44           12           12            0            0            0                92.645      1            45.481
    2129   2.857148e+04    1.0000000    0.0000000   2.636719e+00   44   46       212470       212470            0            0            0              1462.590      0           998.108
    2130   2.857412e+04    1.0000000    0.0000000   2.636719e+00   44   44           17           17            0            0            0                90.549      1            44.479
    2131   2.857676e+04    1.0000000    0.0000000   2.636719e+00   44   45       108424       108424            0            0            0              1067.723      0           784.799
    2132   2.857939e+04    1.0000000    0.0000000   2.636719e+00   44   44           22           22            0            0            0                92.006      1            44.494
    2133   2.858203e+04    1.0000000    0.0000000   2.636719e+00   44   47       218271       218271            0            0            0              1498.250      0          1028.907
    2134   2.858467e+04    1.0000000    0.0000000   2.636719e+00   44   44           26           26            0            0            0                91.292      1            45.025
    2135   2.858730e+04    1.0000000    0.0000000   2.636719e+00   44   45       108406       108406            0            0            0              1065.988      0           783.262
    2136   2.858994e+04    1.0000000    0.0000000   2.636719e+00   44   44           33           33            0            0            0                91.965      1            44.334
    2137   2.859258e+04    1.0000000    0.0000000   2.636719e+00   44   46       212512       212512            0            0            0              1439.417      0           985.482
    2138   2.859521e+04    1.0000000    0.0000000   2.636719e+00   44   44           35           35            0            0            0                91.552      1            44.247
    2139   2.859785e+04    1.0000000    0.0000000   2.636719e+00   44   45       108454       108454            0            0            0              1053.191      0           773.389
    2140   2.860049e+04    1.0000000    0.0000000   2.636719e+00   44   44           44           44            0            0            0                90.594      1            44.143
    2141   2.860312e+04    1.0000000    0.0000000   2.636719e+00   44   49       218271       218271            0            0            0              1461.688      0           989.486
    2142   2.860576e+04    1.0000000    0.0000000   2.636719e+00   44   44           43           43            0            0            0                88.684      1            43.079
    2143   2.860840e+04    1.0000000    0.0000000   2.636719e+00   44   45       108321       108321            0            0            0              1057.044      0           770.744
    2144   2.861104e+04    1.0000000    0.0000000   2.636719e+00   44   44           50           50            0            0            0                91.322      1            44.406
    2145   2.861367e+04    1.0000000    0.0000000   2.636719e+00   44   46       212520       212520            0            0            0              1440.846      0           985.416
    2146   2.861631e+04    1.0000000    0.0000000   2.636719e+00   44   44           44           44            0            0            0                91.975      1            45.397
    2147   2.861895e+04    1.0000000    0.0000000   2.636719e+00   44   45       108334       108334            0            0            0              1100.372     16           766.566
    2148   2.862158e+04    1.0000000    0.0000000   2.636719e+00   44   44           54           54            0            0            0                90.050      1            44.515
    2149   2.862422e+04    1.0000000    0.0000000   2.636719e+00   44   47       218271       218271            0            0            0              1468.692      0          1009.805
    2150   2.862686e+04    1.0000000    0.0000000   2.636719e+00   44   44           44           44            0            0            0                93.691      1            45.562
    2151   2.862949e+04    1.0000000    0.0000000   2.636719e+00   44   45       108308       108308            0            0            0              1050.507      0           771.177
    2152   2.863213e+04    1.0000000    0.0000000   2.636719e+00   44   44           61           61            0            0            0                90.693      1            44.758
    2153   2.863477e+04    1.0000000    0.0000000   2.636719e+00   44   46       212479       212479            0            0            0              1380.199      0           954.745
    2154   2.863740e+04    1.0000000    0.0000000   2.636719e+00   44   44           48           48            0            0            0                93.272      1            46.217
    2155   2.864004e+04    1.0000000    0.0000000   2.636719e+00   44   45       108319       108319            0            0            0              1050.797      0           767.722
    2156   2.864268e+04    1.0000000    0.0000000   2.636719e+00   44   44           62           62            0            0            0                91.602      1            42.587
    2157   2.864531e+04    1.0000000    0.0000000   2.636719e+00   44   48       218271       218271            0            0            0              1459.304      0           994.689
    2158   2.864795e+04    1.0000000    0.0000000   2.636719e+00   44   44           49           49            0            0            0                94.287      1            46.569
    2159   2.865059e+04    1.0000000    0.0000000   2.636719e+00   44   45       108302       108302            0            0            0              1073.221      0           792.449
    2160   2.865322e+04    1.0000000    0.0000000   2.636719e+00   44   44           61           61            0            0            0                93.521      1            46.209
    2161   2.865586e+04    1.0000000    0.0000000   2.636719e+00   44   46       212458       212458            0            0            0              1430.190      0           970.182
    2162   2.865850e+04    1.0000000    0.0000000   2.636719e+00   44   44           42           42            0            0            0                93.339      1            47.315
    2163   2.866113e+04    1.0000000    0.0000000   2.636719e+00   44   45       108298       108298            0            0            0              1068.200      0           786.273
    2164   2.866377e+04    1.0000000    0.0000000   2.636719e+00   44   44           31           31            0            0            0                49.569      1             6.636
    2165   2.866641e+04    1.0000000    0.0000000   2.636719e+00   44   47       218271       218271            0            0            0              1485.059      0          1013.742
    2166   2.866904e+04    1.0000000    0.0000000   2.636719e+00   44   44           22           22            0            0            0                48.679      1             5.982
    2167   2.867168e+04    1.0000000    0.0000000   2.636719e+00   44   45       107745       107745            0            0            0              1075.925      0           786.399
    2168   2.867432e+04    1.0000000    0.0000000   2.636719e+00   44   44           27           27            0            0            0                50.655      1             6.863
    2169   2.867695e+04    1.0000000    0.0000000   2.636719e+00   44   46       212456       212456            0            0            0              1458.697      0           985.992
    2170   2.867959e+04    1.0000000    0.0000000   2.636719e+00   44   44           20           20            0            0            0               107.722     25             6.135
    2171   2.868223e+04    1.0000000    0.0000000   2.636719e+00   44   45       107817       107817            0            0            0              1083.126      0           799.190
    2172   2.868486e+04    1.0000000    0.0000000   2.636719e+00   44   44           24           24            0            0            0                50.461      1             6.946
    2173   2.868750e+04    1.0000000    0.0000000   2.636719e+00   44   51       218271       218271            0            0            0              1450.598      0           977.651
    2174   2.869014e+04    1.0000000    0.0000000   2.636719e+00   44   44           16           16            0            0            0                48.213      1             6.004
    2175   2.869277e+04    1.0000000    0.0000000   2.636719e+00   44   45       107527       107527            0            0            0              1027.595      0           755.180
    2176   2.869541e+04    1.0000000    0.0000000   2.636719e+00   44   44           21           21            0            0            0                47.714      1             5.946
    2177   2.869805e+04    1.0000000    0.0000000   2.636719e+00   44   46       212414       212414            0            0            0              1411.487      0           965.565
    2178   2.870068e+04    1.0000000    0.0000000   2.636719e+00   44   44           15           15            0            0            0                48.831      1             6.017
    2179   2.870332e+04    1.0000000    0.0000000   2.636719e+00   44   45       107561       107561            0            0            0               998.215      0           733.945
    2180   2.870596e+04    1.0000000    0.0000000   2.636719e+00   44   44           19           19            0            0            0                47.042      1             5.782
    2181   2.870859e+04    1.0000000    0.0000000   2.636719e+00   44   47       218271       218271            0            0            0              1333.803      0           911.853
    2182   2.871123e+04    1.0000000    0.0000000   2.636719e+00   44   44           13           13            0            0            0                46.973      1             6.137
    2183   2.871387e+04    1.0000000    0.0000000   2.636719e+00   44   45       107318       107318            0            0            0              1014.472      0           733.172
    2184   2.871650e+04    1.0000000    0.0000000   2.636719e+00   44   44           14           14            0            0            0                46.877      1             6.281
    2185   2.871914e+04    1.0000000    0.0000000   2.636719e+00   44   46       212422       212422            0            0            0              1310.798      0           913.677
    2186   2.872178e+04    1.0000000    0.0000000   2.636719e+00   44   44            9            9            0            0            0                44.939      1             4.623
    2187   2.872441e+04    1.0000000    0.0000000   2.636719e+00   44   45       107366       107366            0            0            0               981.822      0           722.032
    2188   2.872705e+04    1.0000000    0.0000000   2.636719e+00   44   44            6            6            0            0            0                43.642      1             3.942
    2189   2.872969e+04    1.0000000    0.0000000   2.636719e+00   44   48       218271       218271            0            0            0              1294.228      0           887.864
    2190   2.873232e+04    1.0000000    0.0000000   2.636719e+00   44   44            3            3            0            0            0                43.425      1             3.816
    2191   2.873496e+04    1.0000000    0.0000000   2.636719e+00   44   45       107105       107105            0            0            0              1042.756     16           729.460
    2192   2.874023e+04    1.0000000    0.0000000   5.273438e+00   45   46       212409       212409            0            0            0              1329.691      1           899.732
    2193   2.874551e+04    1.0000000    0.0000000   5.273438e+00   45   45       107158       107158            0            0            0              1028.556      1           733.287
    2194   2.875078e+04    1.0000000    0.0000000   5.273438e+00   45   47       218271       218271            0            0            0              1377.442      1           925.276
    2195   2.875605e+04    1.0000000    0.0000000   5.273438e+00   45   45       106906       106906            0            0            0              1025.860      1           731.170
    2196   2.876133e+04    1.0000000    0.0000000   5.273438e+00   45   46       212382       212382            0            0            0              1383.631      1           942.073
    2197   2.876660e+04    1.0000000    0.0000000   5.273438e+00   45   45       107153       107153            0            0            0              1024.249      1           725.454
    2198   2.877188e+04    1.0000000    0.0000000   5.273438e+00   45   49       218271       218271            0            0            0              1376.892      1           927.169
    2199   2.877715e+04    1.0000000    0.0000000   5.273438e+00   45   45       106909       106909            0            0            0              1149.940      1           830.724
    2200   2.878242e+04    1.0000000    0.0000000   5.273438e+00   45   46       212395       212395            0            0            0              1564.471      1          1075.707
    2201   2.878770e+04    1.0000000    0.0000000   5.273438e+00   45   45       107024       107024            0            0            0              1551.313      1          1135.177
    2202   2.879297e+04    1.0000000    0.0000000   5.273438e+00   45   47       218271       218271            0            0            0              2619.954      1          1909.377
    2203   2.879824e+04    1.0000000    0.0000000   5.273438e+00   45   45       106771       106771            0            0            0              1868.102     25          1292.089
    2204   2.880352e+04    1.0000000    0.0000000   5.273438e+00   45   46       212393       212393            0            0            0              2574.565      1          1771.024
    2205   2.880879e+04    1.0000000    0.0000000   5.273438e+00   45   45       106889       106889            0            0            0              1257.173      1           882.477
    2206   2.881406e+04    1.0000000    0.0000000   5.273438e+00   45   48       218271       218271            0            0            0              1358.578      1           908.204
    2207   2.881934e+04    1.0000000    0.0000000   5.273438e+00   45   45       106691       106691            0            0            0              1010.846      1           715.825
    2208   2.882461e+04    1.0000000    0.0000000   5.273438e+00   45   46       212395       212395            0            0            0              1326.861      1           885.539
    2209   2.882988e+04    1.0000000    0.0000000   5.273438e+00   45   45       106753       106753            0            0            0              1016.801      1           724.421
    2210   2.883516e+04    1.0000000    0.0000000   5.273438e+00   45   47       218271       218271            0            0            0              1340.248      1           892.897
    2211   2.884043e+04    1.0000000    0.0000000   5.273438e+00   45   45       106640       106640            0            0            0              1017.540      1           723.628
    2212   2.884570e+04    1.0000000    0.0000000   5.273438e+00   45   46       212376       212376            0            0            0              1331.643      1           883.125
    2213   2.885098e+04    1.0000000    0.0000000   5.273438e+00   45   45       106721       106721            0            0            0              1011.871      1           718.092
    2214   2.885625e+04    1.0000000    0.0000000   5.273438e+00   45   50       218271       218271            0            0            0              1418.464     17           921.545
    2215   2.886152e+04    1.0000000    0.0000000   5.273438e+00   45   45       106798       106798            0            0            0              1019.364      1           722.883
    2216   2.886680e+04    1.0000000    0.0000000   5.273438e+00   45   46       212362       212362            0            0            0              1366.117      1           933.096
    2217   2.886943e+04    1.0000000    0.0000000   2.636719e+00   44   44            1            1            0            0            0                75.546      1            33.042
    2218   2.887207e+04    1.0000000    0.0000000   2.636719e+00   44   45       106923       106923            0            0            0               977.871      0           719.421
    2219   2.887471e+04    1.0000000    0.0000000   2.636719e+00   44   44            1            1            0            0            0                76.216      1            32.895
    2220   2.887734e+04    1.0000000    0.0000000   2.636719e+00   44   47       218271       218271            0            0            0              1307.734      0           905.564
    2221   2.887998e+04    1.0000000    0.0000000   2.636719e+00   44   44            1            1            0            0            0                76.291      1            33.525
    2222   2.888262e+04    1.0000000    0.0000000   2.636719e+00   44   45       106937       106937            0            0            0               973.580      0           716.625
    2223   2.888525e+04    1.0000000    0.0000000   2.636719e+00   44   44            1            1            0            0            0                76.707      1            33.283
    2224   2.888789e+04    1.0000000    0.0000000   2.636719e+00   44   46       212364       212364            0            0            0              1299.491      0           905.179
    2225   2.889053e+04    1.0000000    0.0000000   2.636719e+00   44   44            1            1            0            0            0                75.779      1            32.838
    2226   2.889316e+04    1.0000000    0.0000000   2.636719e+00   44   45       107020       107020            0            0            0               972.486      0           717.666
    2227   2.889580e+04    1.0000000    0.0000000   2.636719e+00   44   44            1            1            0            0            0                75.985      1            33.066
    2228   2.889844e+04    1.0000000    0.0000000   2.636719e+00   44   48       218271       218271            0            0            0              1313.346      0           913.073
    2229   2.890107e+04    1.0000000    0.0000000   2.636719e+00   44   44            1            1            0            0            0                75.911      1            33.107
    2230   2.890371e+04    1.0000000    0.0000000   2.636719e+00   44   45       106966       106966            0            0            0               977.125      0           720.715
    2231   2.890635e+04    1.0000000    0.0000000   2.636719e+00   44   44            1            1            0            0            0                76.880      1            33.280
    2232   2.890898e+04    1.0000000    0.0000000   2.636719e+00   44   46       212381       212381            0            0            0              1329.543      0           938.236
    2233   2.891162e+04    1.0000000    0.0000000   2.636719e+00   44   44            1            1            0            0            0                76.095      1            33.386
    2234   2.891426e+04    1.0000000    0.0000000   2.636719e+00   44   45       107077       107077            0            0            0               975.600      0           717.697
    2235   2.891689e+04    1.0000000    0.0000000   2.636719e+00   44   44            1            1            0            0            0                76.718      1            33.729
    2236   2.891953e+04    1.0000000    0.0000000   2.636719e+00   44   47       218271       218271            0            0            0              1444.003     24           985.821
    2237   2.892217e+04    1.0000000    0.0000000   2.636719e+00   44   44            1            1            0            0            0                76.786      1            34.124
    2238   2.892480e+04    1.0000000    0.0000000   2.636719e+00   44   45       107083       107083            0            0            0               979.036      0           722.157
    2239   2.892744e+04    1.0000000    0.0000000   2.636719e+00   44   44            1            1            0            0            0                76.831      1            33.572
    2240   2.893008e+04    1.0000000    0.0000000   2.636719e+00   44   46       212402       212402            0            0            0              1279.655      0           887.037
    2241   2.893271e+04    1.0000000    0.0000000   2.636719e+00   44   44            1            1            0            0            0                76.459      1            33.804
    2242   2.893535e+04    1.0000000    0.0000000   2.636719e+00   44   45       107268       107268            0            0            0               972.322      0           716.105
    2243   2.893799e+04    1.0000000    0.0000000   2.636719e+00   44   44            1            1            0            0            0                76.696      1            33.926
    2244   2.894062e+04    1.0000000    0.0000000   2.636719e+00   44   49       218271       218271            0            0            0              1300.970      0           900.351
    2245   2.894326e+04    1.0000000    0.0000000   2.636719e+00   44   44            1            1            0            0            0                75.943      1            33.385
    2246   2.894590e+04    1.0000000    0.0000000   2.636719e+00   44   45       107219       107219            0            0            0               970.470      0           714.144
    2247   2.894854e+04    1.0000000    0.0000000   2.636719e+00   44   44            1            1            0            0            0                77.196      1            34.453
    2248   2.895117e+04    1.0000000    0.0000000   2.636719e+00   44   46       212380       212380            0            0            0              1286.754      0           892.525
    2249   2.895381e+04    1.0000000    0.0000000   2.636719e+00   44   44            1            1            0            0            0                78.512      1            34.194
    2250   2.895645e+04    1.0000000    0.0000000   2.636719e+00   44   45       107388       107388            0            0            0               971.521      0           715.857
    2251   2.895908e+04    1.0000000    0.0000000   2.636719e+00   44   44            1            1            0            0            0                76.086      1            33.705
    2252   2.896172e+04    1.0000000    0.0000000   2.636719e+00   44   47       218271       218271            0            0            0              1295.299      0           895.336
    2253   2.896436e+04    1.0000000    0.0000000   2.636719e+00   44   44            1            1            0            0            0                76.365      1            34.040
    2254   2.896699e+04    1.0000000    0.0000000   2.636719e+00   44   45       107122       107122            0            0            0               974.851      0           720.218
    2255   2.896963e+04    1.0000000    0.0000000   2.636719e+00   44   44            1            1            0            0            0                76.357      1            33.845
    2256   2.897227e+04    1.0000000    0.0000000   2.636719e+00   44   46       212363       212363            0            0            0              1294.755      0           904.261
    2257   2.897490e+04    1.0000000    0.0000000   2.636719e+00   44   44            1            1            0            0            0                76.426      1            33.371
    2258   2.897754e+04    1.0000000    0.0000000   2.636719e+00   44   45       107702       107702            0            0            0              1027.317     16           717.907
    2259   2.898018e+04    1.0000000    0.0000000   2.636719e+00   44   44            1            1            0            0            0                75.933      1            33.405
    2260   2.898281e+04    1.0000000    0.0000000   2.636719e+00   44   48       218271       218271            0            0            0              1281.577      0           880.265
    2261   2.898545e+04    1.0000000    0.0000000   2.636719e+00   44   44            1            1            0            0            0                76.169      1            33.464
    2262   2.898809e+04    1.0000000    0.0000000   2.636719e+00   44   45       107268       107268            0            0            0               977.817      0           721.813
    2263   2.899072e+04    1.0000000    0.0000000   2.636719e+00   44   44            1            1            0            0            0                77.210      1            33.812
    2264   2.899336e+04    1.0000000    0.0000000   2.636719e+00   44   46       212371       212371            0            0            0              1278.768      0           884.860
    2265   2.899863e+04    1.0000000    0.0000000   5.273438e+00   45   45       107564       107564            0            0            0              1018.438      1           724.466
    2266   2.900391e+04    1.0000000    0.0000000   5.273438e+00   45   47       218271       218271            0            0            0              1420.666      1           984.625
    2267   2.900918e+04    1.0000000    0.0000000   5.273438e+00   45   45       107148       107148            0            0            0              1007.343      1           714.890
    2268   2.901445e+04    1.0000000    0.0000000   5.273438e+00   45   46       212363       212363            0            0            0              1330.963      1           905.334
    2269   2.901973e+04    1.0000000    0.0000000   5.273438e+00   45   45       107455       107455            0            0            0              1018.510      1           723.743
    2270   2.902500e+04    1.0000000    0.0000000   5.273438e+00   45   52       218271       218271            0            0            0              1337.888      1           900.057
    2271   2.903027e+04    1.0000000    0.0000000   5.273438e+00   45   45       107067       107067            0            0            0              1010.525      1           718.663
    2272   2.903555e+04    1.0000000    0.0000000   5.273438e+00   45   46       212355       212355            0            0            0              1320.932      1           892.705
    2273   2.903818e+04    1.0000000    0.0000000   2.636719e+00   44   44            1            1            0            0            0               140.899     25            43.471
    2274   2.904082e+04    1.0000000    0.0000000   2.636719e+00   44   45       107391       107391            0            0            0               974.686      0           720.157
    2275   2.904346e+04    1.0000000    0.0000000   2.636719e+00   44   44            3            3            0            0            0                87.080      1            43.638
    2276   2.904609e+04    1.0000000    0.0000000   2.636719e+00   44   47       218271       218271            0            0            0              1305.005      0           906.108
    2277   2.904873e+04    1.0000000    0.0000000   2.636719e+00   44   44            1            1            0            0            0                86.489      1            43.141
    2278   2.905137e+04    1.0000000    0.0000000   2.636719e+00   44   45       107092       107092            0            0            0               966.968      0           713.650
    2279   2.905400e+04    1.0000000    0.0000000   2.636719e+00   44   44            3            3            0            0            0                86.242      1            43.167
    2280   2.905664e+04    1.0000000    0.0000000   2.636719e+00   44   46       212360       212360            0            0            0              1363.595      0           972.302
    2281   2.905928e+04    1.0000000    0.0000000   2.636719e+00   44   44            2            2            0            0            0                85.562      1            42.316
    2282   2.906191e+04    1.0000000    0.0000000   2.636719e+00   44   45       107262       107262            0            0            0               977.619      0           718.797
    2283   2.906455e+04    1.0000000    0.0000000   2.636719e+00   44   44            3            3            0            0            0                87.026      1            43.687
    2284   2.906719e+04    1.0000000    0.0000000   2.636719e+00   44   48       218271       218271            0            0            0              1365.646      0           969.013
    2285   2.907246e+04    1.0000000    0.0000000   5.273438e+00   45   45       106597       106597            0            0            0              1011.632      1           719.343
    2286   2.907773e+04    1.0000000    0.0000000   5.273438e+00   45   46       212376       212376            0            0            0              1328.145      1           898.822
    2287   2.908301e+04    1.0000000    0.0000000   5.273438e+00   45   45       106831       106831            0            0            0              1026.200      1           733.708
    2288   2.908828e+04    1.0000000    0.0000000   5.273438e+00   45   47       218271       218271            0            0            0              1328.923      1           890.446
    2289   2.909092e+04    1.0000000    0.0000000   2.636719e+00   44   44            8            8            0            0            0                85.311      1            42.427
    2290   2.909355e+04    1.0000000    0.0000000   2.636719e+00   44   45       106808       106808            0            0            0               965.619      0           712.032
    2291   2.909619e+04    1.0000000    0.0000000   2.636719e+00   44   44           10           10            0            0            0                87.990      1            43.916
    2292   2.909883e+04    1.0000000    0.0000000   2.636719e+00   44   46       212373       212373            0            0            0              1348.474     16           905.474
    2293   2.910146e+04    1.0000000    0.0000000   2.636719e+00   44   44           21           21            0            0            0                86.416      1            43.280
    2294   2.910410e+04    1.0000000    0.0000000   2.636719e+00   44   45       107116       107116            0            0            0               978.243      0           724.158
    2295   2.910674e+04    1.0000000    0.0000000   2.636719e+00   44   44           23           23            0            0            0                86.431      1            42.899
    2296   2.910938e+04    1.0000000    0.0000000   2.636719e+00   44   49       218271       218271            0            0            0              1324.829      0           925.738
    2297   2.911201e+04    1.0000000    0.0000000   2.636719e+00   44   44           12           12            0            0            0                85.933      1            42.769
    2298   2.911465e+04    1.0000000    0.0000000   2.636719e+00   44   45       106554       106554            0            0            0               970.042      0           717.148
    2299   2.911729e+04    1.0000000    0.0000000   2.636719e+00   44   44           13           13            0            0            0                87.004      1            42.936
    2300   2.911992e+04    1.0000000    0.0000000   2.636719e+00   44   46       212381       212381            0            0            0              1298.052      0           905.158
    2301   2.912256e+04    1.0000000    0.0000000   2.636719e+00   44   44           13           13            0            0            0                86.973      1            39.842
    2302   2.912520e+04    1.0000000    0.0000000   2.636719e+00   44   45       106697       106697            0            0            0               972.383      0           722.674
    2303   2.912783e+04    1.0000000    0.0000000   2.636719e+00   44   44           17           17            0            0            0                86.003      1            39.733
    2304   2.913047e+04    1.0000000    0.0000000   2.636719e+00   44   47       218271       218271            0            0            0              1291.643      0           896.573
    2305   2.913311e+04    1.0000000    0.0000000   2.636719e+00   44   44           13           13            0            0            0                86.084      1            43.309
    2306   2.913574e+04    1.0000000    0.0000000   2.636719e+00   44   45       106327       106327            0            0            0               966.255      0           715.050
    2307   2.913838e+04    1.0000000    0.0000000   2.636719e+00   44   44           16           16            0            0            0                85.800      1            42.450
    2308   2.914102e+04    1.0000000    0.0000000   2.636719e+00   44   46       212403       212403            0            0            0              1290.378      0           899.254
    2309   2.914365e+04    1.0000000    0.0000000   2.636719e+00   44   44           13           13            0            0            0                86.153      1            39.594
    2310   2.914629e+04    1.0000000    0.0000000   2.636719e+00   44   45       106471       106471            0            0            0               965.581      0           715.306
    2311   2.914893e+04    1.0000000    0.0000000   2.636719e+00   44   44           18           18            0            0            0                86.235      1            39.340
    2312   2.915156e+04    1.0000000    0.0000000   2.636719e+00   44   48       218271       218271            0            0            0              1312.516      0           914.586
    2313   2.915420e+04    1.0000000    0.0000000   2.636719e+00   44   44           15           15            0            0            0                87.330      1            44.122
    2314   2.915684e+04    1.0000000    0.0000000   2.636719e+00   44   45       106327       106327            0            0            0               986.431      0           733.457
    2315   2.915947e+04    1.0000000    0.0000000   2.636719e+00   44   44           19           19            0            0            0               140.447     25            43.001
    2316   2.916211e+04    1.0000000    0.0000000   2.636719e+00   44   46       212429       212429            0            0            0              1301.998      0           907.135
    2317   2.916475e+04    1.0000000    0.0000000   2.636719e+00   44   44           20           20            0            0            0                87.195      1            40.129
    2318   2.916738e+04    1.0000000    0.0000000   2.636719e+00   44   45       106536       106536            0            0            0               970.904      0           719.030
    2319   2.917002e+04    1.0000000    0.0000000   2.636719e+00   44   44           23           23            0            0            0                86.190      1            39.588
    2320   2.917266e+04    1.0000000    0.0000000   2.636719e+00   44   47       218271       218271            0            0            0              1379.004      0           983.576
    2321   2.917529e+04    1.0000000    0.0000000   2.636719e+00   44   44           15           15            0            0            0                86.895      1            40.256
    2322   2.917793e+04    1.0000000    0.0000000   2.636719e+00   44   45       106211       106211            0            0            0               974.302      0           723.621
    2323   2.918057e+04    1.0000000    0.0000000   2.636719e+00   44   44           19           19            0            0            0                86.413      1            39.284
    2324   2.918320e+04    1.0000000    0.0000000   2.636719e+00   44   46       212429       212429            0            0            0              1280.239      0           887.889
    2325   2.918584e+04    1.0000000    0.0000000   2.636719e+00   44   44           24           24            0            0            0                89.000      1            41.450
    2326   2.918848e+04    1.0000000    0.0000000   2.636719e+00   44   45       106299       106299            0            0            0               969.426      0           719.536
    2327   2.919111e+04    1.0000000    0.0000000   2.636719e+00   44   44           28           28            0            0            0                89.554      1            41.610
    2328   2.919375e+04    1.0000000    0.0000000   2.636719e+00   44   50       218271       218271            0            0            0              1302.890      0           909.545
    2329   2.919639e+04    1.0000000    0.0000000   2.636719e+00   44   44           18           18            0            0            0                89.684      1            42.170
    2330   2.919902e+04    1.0000000    0.0000000   2.636719e+00   44   45       105974       105974            0            0            0               971.318      0           720.804
    2331   2.920166e+04    1.0000000    0.0000000   2.636719e+00   44   44           23           23            0            0            0                92.878      1            43.775
    2332   2.920430e+04    1.0000000    0.0000000   2.636719e+00   44   46       212441       212441            0            0            0              1269.255      0           883.654
    2333   2.920693e+04    1.0000000    0.0000000   2.636719e+00   44   44           16           16            0            0            0                88.691      1            41.074
    2334   2.920957e+04    1.0000000    0.0000000   2.636719e+00   44   45       106033       106033            0            0            0               967.100      0           716.670
    2335   2.921221e+04    1.0000000    0.0000000   2.636719e+00   44   44           24           24            0            0            0                88.745      1            41.618
    2336   2.921484e+04    1.0000000    0.0000000   2.636719e+00   44   47       218271       218271            0            0            0              1295.544      0           901.647
    2337   2.921748e+04    1.0000000    0.0000000   2.636719e+00   44   44           20           20            0            0            0               142.753     17            43.249
    2338   2.922012e+04    1.0000000    0.0000000   2.636719e+00   44   45       105779       105779            0            0            0               969.561      0           718.261
    2339   2.922275e+04    1.0000000    0.0000000   2.636719e+00   44   44           26           26            0            0            0                91.298      1            43.019
    2340   2.922539e+04    1.0000000    0.0000000   2.636719e+00   44   46       212460       212460            0            0            0              1338.697      0           955.967
    2341   2.922803e+04    1.0000000    0.0000000   2.636719e+00   44   44           21           21            0            0            0                91.314      1            43.182
    2342   2.923066e+04    1.0000000    0.0000000   2.636719e+00   44   45       105702       105702            0            0            0               964.175      0           716.415
    2343   2.923330e+04    1.0000000    0.0000000   2.636719e+00   44   44           28           28            0            0            0                91.134      1            43.365
    2344   2.923594e+04    1.0000000    0.0000000   2.636719e+00   44   48       218271       218271            0            0            0              1277.094      0           883.085
    2345   2.923857e+04    1.0000000    0.0000000   2.636719e+00   44   44           26           26            0            0            0                91.644      1            43.632
    2346   2.924121e+04    1.0000000    0.0000000   2.636719e+00   44   45       105586       105586            0            0            0               961.450      0           713.247
    2347   2.924385e+04    1.0000000    0.0000000   2.636719e+00   44   44           33           33            0            0            0                91.417      1            43.027
    2348   2.924648e+04    1.0000000    0.0000000   2.636719e+00   44   46       212465       212465            0            0            0              1274.370      0           891.051
    2349   2.924912e+04    1.0000000    0.0000000   2.636719e+00   44   44           23           23            0            0            0                91.649      1            43.415
    2350   2.925176e+04    1.0000000    0.0000000   2.636719e+00   44   45       105594       105594            0            0            0               962.327      0           714.305
    2351   2.925439e+04    1.0000000    0.0000000   2.636719e+00   44   44           32           32            0            0            0                92.537      1            43.599
    2352   2.925703e+04    1.0000000    0.0000000   2.636719e+00   44   47       218271       218271            0            0            0              1275.172      0           882.617
    2353   2.925967e+04    1.0000000    0.0000000   2.636719e+00   44   44           22           22            0            0            0                90.756      1            42.812
    2354   2.926230e+04    1.0000000    0.0000000   2.636719e+00   44   45       105413       105413            0            0            0               956.753      0           708.307
    2355   2.926494e+04    1.0000000    0.0000000   2.636719e+00   44   44           32           32            0            0            0                92.823      1            44.287
    2356   2.926758e+04    1.0000000    0.0000000   2.636719e+00   44   46       212479       212479            0            0            0              1332.609      0           949.681
    2357   2.927021e+04    1.0000000    0.0000000   2.636719e+00   44   44           22           22            0            0            0                91.237      1            43.227
    2358   2.927285e+04    1.0000000    0.0000000   2.636719e+00   44   45       105440       105440            0            0            0               959.293      0           711.623
    2359   2.927549e+04    1.0000000    0.0000000   2.636719e+00   44   44           31           31            0            0            0                90.984      1            43.120
    2360   2.927812e+04    1.0000000    0.0000000   2.636719e+00   44   49       218271       218271            0            0            0              1355.646     24           907.407
    2361   2.928076e+04    1.0000000    0.0000000   2.636719e+00   44   44           26           26            0            0            0                92.300      1            44.578
    2362   2.928340e+04    1.0000000    0.0000000   2.636719e+00   44   45       105296       105296            0            0            0               968.442      0           718.817
    2363   2.928604e+04    1.0000000    0.0000000   2.636719e+00   44   44           35           35            0            0            0                91.419      1            43.707
    2364   2.928867e+04    1.0000000    0.0000000   2.636719e+00   44   46       212472       212472            0            0            0              1294.976      0           908.602
    2365   2.929131e+04    1.0000000    0.0000000   2.636719e+00   44   44           27           27            0            0            0                87.155      1            43.115
    2366   2.929395e+04    1.0000000    0.0000000   2.636719e+00   44   45       105255       105255            0            0            0               966.282      0           714.958
    2367   2.929658e+04    1.0000000    0.0000000   2.636719e+00   44   44           36           36            0            0            0                87.010      1            43.122
    2368   2.929922e+04    1.0000000    0.0000000   2.636719e+00   44   47       218271       218271            0            0            0              1352.784      0           953.823
    2369   2.930186e+04    1.0000000    0.0000000   2.636719e+00   44   44           27           27            0            0            0                86.586      1            42.614
    2370   2.930449e+04    1.0000000    0.0000000   2.636719e+00   44   45       105235       105235            0            0            0               975.311      0           723.991
    2371   2.930713e+04    1.0000000    0.0000000   2.636719e+00   44   44           38           38            0            0            0                87.271      1            43.391
    2372   2.930977e+04    1.0000000    0.0000000   2.636719e+00   44   46       212431       212431            0            0            0              1280.090      0           889.580
    2373   2.931240e+04    1.0000000    0.0000000   2.636719e+00   44   44           28           28            0            0            0                87.462      1            43.623
    2374   2.931504e+04    1.0000000    0.0000000   2.636719e+00   44   45       105176       105176            0            0            0               963.746      0           713.140
    2375   2.931768e+04    1.0000000    0.0000000   2.636719e+00   44   44           37           37            0            0            0                86.927      1            43.209
    2376   2.932031e+04    1.0000000    0.0000000   2.636719e+00   44   48       218271       218271            0            0            0              1293.077      0           891.506
    2377   2.932295e+04    1.0000000    0.0000000   2.636719e+00   44   44           26           26            0            0            0                86.752      1            42.889
    2378   2.932559e+04    1.0000000    0.0000000   2.636719e+00   44   45       105116       105116            0            0            0               965.767      0           715.491
    2379   2.932822e+04    1.0000000    0.0000000   2.636719e+00   44   44           34           34            0            0            0                86.195      1            42.483
    2380   2.933086e+04    1.0000000    0.0000000   2.636719e+00   44   46       212431       212431            0            0            0              1284.948      0           894.498
    2381   2.933350e+04    1.0000000    0.0000000   2.636719e+00   44   44           27           27            0            0            0                88.188      1            43.504
    2382   2.933613e+04    1.0000000    0.0000000   2.636719e+00   44   45       105090       105090            0            0            0               962.544      0           711.919
    2383   2.933877e+04    1.0000000    0.0000000   2.636719e+00   44   44           38           38            0            0            0               138.850     17            42.262
    2384   2.934141e+04    1.0000000    0.0000000   2.636719e+00   44   47       218271       218271            0            0            0              1296.841      0           898.477
    2385   2.934404e+04    1.0000000    0.0000000   2.636719e+00   44   44           30           30            0            0            0                85.926      1            42.453
    2386   2.934668e+04    1.0000000    0.0000000   2.636719e+00   44   45       105055       105055            0            0            0               961.303      0           711.745
    2387   2.934932e+04    1.0000000    0.0000000   2.636719e+00   44   44           40           40            0            0            0                87.466      1            43.440
    2388   2.935195e+04    1.0000000    0.0000000   2.636719e+00   44   46       212409       212409            0            0            0              1280.050      0           891.235
    2389   2.935459e+04    1.0000000    0.0000000   2.636719e+00   44   44           26           26            0            0            0                81.530      1            38.660
    2390   2.935723e+04    1.0000000    0.0000000   2.636719e+00   44   45       105005       105005            0            0            0               956.306      0           704.919
    2391   2.935986e+04    1.0000000    0.0000000   2.636719e+00   44   44           33           33            0            0            0                81.401      1            38.154
    2392   2.936250e+04    1.0000000    0.0000000   2.636719e+00   44   51       218271       218271            0            0            0              1275.897      0           870.336
    2393   2.936514e+04    1.0000000    0.0000000   2.636719e+00   44   44           27           27            0            0            0                81.444      1            37.914
    2394   2.936777e+04    1.0000000    0.0000000   2.636719e+00   44   45       104981       104981            0            0            0               958.686      0           707.023
    2395   2.937041e+04    1.0000000    0.0000000   2.636719e+00   44   44           37           37            0            0            0                82.753      1            38.521
    2396   2.937305e+04    1.0000000    0.0000000   2.636719e+00   44   46       212402       212402            0            0            0              1277.792      0           887.793
    2397   2.937568e+04    1.0000000    0.0000000   2.636719e+00   44   44           29           29            0            0            0                82.861      1            38.932
    2398   2.937832e+04    1.0000000    0.0000000   2.636719e+00   44   45       104986       104986            0            0            0               959.479      0           708.738
    2399   2.938096e+04    1.0000000    0.0000000   2.636719e+00   44   44           39           39            0            0            0                83.744      1            40.204
    2400   2.938359e+04    1.0000000    0.0000000   2.636719e+00   44   47       218271       218271            0            0            0              1269.243      0           866.369
    2401   2.938623e+04    1.0000000    0.0000000   2.636719e+00   44   44           29           29            0            0            0                81.846      1            38.783
    2402   2.938887e+04    1.0000000    0.0000000   2.636719e+00   44   45       104996       104996            0            0            0               962.636      0           710.643
    2403   2.939150e+04    1.0000000    0.0000000   2.636719e+00   44   44           35           35            0            0            0                84.102      1            39.178
    2404   2.939414e+04    1.0000000    0.0000000   2.636719e+00   44   46       212389       212389            0            0            0              1266.841      0           874.929
    2405   2.939678e+04    1.0000000    0.0000000   2.636719e+00   44   44           27           27            0            0            0                83.286      1            39.521
    2406   2.939941e+04    1.0000000    0.0000000   2.636719e+00   44   45       104999       104999            0            0            0              1010.748     24           706.743
    2407   2.940205e+04    1.0000000    0.0000000   2.636719e+00   44   44           31           31            0            0            0                82.930      1            39.362
    2408   2.940469e+04    1.0000000    0.0000000   2.636719e+00   44   48       218271       218271            0            0            0              1289.348      0           889.414
    2409   2.940732e+04    1.0000000    0.0000000   2.636719e+00   44   44           24           24            0            0            0                81.289      1            37.858
    2410   2.940996e+04    1.0000000    0.0000000   2.636719e+00   44   45       104980       104980            0            0            0               960.083      0           709.472
    2411   2.941260e+04    1.0000000    0.0000000   2.636719e+00   44   44           28           28            0            0            0                83.003      1            39.149
    2412   2.941523e+04    1.0000000    0.0000000   2.636719e+00   44   46       212375       212375            0            0            0              1259.895      0           867.332
    2413   2.941787e+04    1.0000000    0.0000000   2.636719e+00   44   44           21           21            0            0            0                81.311      1            38.144
    2414   2.942051e+04    1.0000000    0.0000000   2.636719e+00   44   45       104987       104987            0            0            0               956.975      0           706.464
    2415   2.942314e+04    1.0000000    0.0000000   2.636719e+00   44   44           27           27            0            0            0                83.074      1            39.517
    2416   2.942578e+04    1.0000000    0.0000000   2.636719e+00   44   47       218271       218271            0            0            0              1279.039      0           881.031
    2417   2.942842e+04    1.0000000    0.0000000   2.636719e+00   44   44           18           18            0            0            0                80.684      1            37.674
    2418   2.943105e+04    1.0000000    0.0000000   2.636719e+00   44   45       105052       105052            0            0            0               959.607      0           709.520
    2419   2.943369e+04    1.0000000    0.0000000   2.636719e+00   44   44           25           25            0            0            0                88.839      1            40.906
    2420   2.943633e+04    1.0000000    0.0000000   2.636719e+00   44   46       212376       212376            0            0            0              1348.292      0           964.222
    2421   2.943896e+04    1.0000000    0.0000000   2.636719e+00   44   44           17           17            0            0            0                89.877      1            42.386
    2422   2.944160e+04    1.0000000    0.0000000   2.636719e+00   44   45       105134       105134            0            0            0               960.377      0           709.464
    2423   2.944424e+04    1.0000000    0.0000000   2.636719e+00   44   44           18           18            0            0            0                88.357      1            41.277
    2424   2.944688e+04    1.0000000    0.0000000   2.636719e+00   44   49       218271       218271            0            0            0              1285.054      0           873.872
    2425   2.944951e+04    1.0000000    0.0000000   2.636719e+00   44   44           11           11            0            0            0                88.310      1            40.913
    2426   2.945215e+04    1.0000000    0.0000000   2.636719e+00   44   45       105488       105488            0            0            0               958.431      0           707.210
    2427   2.945479e+04    1.0000000    0.0000000   2.636719e+00   44   44           15           15            0            0            0                87.929      1            40.695
    2428   2.945742e+04    1.0000000    0.0000000   2.636719e+00   44   46       212411       212411            0            0            0              1330.159     16           878.776
    2429   2.946006e+04    1.0000000    0.0000000   2.636719e+00   44   44           11           11            0            0            0                86.631      1            39.494
    2430   2.946270e+04    1.0000000    0.0000000   2.636719e+00   44   45       105613       105613            0            0            0               968.149      0           719.883
    2431   2.946533e+04    1.0000000    0.0000000   2.636719e+00   44   44           10           10            0            0            0                87.572      1            39.790
    2432   2.946797e+04    1.0000000    0.0000000   2.636719e+00   44   47       218271       218271            0            0            0              1284.776      0           886.966
    2433   2.947061e+04    1.0000000    0.0000000   2.636719e+00   44   44           11           11            0            0            0                86.733      1            39.890
    2434   2.947324e+04    1.0000000    0.0000000   2.636719e+00   44   45       105686       105686            0            0            0               968.907      0           718.973
    2435   2.947588e+04    1.0000000    0.0000000   2.636719e+00   44   44           10           10            0            0            0                88.043      1            39.629
    2436   2.947852e+04    1.0000000    0.0000000   2.636719e+00   44   46       212463       212463            0            0            0              1271.011      0           883.327
    2437   2.948115e+04    1.0000000    0.0000000   2.636719e+00   44   44           10           10            0            0            0                87.061      1            40.060
    2438   2.948379e+04    1.0000000    0.0000000   2.636719e+00   44   45       105815       105815            0            0            0               962.080      0           714.832
    2439   2.948643e+04    1.0000000    0.0000000   2.636719e+00   44   44            9            9            0            0            0                86.959      1            39.297
    2440   2.948906e+04    1.0000000    0.0000000   2.636719e+00   44   48       218271       218271            0            0            0              1276.156      0           878.811
    2441   2.949170e+04    1.0000000    0.0000000   2.636719e+00   44   44            8            8            0            0            0                79.665      1            36.864
    2442   2.949434e+04    1.0000000    0.0000000   2.636719e+00   44   45       105913       105913            0            0            0               962.305      0           711.695
    2443   2.949697e+04    1.0000000    0.0000000   2.636719e+00   44   44           11           11            0            0            0                80.455      1            37.666
    2444   2.949961e+04    1.0000000    0.0000000   2.636719e+00   44   46       212478       212478            0            0            0              1294.758      0           898.313
    2445   2.950225e+04    1.0000000    0.0000000   2.636719e+00   44   44           13           13            0            0            0                80.229      1            37.264
    2446   2.950488e+04    1.0000000    0.0000000   2.636719e+00   44   45       106063       106063            0            0            0               964.163      0           712.785
    2447   2.950752e+04    1.0000000    0.0000000   2.636719e+00   44   44           17           17            0            0            0                86.530      1            39.124
    2448   2.951016e+04    1.0000000    0.0000000   2.636719e+00   44   47       218271       218271            0            0            0              1300.989      0           899.555
    2449   2.951279e+04    1.0000000    0.0000000   2.636719e+00   44   44           15           15            0            0            0                87.187      1            39.888
    2450   2.951543e+04    1.0000000    0.0000000   2.636719e+00   44   45       106233       106233            0            0            0               966.504      0           717.748
    2451   2.951807e+04    1.0000000    0.0000000   2.636719e+00   44   44           21           21            0            0            0               139.479     25            39.611
    2452   2.952070e+04    1.0000000    0.0000000   2.636719e+00   44   46       212512       212512            0            0            0              1273.917      0           882.179
    2453   2.952334e+04    1.0000000    0.0000000   2.636719e+00   44   44           21           21            0            0            0                86.371      1            39.625
    2454   2.952598e+04    1.0000000    0.0000000   2.636719e+00   44   45       106444       106444            0            0            0               968.984      0           720.608
    2455   2.952861e+04    1.0000000    0.0000000   2.636719e+00   44   44           27           27            0            0            0                87.662      1            40.635
    2456   2.953125e+04    1.0000000    0.0000000   2.636719e+00   44   50       218271       218271            0            0            0              1345.986      0           947.745
    2457   2.953389e+04    1.0000000    0.0000000   2.636719e+00   44   44           26           26            0            0            0                87.157      1            39.716
    2458   2.953652e+04    1.0000000    0.0000000   2.636719e+00   44   45       106649       106649            0            0            0               974.429      0           724.692
    2459   2.953916e+04    1.0000000    0.0000000   2.636719e+00   44   44           33           33            0            0            0                86.166      1            39.250
    2460   2.954180e+04    1.0000000    0.0000000   2.636719e+00   44   46       212548       212548            0            0            0              1293.269      0           903.564
    2461   2.954443e+04    1.0000000    0.0000000   2.636719e+00   44   44           30           30            0            0            0                87.062      1            39.319
    2462   2.954707e+04    1.0000000    0.0000000   2.636719e+00   44   45       106910       106910            0            0            0               977.468      0           727.470
    2463   2.954971e+04    1.0000000    0.0000000   2.636719e+00   44   44           42           42            0            0            0                87.889      1            39.776
    2464   2.955234e+04    1.0000000    0.0000000   2.636719e+00   44   47       218271       218271            0            0            0              1286.880      0           888.148
    2465   2.955498e+04    1.0000000    0.0000000   2.636719e+00   44   44           46           46            0            0            0                79.694      1            35.989
    2466   2.955762e+04    1.0000000    0.0000000   2.636719e+00   44   45       107133       107133            0            0            0               974.323      0           723.065
    2467   2.956025e+04    1.0000000    0.0000000   2.636719e+00   44   44           64           64            0            0            0                87.251      1            39.100
    2468   2.956289e+04    1.0000000    0.0000000   2.636719e+00   44   46       212592       212592            0            0            0              1270.883      0           880.818
    2469   2.956553e+04    1.0000000    0.0000000   2.636719e+00   44   44           87           87            0            0            0                81.996      1            37.346
    2470   2.956816e+04    1.0000000    0.0000000   2.636719e+00   44   45       107426       107426            0            0            0               979.610      0           727.652
    2471   2.957080e+04    1.0000000    0.0000000   2.636719e+00   44   44          101          101            0            0            0                87.817      1            39.704
    2472   2.957344e+04    1.0000000    0.0000000   2.636719e+00   44   48       218271       218271            0            0            0              1301.571      0           904.224
    2473   2.957607e+04    1.0000000    0.0000000   2.636719e+00   44   44          132          132            0            0            0                80.783      1            36.577
    2474   2.957871e+04    1.0000000    0.0000000   2.636719e+00   44   45       107715       107715            0            0            0              1024.391     16           719.394
    2475   2.958135e+04    1.0000000    0.0000000   2.636719e+00   44   44          150          150            0            0            0                87.643      1            39.688
    2476   2.958398e+04    1.0000000    0.0000000   2.636719e+00   44   46       212619       212619            0            0            0              1344.536      0           958.009
    2477   2.958662e+04    1.0000000    0.0000000   2.636719e+00   44   44          195          195            0            0            0                88.192      1            39.451
    2478   2.958926e+04    1.0000000    0.0000000   2.636719e+00   44   45       108020       108020            0            0            0               979.330      0           728.304
    2479   2.959189e+04    1.0000000    0.0000000   2.636719e+00   44   44          223          223            0            0            0                87.881      1            39.267
    2480   2.959453e+04    1.0000000    0.0000000   2.636719e+00   44   47       218271       218271            0            0            0              1302.975      0           906.501
    2481   2.959717e+04    1.0000000    0.0000000   2.636719e+00   44   44          244          244            0            0            0                87.305      1            39.234
    2482   2.959980e+04    1.0000000    0.0000000   2.636719e+00   44   45       108087       108087            0            0            0               981.681      0           729.713
    2483   2.960244e+04    1.0000000    0.0000000   2.636719e+00   44   44          268          268            0            0            0                87.747      1            39.429
    2484   2.960508e+04    1.0000000    0.0000000   2.636719e+00   44   46       212674       212674            0            0            0              1287.810      0           899.813
    2485   2.960771e+04    1.0000000    0.0000000   2.636719e+00   44   44          250          250            0            0            0                87.537      1            39.345
    2486   2.961035e+04    1.0000000    0.0000000   2.636719e+00   44   45       108072       108072            0            0            0               972.261      0           721.762
    2487   2.961299e+04    1.0000000    0.0000000   2.636719e+00   44   44          286          286            0            0            0                87.391      1            39.135
    2488   2.961562e+04    1.0000000    0.0000000   2.636719e+00   44   49       218271       218271            0            0            0              1295.607      0           897.065
    2489   2.961826e+04    1.0000000    0.0000000   2.636719e+00   44   44          262          262            0            0            0                87.479      1            39.256
    2490   2.962090e+04    1.0000000    0.0000000   2.636719e+00   44   45       108035       108035            0            0            0               979.060      0           727.975
    2491   2.962354e+04    1.0000000    0.0000000   2.636719e+00   44   44          304          304            0            0            0                88.579      1            39.697
    2492   2.962617e+04    1.0000000    0.0000000   2.636719e+00   44   46       212689       212689            0            0            0              1339.152      0           950.385
    2493   2.962881e+04    1.0000000    0.0000000   2.636719e+00   44   44          266          266            0            0            0                87.898      1            39.519
    2494   2.963145e+04    1.0000000    0.0000000   2.636719e+00   44   45       108059       108059            0            0            0               976.335      0           724.402
    2495   2.963408e+04    1.0000000    0.0000000   2.636719e+00   44   44          313          313            0            0            0                88.549      1            40.207
    2496   2.963672e+04    1.0000000    0.0000000   2.636719e+00   44   47       218271       218271            0            0            0              1302.289      0           905.639
    2497   2.963936e+04    1.0000000    0.0000000   2.636719e+00   44   44          270          270            0            0            0               142.236     25            40.372
    2498   2.964199e+04    1.0000000    0.0000000   2.636719e+00   44   45       108011       108011            0            0            0               978.261      0           719.795
    2499   2.964463e+04    1.0000000    0.0000000   2.636719e+00   44   44          315          315            0            0            0                91.766      1            42.321
    2500   2.964727e+04    1.0000000    0.0000000   2.636719e+00   44   46       212683       212683            0            0            0              1317.628      0           895.270
    2501   2.964990e+04    1.0000000    0.0000000   2.636719e+00   44   44          276          276            0            0            0                91.188      1            42.037
    2502   2.965254e+04    1.0000000    0.0000000   2.636719e+00   44   45       107986       107986            0            0            0               980.674      0           711.999
    2503   2.965518e+04    1.0000000    0.0000000   2.636719e+00   44   44          323          323            0            0            0                93.009      1            43.647
    2504   2.965781e+04    1.0000000    0.0000000   2.636719e+00   44   48       218271       218271            0            0            0              1319.273      0           874.817
    2505   2.966045e+04    1.0000000    0.0000000   2.636719e+00   44   44          273          273            0            0            0                81.532      1            36.026
    2506   2.966309e+04    1.0000000    0.0000000   2.636719e+00   44   45       107932       107932            0            0            0               978.556      0           713.369
    2507   2.966572e+04    1.0000000    0.0000000   2.636719e+00   44   44          318          318            0            0            0                87.766      1            39.431
    2508   2.966836e+04    1.0000000    0.0000000   2.636719e+00   44   46       212658       212658            0            0            0              1342.723      0           930.252
    2509   2.967100e+04    1.0000000    0.0000000   2.636719e+00   44   44          264          264            0            0            0                83.017      1            36.813
    2510   2.967363e+04    1.0000000    0.0000000   2.636719e+00   44   45       107972       107972            0            0            0               998.281      0           731.885
    2511   2.967627e+04    1.0000000    0.0000000   2.636719e+00   44   44          314          314            0            0            0                88.206      1            39.589
    2512   2.967891e+04    1.0000000    0.0000000   2.636719e+00   44   47       218271       218271            0            0            0              1302.165      0           874.364
    2513   2.968154e+04    1.0000000    0.0000000   2.636719e+00   44   44          264          264            0            0            0                81.679      1            37.148
    2514   2.968418e+04    1.0000000    0.0000000   2.636719e+00   44   45       107916       107916            0            0            0               975.666      0           709.208
    2515   2.968682e+04    1.0000000    0.0000000   2.636719e+00   44   44          305          305            0            0            0                82.278      1            37.193
    2516   2.968945e+04    1.0000000    0.0000000   2.636719e+00   44   46       212653       212653            0            0            0              1372.277      0           958.234
    2517   2.969209e+04    1.0000000    0.0000000   2.636719e+00   44   44          248          248            0            0            0                81.432      1            37.175
    2518   2.969473e+04    1.0000000    0.0000000   2.636719e+00   44   45       107911       107911            0            0            0               985.556      0           720.359
    2519   2.969736e+04    1.0000000    0.0000000   2.636719e+00   44   44          284          284            0            0            0                82.809      1            38.124
    2520   2.970000e+04    1.0000000    0.0000000   2.636719e+00   44   54       218271       218271            0            0            0              1395.602     16           948.104
    2521   2.970264e+04    1.0000000    0.0000000   2.636719e+00   44   44          233          233            0            0            0                82.407      1            37.364
    2522   2.970527e+04    1.0000000    0.0000000   2.636719e+00   44   45       107863       107863            0            0            0               983.166      0           717.509
    2523   2.970791e+04    1.0000000    0.0000000   2.636719e+00   44   44          265          265            0            0            0                81.745      1            37.275
    2524   2.971055e+04    1.0000000    0.0000000   2.636719e+00   44   46       212686       212686            0            0            0              1289.266      0           872.961
    2525   2.971318e+04    1.0000000    0.0000000   2.636719e+00   44   44          221          221            0            0            0                80.772      1            36.077
    2526   2.971582e+04    1.0000000    0.0000000   2.636719e+00   44   45       107855       107855            0            0            0               982.671      0           714.456
    2527   2.971846e+04    1.0000000    0.0000000   2.636719e+00   44   44          253          253            0            0            0                81.845      1            35.919
    2528   2.972109e+04    1.0000000    0.0000000   2.636719e+00   44   47       218271       218271            0            0            0              1388.370      0           963.838
    2529   2.972373e+04    1.0000000    0.0000000   2.636719e+00   44   44          205          205            0            0            0                80.942      1            36.102
    2530   2.972637e+04    1.0000000    0.0000000   2.636719e+00   44   45       107840       107840            0            0            0               982.088      0           717.134
    2531   2.972900e+04    1.0000000    0.0000000   2.636719e+00   44   44          238          238            0            0            0                83.414      1            38.417
    2532   2.973164e+04    1.0000000    0.0000000   2.636719e+00   44   46       212675       212675            0            0            0              1307.674      0           892.620
    2533   2.973428e+04    1.0000000    0.0000000   2.636719e+00   44   44          199          199            0            0            0                83.632      1            38.156
    2534   2.973691e+04    1.0000000    0.0000000   2.636719e+00   44   45       107891       107891            0            0            0               981.401      0           717.781
    2535   2.973955e+04    1.0000000    0.0000000   2.636719e+00   44   44          230          230            0            0            0                83.175      1            38.351
    2536   2.974219e+04    1.0000000    0.0000000   2.636719e+00   44   48       218271       218271            0            0            0              1312.380      0           884.654
    2537   2.974482e+04    1.0000000    0.0000000   2.636719e+00   44   44          183          183            0            0            0                83.091      1            38.880
    2538   2.974746e+04    1.0000000    0.0000000   2.636719e+00   44   45       107689       107689            0            0            0               987.381      0           722.782
    2539   2.975010e+04    1.0000000    0.0000000   2.636719e+00   44   44          215          215            0            0            0                82.870      1            37.864
    2540   2.975273e+04    1.0000000    0.0000000   2.636719e+00   44   46       212662       212662            0            0            0              1350.025      0           934.046
    2541   2.975537e+04    1.0000000    0.0000000   2.636719e+00   44   44          175          175            0            0            0                83.806      1            38.419
    2542   2.975801e+04    1.0000000    0.0000000   2.636719e+00   44   45       107705       107705            0            0            0              1041.150     24           723.109
    2543   2.976064e+04    1.0000000    0.0000000   2.636719e+00   44   44          196          196            0            0            0                82.248      1            37.523
    2544   2.976328e+04    1.0000000    0.0000000   2.636719e+00   44   47       218271       218271            0            0            0              1390.706      0           965.278
    2545   2.976592e+04    1.0000000    0.0000000   2.636719e+00   44   44          157          157            0            0            0                82.309      1            37.784
    2546   2.976855e+04    1.0000000    0.0000000   2.636719e+00   44   45       107475       107475            0            0            0               975.747      0           711.183
    2547   2.977119e+04    1.0000000    0.0000000   2.636719e+00   44   44          184          184            0            0            0                82.988      1            37.997
    2548   2.977383e+04    1.0000000    0.0000000   2.636719e+00   44   46       212638       212638            0            0            0              1294.687      0           879.626
    2549   2.977646e+04    1.0000000    0.0000000   2.636719e+00   44   44          144          144            0            0            0                83.002      1            38.500
    2550   2.977910e+04    1.0000000    0.0000000   2.636719e+00   44   45       107500       107500            0            0            0               980.306      0           716.780
    2551   2.978174e+04    1.0000000    0.0000000   2.636719e+00   44   44          153          153            0            0            0                81.749      1            37.482
    2552   2.978438e+04    1.0000000    0.0000000   2.636719e+00   44   49       218271       218271            0            0            0              1359.800      0           934.709
    2553   2.978701e+04    1.0000000    0.0000000   2.636719e+00   44   44          128          128            0            0            0                81.845      1            37.831
    2554   2.978965e+04    1.0000000    0.0000000   2.636719e+00   44   45       107248       107248            0            0            0               974.349      0           711.061
    2555   2.979229e+04    1.0000000    0.0000000   2.636719e+00   44   44          138          138            0            0            0                81.121      1            37.176
    2556   2.979492e+04    1.0000000    0.0000000   2.636719e+00   44   46       212596       212596            0            0            0              1297.304      0           883.668
    2557   2.979756e+04    1.0000000    0.0000000   2.636719e+00   44   44          118          118            0            0            0                81.403      1            37.625
    2558   2.980020e+04    1.0000000    0.0000000   2.636719e+00   44   45       107299       107299            0            0            0               984.079      0           720.805
    2559   2.980283e+04    1.0000000    0.0000000   2.636719e+00   44   44          124          124            0            0            0                82.569      1            38.692
    2560   2.980547e+04    1.0000000    0.0000000   2.636719e+00   44   47       218271       218271            0            0            0              1306.257      0           881.337
    2561   2.980811e+04    1.0000000    0.0000000   2.636719e+00   44   44           96           96            0            0            0                80.907      1            37.505
    2562   2.981074e+04    1.0000000    0.0000000   2.636719e+00   44   45       107108       107108            0            0            0               974.151      0           711.669
    2563   2.981338e+04    1.0000000    0.0000000   2.636719e+00   44   44          108          108            0            0            0                81.266      1            37.438
    2564   2.981602e+04    1.0000000    0.0000000   2.636719e+00   44   46       212595       212595            0            0            0              1374.006      0           962.368
    2565   2.981865e+04    1.0000000    0.0000000   2.636719e+00   44   44           80           80            0            0            0               133.144     17            37.559
    2566   2.982129e+04    1.0000000    0.0000000   2.636719e+00   44   45       107169       107169            0            0            0               975.488      0           713.045
    2567   2.982393e+04    1.0000000    0.0000000   2.636719e+00   44   44           88           88            0            0            0                82.185      1            37.945
    2568   2.982656e+04    1.0000000    0.0000000   2.636719e+00   44   48       218271       218271            0            0            0              1292.895      0           870.635
    2569   2.982920e+04    1.0000000    0.0000000   2.636719e+00   44   44           67           67            0            0            0                79.989      1            37.281
    2570   2.983184e+04    1.0000000    0.0000000   2.636719e+00   44   45       106972       106972            0            0            0               969.856      0           708.140
    2571   2.983447e+04    1.0000000    0.0000000   2.636719e+00   44   44           70           70            0            0            0                79.465      1            35.947
    2572   2.983711e+04    1.0000000    0.0000000   2.636719e+00   44   46       212553       212553            0            0            0              1283.803      0           874.395
    2573   2.983975e+04    1.0000000    0.0000000   2.636719e+00   44   44           55           55            0            0            0                80.374      1            36.897
    2574   2.984238e+04    1.0000000    0.0000000   2.636719e+00   44   45       106996       106996            0            0            0               973.873      0           712.856
    2575   2.984502e+04    1.0000000    0.0000000   2.636719e+00   44   44           59           59            0            0            0                80.651      1            37.545
    2576   2.984766e+04    1.0000000    0.0000000   2.636719e+00   44   47       218271       218271            0            0            0              1354.166      0           933.660
    2577   2.985029e+04    1.0000000    0.0000000   2.636719e+00   44   44           43           43            0            0            0                77.945      1            35.051
    2578   2.985293e+04    1.0000000    0.0000000   2.636719e+00   44   45       106796       106796            0            0            0               975.332      0           715.777
    2579   2.985557e+04    1.0000000    0.0000000   2.636719e+00   44   44           50           50            0            0            0                79.179      1            35.723
    2580   2.985820e+04    1.0000000    0.0000000   2.636719e+00   44   46       212522       212522            0            0            0              1328.899      0           921.150
    2581   2.986084e+04    1.0000000    0.0000000   2.636719e+00   44   44           36           36            0            0            0                78.700      1            35.681
    2582   2.986348e+04    1.0000000    0.0000000   2.636719e+00   44   45       106828       106828            0            0            0               976.028      0           715.833
    2583   2.986611e+04    1.0000000    0.0000000   2.636719e+00   44   44           36           36            0            0            0                78.649      1            36.301
    2584   2.986875e+04    1.0000000    0.0000000   2.636719e+00   44   50       218271       218271            0            0            0              1297.145      0           878.158
    2585   2.987139e+04    1.0000000    0.0000000   2.636719e+00   44   44           31           31            0            0            0                77.382      1            34.838
    2586   2.987402e+04    1.0000000    0.0000000   2.636719e+00   44   45       106668       106668            0            0            0               978.987      0           717.840
    2587   2.987666e+04    1.0000000    0.0000000   2.636719e+00   44   44           30           30            0            0            0                77.614      1            34.907
    2588   2.987930e+04    1.0000000    0.0000000   2.636719e+00   44   46       212525       212525            0            0            0              1341.003     24           875.486
    2589   2.988193e+04    1.0000000    0.0000000   2.636719e+00   44   44           21           21            0            0            0                79.024      1            35.729
    2590   2.988457e+04    1.0000000    0.0000000   2.636719e+00   44   45       106702       106702            0            0            0               978.854      0           717.478
    2591   2.988721e+04    1.0000000    0.0000000   2.636719e+00   44   44           21           21            0            0            0                77.820      1            35.037
    2592   2.988984e+04    1.0000000    0.0000000   2.636719e+00   44   47       218271       218271            0            0            0              1286.636      0           865.205
    2593   2.989248e+04    1.0000000    0.0000000   2.636719e+00   44   44           17           17            0            0            0                77.127      1            34.800
    2594   2.989512e+04    1.0000000    0.0000000   2.636719e+00   44   45       106532       106532            0            0            0               976.881      0           716.817
    2595   2.989775e+04    1.0000000    0.0000000   2.636719e+00   44   44           18           18            0            0            0                76.920      1            34.697
    2596   2.990039e+04    1.0000000    0.0000000   2.636719e+00   44   46       212508       212508            0            0            0              1282.562      0           873.204
    2597   2.990303e+04    1.0000000    0.0000000   2.636719e+00   44   44           14           14            0            0            0                77.285      1            35.098
    2598   2.990566e+04    1.0000000    0.0000000   2.636719e+00   44   45       106575       106575            0            0            0               972.157      0           711.223
    2599   2.990830e+04    1.0000000    0.0000000   2.636719e+00   44   44           14           14            0            0            0                77.599      1            34.669
    2600   2.991094e+04    1.0000000    0.0000000   2.636719e+00   44   48       218271       218271            0            0            0              1305.265      0           883.615
    2601   2.991357e+04    1.0000000    0.0000000   2.636719e+00   44   44            8            8            0            0            0                77.192      1            34.980
    2602   2.991621e+04    1.0000000    0.0000000   2.636719e+00   44   45       106458       106458            0            0            0               971.417      0           711.726
    2603   2.991885e+04    1.0000000    0.0000000   2.636719e+00   44   44            7            7            0            0            0                77.446      1            34.927
    2604   2.992148e+04    1.0000000    0.0000000   2.636719e+00   44   46       212497       212497            0            0            0              1366.051      0           956.479
    2605   2.992412e+04    1.0000000    0.0000000   2.636719e+00   44   44            5            5            0            0            0                76.026      1            34.046
    2606   2.992676e+04    1.0000000    0.0000000   2.636719e+00   44   45       106515       106515            0            0            0               982.210      0           723.160
    2607   2.992939e+04    1.0000000    0.0000000   2.636719e+00   44   44            2            2            0            0            0                78.800      1            35.465
    2608   2.993203e+04    1.0000000    0.0000000   2.636719e+00   44   47       218271       218271            0            0            0              1373.916      0           954.942
    2609   2.993467e+04    1.0000000    0.0000000   2.636719e+00   44   44            2            2            0            0            0                78.455      1            35.603
    2610   2.993730e+04    1.0000000    0.0000000   2.636719e+00   44   45       106406       106406            0            0            0               983.000      0           723.244
    2611   2.993994e+04    1.0000000    0.0000000   2.636719e+00   44   44            1            1            0            0            0               130.382     17            35.909
    2612   2.994258e+04    1.0000000    0.0000000   2.636719e+00   44   46       212491       212491            0            0            0              1291.524      0           882.770
    2613   2.994785e+04    1.0000000    0.0000000   5.273438e+00   45   45       106471       106471            0            0            0              1013.617      1           715.292
    2614   2.995312e+04    1.0000000    0.0000000   5.273438e+00   45   49       218271       218271            0            0            0              1349.786      1           893.373
    2615   2.995840e+04    1.0000000    0.0000000   5.273438e+00   45   45       106402       106402            0            0            0              1021.348      1           724.765
    2616   2.996367e+04    1.0000000    0.0000000   5.273438e+00   45   46       212483       212483            0            0            0              1339.889      1           897.148
    2617   2.996895e+04    1.0000000    0.0000000   5.273438e+00   45   45       106509       106509            0            0            0              1009.235      1           711.440
    2618   2.997422e+04    1.0000000    0.0000000   5.273438e+00   45   47       218271       218271            0            0            0              1342.442      1           888.144
    2619   2.997949e+04    1.0000000    0.0000000   5.273438e+00   45   45       106462       106462            0            0            0              1008.836      1           711.496
    2620   2.998477e+04    1.0000000    0.0000000   5.273438e+00   45   46       212514       212514            0            0            0              1332.881      1           887.216
    2621   2.999004e+04    1.0000000    0.0000000   5.273438e+00   45   45       106592       106592            0            0            0              1015.682      1           718.454
    2622   2.999531e+04    1.0000000    0.0000000   5.273438e+00   45   48       218271       218271            0            0            0              1419.166     25           909.596
    2623   3.000059e+04    1.0000000    0.0000000   5.273438e+00   45   45       106588       106588            0            0            0              1024.407      1           727.799
    2624   3.000586e+04    1.0000000    0.0000000   5.273438e+00   45   46       212523       212523            0            0            0              1412.414      1           972.589
    2625   3.000850e+04    1.0000000    0.0000000   2.636719e+00   44   44            3            3            0            0            0                76.280      1            34.034
    2626   3.001113e+04    1.0000000    0.0000000   2.636719e+00   44   45       106721       106721            0            0            0               970.933      0           711.765
    2627   3.001377e+04    1.0000000    0.0000000   2.636719e+00   44   44            3            3            0            0            0                77.604      1            35.400
    2628   3.001641e+04    1.0000000    0.0000000   2.636719e+00   44   47       218271       218271            0            0            0              1374.926      0           962.718
    2629   3.001904e+04    1.0000000    0.0000000   2.636719e+00   44   44           22           22            0            0            0                79.235      1            33.474
    2630   3.002168e+04    1.0000000    0.0000000   2.636719e+00   44   45       106740       106740            0            0            0               977.304      0           719.156
    2631   3.002432e+04    1.0000000    0.0000000   2.636719e+00   44   44           25           25            0            0            0                81.552      1            34.208
    2632   3.002695e+04    1.0000000    0.0000000   2.636719e+00   44   46       212554       212554            0            0            0              1301.117      0           901.884
    2633   3.002959e+04    1.0000000    0.0000000   2.636719e+00   44   44           49           49            0            0            0                79.978      1            34.100
    2634   3.003223e+04    1.0000000    0.0000000   2.636719e+00   44   45       106909       106909            0            0            0               969.208      0           711.181
    2635   3.003486e+04    1.0000000    0.0000000   2.636719e+00   44   44           49           49            0            0            0                79.886      1            33.849
    2636   3.003750e+04    1.0000000    0.0000000   2.636719e+00   44   51       218271       218271            0            0            0              1294.179      0           885.441
    2637   3.004014e+04    1.0000000    0.0000000   2.636719e+00   44   44           77           77            0            0            0                80.706      1            34.058
    2638   3.004277e+04    1.0000000    0.0000000   2.636719e+00   44   45       106978       106978            0            0            0               975.458      0           717.786
    2639   3.004541e+04    1.0000000    0.0000000   2.636719e+00   44   44           80           80            0            0            0                80.014      1            33.501
    2640   3.004805e+04    1.0000000    0.0000000   2.636719e+00   44   46       212548       212548            0            0            0              1372.864      0           974.269
    2641   3.005068e+04    1.0000000    0.0000000   2.636719e+00   44   44          111          111            0            0            0                80.014      1            33.757
    2642   3.005332e+04    1.0000000    0.0000000   2.636719e+00   44   45       107109       107109            0            0            0               988.700      0           732.067
    2643   3.005596e+04    1.0000000    0.0000000   2.636719e+00   44   44          122          122            0            0            0                80.572      1            33.981
    2644   3.005859e+04    1.0000000    0.0000000   2.636719e+00   44   47       218271       218271            0            0            0              1356.834     16           893.811
    2645   3.006123e+04    1.0000000    0.0000000   2.636719e+00   44   44          124          124            0            0            0                85.073      1            37.907
    2646   3.006387e+04    1.0000000    0.0000000   2.636719e+00   44   45       107006       107006            0            0            0               987.106      0           730.495
    2647   3.006650e+04    1.0000000    0.0000000   2.636719e+00   44   44          135          135            0            0            0                86.159      1            37.863
    2648   3.006914e+04    1.0000000    0.0000000   2.636719e+00   44   46       212556       212556            0            0            0              1304.227      0           907.034
    2649   3.007178e+04    1.0000000    0.0000000   2.636719e+00   44   44          118          118            0            0            0                85.113      1            37.618
    2650   3.007441e+04    1.0000000    0.0000000   2.636719e+00   44   45       106953       106953            0            0            0               982.892      0           724.148
    2651   3.007705e+04    1.0000000    0.0000000   2.636719e+00   44   44          140          140            0            0            0                85.107      1            37.734
    2652   3.007969e+04    1.0000000    0.0000000   2.636719e+00   44   48       218271       218271            0            0            0              1304.124      0           897.080
    2653   3.008232e+04    1.0000000    0.0000000   2.636719e+00   44   44          115          115            0            0            0                85.192      1            37.956
    2654   3.008496e+04    1.0000000    0.0000000   2.636719e+00   44   45       106904       106904            0            0            0               978.638      0           722.479
    2655   3.008760e+04    1.0000000    0.0000000   2.636719e+00   44   44          144          144            0            0            0                85.647      1            38.080
    2656   3.009023e+04    1.0000000    0.0000000   2.636719e+00   44   46       212553       212553            0            0            0              1281.599      0           883.164
    2657   3.009287e+04    1.0000000    0.0000000   2.636719e+00   44   44          120          120            0            0            0                84.863      1            37.897
    2658   3.009551e+04    1.0000000    0.0000000   2.636719e+00   44   45       106880       106880            0            0            0               972.754      0           716.159
    2659   3.009814e+04    1.0000000    0.0000000   2.636719e+00   44   44          142          142            0            0            0                86.289      1            38.346
    2660   3.010078e+04    1.0000000    0.0000000   2.636719e+00   44   47       218271       218271            0            0            0              1309.879      0           903.193
    2661   3.010342e+04    1.0000000    0.0000000   2.636719e+00   44   44          122          122            0            0            0                86.036      1            38.356
    2662   3.010605e+04    1.0000000    0.0000000   2.636719e+00   44   45       106837       106837            0            0            0               969.685      0           713.854
    2663   3.010869e+04    1.0000000    0.0000000   2.636719e+00   44   44          145          145            0            0            0                85.161      1            37.995
    2664   3.011133e+04    1.0000000    0.0000000   2.636719e+00   44   46       212553       212553            0            0            0              1371.529      0           974.824
    2665   3.011396e+04    1.0000000    0.0000000   2.636719e+00   44   44          126          126            0            0            0                84.272      1            37.323
    2666   3.011660e+04    1.0000000    0.0000000   2.636719e+00   44   45       106791       106791            0            0            0               974.011      0           717.003
    2667   3.011924e+04    1.0000000    0.0000000   2.636719e+00   44   44          145          145            0            0            0               138.581     25            37.478
    2668   3.012188e+04    1.0000000    0.0000000   2.636719e+00   44   49       218271       218271            0            0            0              1352.633      0           949.024
    2669   3.012451e+04    1.0000000    0.0000000   2.636719e+00   44   44          129          129            0            0            0                85.621      1            38.129
    2670   3.012715e+04    1.0000000    0.0000000   2.636719e+00   44   45       106777       106777            0            0            0               974.265      0           718.419
    2671   3.012979e+04    1.0000000    0.0000000   2.636719e+00   44   44          144          144            0            0            0                85.606      1            38.142
    2672   3.013242e+04    1.0000000    0.0000000   2.636719e+00   44   46       212536       212536            0            0            0              1305.753      0           904.424
    2673   3.013506e+04    1.0000000    0.0000000   2.636719e+00   44   44          122          122            0            0            0                84.697      1            37.934
    2674   3.013770e+04    1.0000000    0.0000000   2.636719e+00   44   45       106768       106768            0            0            0               983.261      0           727.610
    2675   3.014033e+04    1.0000000    0.0000000   2.636719e+00   44   44          145          145            0            0            0                85.569      1            38.186
    2676   3.014297e+04    1.0000000    0.0000000   2.636719e+00   44   47       218271       218271            0            0            0              1376.089      0           970.274
    2677   3.014561e+04    1.0000000    0.0000000   2.636719e+00   44   44          118          118            0            0            0                84.955      1            37.793
    2678   3.014824e+04    1.0000000    0.0000000   2.636719e+00   44   45       106796       106796            0            0            0               984.338      0           726.836
    2679   3.015088e+04    1.0000000    0.0000000   2.636719e+00   44   44          145          145            0            0            0                86.022      1            38.166
    2680   3.015352e+04    1.0000000    0.0000000   2.636719e+00   44   46       212520       212520            0            0            0              1369.817      0           971.687
    2681   3.015615e+04    1.0000000    0.0000000   2.636719e+00   44   44          118          118            0            0            0                85.996      1            38.020
    2682   3.015879e+04    1.0000000    0.0000000   2.636719e+00   44   45       106796       106796            0            0            0               988.411      0           730.889
    2683   3.016143e+04    1.0000000    0.0000000   2.636719e+00   44   44          132          132            0            0            0                85.165      1            37.571
    2684   3.016406e+04    1.0000000    0.0000000   2.636719e+00   44   48       218271       218271            0            0            0              1304.735      0           895.702
    2685   3.016670e+04    1.0000000    0.0000000   2.636719e+00   44   44          111          111            0            0            0                85.362      1            38.078
    2686   3.016934e+04    1.0000000    0.0000000   2.636719e+00   44   45       106773       106773            0            0            0               977.895      0           720.713
    2687   3.017197e+04    1.0000000    0.0000000   2.636719e+00   44   44          126          126            0            0            0                84.800      1            37.521
    2688   3.017461e+04    1.0000000    0.0000000   2.636719e+00   44   46       212509       212509            0            0            0              1300.326      0           901.660
    2689   3.017725e+04    1.0000000    0.0000000   2.636719e+00   44   44          106          106            0            0            0                86.134      1            37.822
    2690   3.017988e+04    1.0000000    0.0000000   2.636719e+00   44   45       106804       106804            0            0            0              1031.157     16           722.091
    2691   3.018252e+04    1.0000000    0.0000000   2.636719e+00   44   44          121          121            0            0            0                85.280      1            37.979
    2692   3.018516e+04    1.0000000    0.0000000   2.636719e+00   44   47       218271       218271            0            0            0              1381.065      0           977.191
    2693   3.018779e+04    1.0000000    0.0000000   2.636719e+00   44   44          106          106            0            0            0                85.363      1            37.337
    2694   3.019043e+04    1.0000000    0.0000000   2.636719e+00   44   45       106824       106824            0            0            0               978.544      0           723.618
    2695   3.019307e+04    1.0000000    0.0000000   2.636719e+00   44   44          117          117            0            0            0                84.745      1            37.095
    2696   3.019570e+04    1.0000000    0.0000000   2.636719e+00   44   46       212510       212510            0            0            0              1303.316      0           906.309
    2697   3.019834e+04    1.0000000    0.0000000   2.636719e+00   44   44          102          102            0            0            0                85.840      1            38.206
    2698   3.020098e+04    1.0000000    0.0000000   2.636719e+00   44   45       106863       106863            0            0            0               974.500      0           715.125
    2699   3.020361e+04    1.0000000    0.0000000   2.636719e+00   44   44          111          111            0            0            0                86.387      1            37.920
    2700   3.020625e+04    1.0000000    0.0000000   2.636719e+00   44   50       218271       218271            0            0            0              1358.732      0           954.483
    2701   3.020889e+04    1.0000000    0.0000000   2.636719e+00   44   44           96           96            0            0            0                85.468      1            38.015
    2702   3.021152e+04    1.0000000    0.0000000   2.636719e+00   44   45       106861       106861            0            0            0               970.169      0           714.849
    2703   3.021416e+04    1.0000000    0.0000000   2.636719e+00   44   44          110          110            0            0            0                83.482      1            35.385
    2704   3.021680e+04    1.0000000    0.0000000   2.636719e+00   44   46       212458       212458            0            0            0              1290.394      0           891.680
    2705   3.021943e+04    1.0000000    0.0000000   2.636719e+00   44   44           87           87            0            0            0                82.962      1            35.533
    2706   3.022207e+04    1.0000000    0.0000000   2.636719e+00   44   45       106875       106875            0            0            0               970.092      0           713.863
    2707   3.022471e+04    1.0000000    0.0000000   2.636719e+00   44   44          100          100            0            0            0                82.364      1            34.998
    2708   3.022734e+04    1.0000000    0.0000000   2.636719e+00   44   47       218271       218271            0            0            0              1294.693      0           886.452
    2709   3.022998e+04    1.0000000    0.0000000   2.636719e+00   44   44           80           80            0            0            0                83.977      1            36.206
    2710   3.023262e+04    1.0000000    0.0000000   2.636719e+00   44   45       106639       106639            0            0            0               980.511      0           725.553
    2711   3.023525e+04    1.0000000    0.0000000   2.636719e+00   44   44           93           93            0            0            0                83.612      1            36.010
    2712   3.023789e+04    1.0000000    0.0000000   2.636719e+00   44   46       212438       212438            0            0            0              1411.491     24           963.103
    2713   3.024053e+04    1.0000000    0.0000000   2.636719e+00   44   44           73           73            0            0            0                83.687      1            35.933
    2714   3.024316e+04    1.0000000    0.0000000   2.636719e+00   44   45       106666       106666            0            0            0               976.393      0           719.985
    2715   3.024580e+04    1.0000000    0.0000000   2.636719e+00   44   44           78           78            0            0            0                82.960      1            35.600
    2716   3.024844e+04    1.0000000    0.0000000   2.636719e+00   44   48       218271       218271            0            0            0              1371.967      0           968.083
    2717   3.025107e+04    1.0000000    0.0000000   2.636719e+00   44   44           64           64            0            0            0                84.152      1            36.182
    2718   3.025371e+04    1.0000000    0.0000000   2.636719e+00   44   45       106425       106425            0            0            0               970.275      0           715.813
    2719   3.025635e+04    1.0000000    0.0000000   2.636719e+00   44   44           67           67            0            0            0                83.334      1            35.557
    2720   3.025898e+04    1.0000000    0.0000000   2.636719e+00   44   46       212415       212415            0            0            0              1281.183      0           884.782
    2721   3.026162e+04    1.0000000    0.0000000   2.636719e+00   44   44           52           52            0            0            0                83.353      1            35.538
    2722   3.026426e+04    1.0000000    0.0000000   2.636719e+00   44   45       106419       106419            0            0            0               971.155      0           717.447
    2723   3.026689e+04    1.0000000    0.0000000   2.636719e+00   44   44           54           54            0            0            0                82.999      1            35.667
    2724   3.026953e+04    1.0000000    0.0000000   2.636719e+00   44   47       218271       218271            0            0            0              1298.359      0           894.000
    2725   3.027217e+04    1.0000000    0.0000000   2.636719e+00   44   44           38           38            0            0            0                83.327      1            35.882
    2726   3.027480e+04    1.0000000    0.0000000   2.636719e+00   44   45       106190       106190            0            0            0               968.598      0           713.522
    2727   3.027744e+04    1.0000000    0.0000000   2.636719e+00   44   44           43           43            0            0            0                84.181      1            35.951
    2728   3.028008e+04    1.0000000    0.0000000   2.636719e+00   44   46       212419       212419            0            0            0              1282.937      0           884.147
    2729   3.028271e+04    1.0000000    0.0000000   2.636719e+00   44   44           30           30            0            0            0                84.707      1            35.639
    2730   3.028535e+04    1.0000000    0.0000000   2.636719e+00   44   45       106181       106181            0            0            0               969.559      0           714.816
    2731   3.028799e+04    1.0000000    0.0000000   2.636719e+00   44   44           31           31            0            0            0                83.404      1            35.524
    2732   3.029062e+04    1.0000000    0.0000000   2.636719e+00   44   49       218271       218271            0            0            0              1372.159      0           968.585
    2733   3.029326e+04    1.0000000    0.0000000   2.636719e+00   44   44           19           19            0            0            0                82.774      1            35.507
    2734   3.029590e+04    1.0000000    0.0000000   2.636719e+00   44   45       105974       105974            0            0            0               959.544      0           705.177
    2735   3.029854e+04    1.0000000    0.0000000   2.636719e+00   44   44           14           14            0            0            0               135.469     17            36.321
    2736   3.030117e+04    1.0000000    0.0000000   2.636719e+00   44   46       212389       212389            0            0            0              1292.630      0           899.225
    2737   3.030381e+04    1.0000000    0.0000000   2.636719e+00   44   44            6            6            0            0            0                79.420      1            36.790
    2738   3.030645e+04    1.0000000    0.0000000   2.636719e+00   44   45       105968       105968            0            0            0               966.584      0           710.860
    2739   3.030908e+04    1.0000000    0.0000000   2.636719e+00   44   44            3            3            0            0            0                79.555      1            36.266
    2740   3.031172e+04    1.0000000    0.0000000   2.636719e+00   44   47       218271       218271            0            0            0              1299.082      0           893.861
    2741   3.031699e+04    1.0000000    0.0000000   5.273438e+00   45   45       105740       105740            0            0            0              1005.823      1           711.463
    2742   3.032227e+04    1.0000000    0.0000000   5.273438e+00   45   46       212362       212362            0            0            0              1353.302      1           920.154
    2743   3.032754e+04    1.0000000    0.0000000   5.273438e+00   45   45       105734       105734            0            0            0              1011.307      1           716.990
    2744   3.033281e+04    1.0000000    0.0000000   5.273438e+00   45   48       218271       218271            0            0            0              1344.592      1           901.565
    2745   3.033809e+04    1.0000000    0.0000000   5.273438e+00   45   45       105519       105519            0            0            0              1003.118      1           709.245
    2746   3.034336e+04    1.0000000    0.0000000   5.273438e+00   45   46       212354       212354            0            0            0              1318.900      1           884.643
    2747   3.034863e+04    1.0000000    0.0000000   5.273438e+00   45   45       105507       105507            0            0            0              1010.839      1           717.531
    2748   3.035391e+04    1.0000000    0.0000000   5.273438e+00   45   47       218271       218271            0            0            0              1327.331      1           885.575
    2749   3.035918e+04    1.0000000    0.0000000   5.273438e+00   45   45       105335       105335            0            0            0              1051.907     25           706.521
    2750   3.036445e+04    1.0000000    0.0000000   5.273438e+00   45   46       212386       212386            0            0            0              1321.417      1           886.058
    2751   3.036973e+04    1.0000000    0.0000000   5.273438e+00   45   45       105317       105317            0            0            0               994.616      1           702.918
    2752   3.037500e+04    1.0000000    0.0000000   5.273438e+00   45   52       218271       218271            0            0            0              1416.894      1           978.720
    2753   3.038027e+04    1.0000000    0.0000000   5.273438e+00   45   45       105141       105141            0            0            0              1008.419      1           717.900
    2754   3.038555e+04    1.0000000    0.0000000   5.273438e+00   45   46       212384       212384            0            0            0              1352.030      1           915.426
    2755   3.039082e+04    1.0000000    0.0000000   5.273438e+00   45   45       105152       105152            0            0            0              1008.686      1           715.399
    2756   3.039609e+04    1.0000000    0.0000000   5.273438e+00   45   47       218271       218271            0            0            0              1347.624      1           903.603
    2757   3.040137e+04    1.0000000    0.0000000   5.273438e+00   45   45       104987       104987            0            0            0               995.357      1           702.580
    2758   3.040664e+04    1.0000000    0.0000000   5.273438e+00   45   46       212377       212377            0            0            0              1344.709      1           906.779
    2759   3.041191e+04    1.0000000    0.0000000   5.273438e+00   45   45       104972       104972            0            0            0              1006.019      1           712.857
    2760   3.041719e+04    1.0000000    0.0000000   5.273438e+00   45   48       218271       218271            0            0            0              1418.143     17           918.949
    2761   3.042246e+04    1.0000000    0.0000000   5.273438e+00   45   45       104797       104797            0            0            0              1012.860      1           720.504
    2762   3.042773e+04    1.0000000    0.0000000   5.273438e+00   45   46       212362       212362            0            0            0              1395.545      1           958.704
    2763   3.043301e+04    1.0000000    0.0000000   5.273438e+00   45   45       104794       104794            0            0            0               996.769      1           703.524
    2764   3.043828e+04    1.0000000    0.0000000   5.273438e+00   45   47       218271       218271            0            0            0              1360.302      1           910.889
    2765   3.044355e+04    1.0000000    0.0000000   5.273438e+00   45   45       104640       104640            0            0            0              1004.211      1           709.190
    2766   3.044883e+04    1.0000000    0.0000000   5.273438e+00   45   46       212356       212356            0            0            0              1319.759      1           879.960
    2767   3.045410e+04    1.0000000    0.0000000   5.273438e+00   45   45       104619       104619            0            0            0              1010.348      1           715.668
    2768   3.045938e+04    1.0000000    0.0000000   5.273438e+00   45   49       218271       218271            0            0            0              1332.882      1           879.792
    2769   3.046465e+04    1.0000000    0.0000000   5.273438e+00   45   45       104481       104481            0            0            0              1015.531      1           721.034
    2770   3.046992e+04    1.0000000    0.0000000   5.273438e+00   45   46       212364       212364            0            0            0              1419.069      1           979.089
    2771   3.047520e+04    1.0000000    0.0000000   5.273438e+00   45   45       104487       104487            0            0            0              1059.565     25           708.552
    2772   3.048047e+04    1.0000000    0.0000000   5.273438e+00   45   47       218271       218271            0            0            0              1319.712      1           866.356
    2773   3.048574e+04    1.0000000    0.0000000   5.273438e+00   45   45       104374       104374            0            0            0               996.939      1           704.573
    2774   3.049102e+04    1.0000000    0.0000000   5.273438e+00   45   46       212351       212351            0            0            0              1318.839      1           878.102
    2775   3.049629e+04    1.0000000    0.0000000   5.273438e+00   45   45       104384       104384            0            0            0              1005.914      1           711.967
    2776   3.050156e+04    1.0000000    0.0000000   5.273438e+00   45   48       218271       218271            0            0            0              1337.711      1           889.045
    2777   3.050684e+04    1.0000000    0.0000000   5.273438e+00   45   45       104260       104260            0            0            0              1014.753      1           718.425
    2778   3.051211e+04    1.0000000    0.0000000   5.273438e+00   45   46       212344       212344            0            0            0              1347.534      1           898.034
    2779   3.051738e+04    1.0000000    0.0000000   5.273438e+00   45   45       104223       104223            0            0            0              1018.928      1           719.286
    2780   3.052266e+04    1.0000000    0.0000000   5.273438e+00   45   47       218271       218271            0            0            0              1355.250      1           901.227
    2781   3.052793e+04    1.0000000    0.0000000   5.273438e+00   45   45       104158       104158            0            0            0              1004.846      1           709.324
    2782   3.053320e+04    1.0000000    0.0000000   5.273438e+00   45   46       212344       212344            0            0            0              1392.683      1           956.461
    2783   3.053848e+04    1.0000000    0.0000000   5.273438e+00   45   45       104108       104108            0            0            0              1060.132     17           712.865
    2784   3.054375e+04    1.0000000    0.0000000   5.273438e+00   45   50       218271       218271            0            0            0              1344.094      1           895.370
    2785   3.054902e+04    1.0000000    0.0000000   5.273438e+00   45   45       104051       104051            0            0            0               999.360      1           705.026
    2786   3.055430e+04    1.0000000    0.0000000   5.273438e+00   45   46       212330       212330            0            0            0              1322.451      1           884.940
    2787   3.055957e+04    1.0000000    0.0000000   5.273438e+00   45   45       104038       104038            0            0            0              1007.930      1           715.205
    2788   3.056484e+04    1.0000000    0.0000000   5.273438e+00   45   47       218271       218271            0            0            0              1434.223      1           987.245
    2789   3.057012e+04    1.0000000    0.0000000   5.273438e+00   45   45       104005       104005            0            0            0              1001.602      1           709.025
    2790   3.057539e+04    1.0000000    0.0000000   5.273438e+00   45   46       212334       212334            0            0            0              1334.911      1           893.846
    2791   3.058066e+04    1.0000000    0.0000000   5.273438e+00   45   45       103989       103989            0            0            0              1000.100      1           704.928
    2792   3.058594e+04    1.0000000    0.0000000   5.273438e+00   45   48       218271       218271            0            0            0              1411.283      1           963.294
    2793   3.059121e+04    1.0000000    0.0000000   5.273438e+00   45   45       103966       103966            0            0            0              1000.674      1           705.075
    2794   3.059648e+04    1.0000000    0.0000000   5.273438e+00   45   46       212306       212306            0            0            0              1452.279     25           958.965
    2795   3.060176e+04    1.0000000    0.0000000   5.273438e+00   45   45       103957       103957            0            0            0              1006.279      1           710.558
    2796   3.060703e+04    1.0000000    0.0000000   5.273438e+00   45   47       218271       218271            0            0            0              1436.974      1           988.822
    2797   3.061230e+04    1.0000000    0.0000000   5.273438e+00   45   45       103927       103927            0            0            0              1000.003      1           705.388
    2798   3.061758e+04    1.0000000    0.0000000   5.273438e+00   45   46       212298       212298            0            0            0              1366.132      1           926.548
    2799   3.062285e+04    1.0000000    0.0000000   5.273438e+00   45   45       103927       103927            0            0            0              1002.245      1           708.689
    2800   3.062812e+04    1.0000000    0.0000000   5.273438e+00   45   49       218271       218271            0            0            0              1416.495      1           965.830
    2801   3.063340e+04    1.0000000    0.0000000   5.273438e+00   45   45       103918       103918            0            0            0              1004.863      1           710.515
    2802   3.063867e+04    1.0000000    0.0000000   5.273438e+00   45   46       212289       212289            0            0            0              1331.399      1           890.269
    2803   3.064395e+04    1.0000000    0.0000000   5.273438e+00   45   45       103909       103909            0            0            0              1010.287      1           714.686
    2804   3.064922e+04    1.0000000    0.0000000   5.273438e+00   45   47       218271       218271            0            0            0              1354.574      1           903.262
    2805   3.065449e+04    1.0000000    0.0000000   5.273438e+00   45   45       103882       103882            0            0            0              1015.235      1           721.065
    2806   3.065977e+04    1.0000000    0.0000000   5.273438e+00   45   46       212294       212294            0            0            0              1381.398     17           886.692
    2807   3.066504e+04    1.0000000    0.0000000   5.273438e+00   45   45       103885       103885            0            0            0              1008.387      1           714.386
    2808   3.067031e+04    1.0000000    0.0000000   5.273438e+00   45   48       218271       218271            0            0            0              1351.241      1           891.212
    2809   3.067559e+04    1.0000000    0.0000000   5.273438e+00   45   45       103896       103896            0            0            0              1008.435      1           711.032
    2810   3.068086e+04    1.0000000    0.0000000   5.273438e+00   45   46       212312       212312            0            0            0              1333.553      1           891.211
    2811   3.068613e+04    1.0000000    0.0000000   5.273438e+00   45   45       103880       103880            0            0            0              1013.969      1           719.019
    2812   3.069141e+04    1.0000000    0.0000000   5.273438e+00   45   47       218271       218271            0            0            0              1336.196      1           886.104
    2813   3.069668e+04    1.0000000    0.0000000   5.273438e+00   45   45       103876       103876            0            0            0              1002.074      1           706.511
    2814   3.070195e+04    1.0000000    0.0000000   5.273438e+00   45   46       212306       212306            0            0            0              1348.475      1           906.617
    2815   3.070723e+04    1.0000000    0.0000000   5.273438e+00   45   45       103884       103884            0            0            0              1009.498      1           712.800
    2816   3.071250e+04    1.0000000    0.0000000   5.273438e+00   45   51       218271       218271            0            0            0              1336.646      1           886.801
    2817   3.071777e+04    1.0000000    0.0000000   5.273438e+00   45   45       103892       103892            0            0            0              1076.931     25           724.906
    2818   3.072305e+04    1.0000000    0.0000000   5.273438e+00   45   46       212288       212288            0            0            0              1343.143      1           901.088
    2819   3.072832e+04    1.0000000    0.0000000   5.273438e+00   45   45       103925       103925            0            0            0              1009.916      1           712.303
    2820   3.073359e+04    1.0000000    0.0000000   5.273438e+00   45   47       218271       218271            0            0            0              1343.593      1           891.102
    2821   3.073887e+04    1.0000000    0.0000000   5.273438e+00   45   45       103916       103916            0            0            0              1000.688      1           704.547
    2822   3.074414e+04    1.0000000    0.0000000   5.273438e+00   45   46       212271       212271            0            0            0              1363.383      1           922.799
    2823   3.074941e+04    1.0000000    0.0000000   5.273438e+00   45   45       103947       103947            0            0            0              1003.264      1           706.983
    2824   3.075469e+04    1.0000000    0.0000000   5.273438e+00   45   48       218271       218271            0            0            0              1346.602      1           895.137
    2825   3.075996e+04    1.0000000    0.0000000   5.273438e+00   45   45       103962       103962            0            0            0              1033.176      1           730.513
    2826   3.076523e+04    1.0000000    0.0000000   5.273438e+00   45   46       212278       212278            0            0            0              1345.983      1           897.548
    2827   3.077051e+04    1.0000000    0.0000000   5.273438e+00   45   45       104010       104010            0            0            0              1029.847      1           728.013
    2828   3.077578e+04    1.0000000    0.0000000   5.273438e+00   45   47       218271       218271            0            0            0              1410.008     17           897.747
    2829   3.078105e+04    1.0000000    0.0000000   5.273438e+00   45   45       104026       104026            0            0            0              1016.771      1           718.803
    2830   3.078633e+04    1.0000000    0.0000000   5.273438e+00   45   46       212284       212284            0            0            0              1381.895      1           934.200
    2831   3.079160e+04    1.0000000    0.0000000   5.273438e+00   45   45       104069       104069            0            0            0              1016.098      1           715.268
    2832   3.079688e+04    1.0000000    0.0000000   5.273438e+00   45   49       218271       218271            0            0            0              1334.340      1           877.039
    2833   3.080215e+04    1.0000000    0.0000000   5.273438e+00   45   45       104101       104101            0            0            0              1021.759      1           718.286
    2834   3.080742e+04    1.0000000    0.0000000   5.273438e+00   45   46       212263       212263            0            0            0              1337.424      1           891.292
    2835   3.081270e+04    1.0000000    0.0000000   5.273438e+00   45   45       104154       104154            0            0            0              1022.086      1           720.796
    2836   3.081797e+04    1.0000000    0.0000000   5.273438e+00   45   47       218271       218271            0            0            0              1347.821      1           890.688
    2837   3.082324e+04    1.0000000    0.0000000   5.273438e+00   45   45       104210       104210            0            0            0              1018.534      1           720.177
    2838   3.082852e+04    1.0000000    0.0000000   5.273438e+00   45   46       212271       212271            0            0            0              1369.263      1           918.035
    2839   3.083379e+04    1.0000000    0.0000000   5.273438e+00   45   45       104259       104259            0            0            0              1035.128      1           735.363
    2840   3.083906e+04    1.0000000    0.0000000   5.273438e+00   45   48       218271       218271            0            0            0              1448.961     25           934.934
    2841   3.084434e+04    1.0000000    0.0000000   5.273438e+00   45   45       104320       104320            0            0            0              1036.703      1           733.556
    2842   3.084961e+04    1.0000000    0.0000000   5.273438e+00   45   46       212260       212260            0            0            0              1362.604      1           916.337
    2843   3.085488e+04    1.0000000    0.0000000   5.273438e+00   45   45       104389       104389            0            0            0              1011.550      1           710.474
    2844   3.086016e+04    1.0000000    0.0000000   5.273438e+00   45   47       218271       218271            0            0            0              1370.882      1           914.168
    2845   3.086543e+04    1.0000000    0.0000000   5.273438e+00   45   45       104434       104434            0            0            0              1018.720      1           718.922
    2846   3.087070e+04    1.0000000    0.0000000   5.273438e+00   45   46       212257       212257            0            0            0              1364.836      1           913.068
    2847   3.087598e+04    1.0000000    0.0000000   5.273438e+00   45   45       104507       104507            0            0            0              1024.625      1           721.977
    2848   3.088125e+04    1.0000000    0.0000000   5.273438e+00   45   50       218271       218271            0            0            0              1429.744      1           971.717
    2849   3.088652e+04    1.0000000    0.0000000   5.273438e+00   45   45       104569       104569            0            0            0              1023.649      1           720.736
    2850   3.089180e+04    1.0000000    0.0000000   5.273438e+00   45   46       212244       212244            0            0            0              1360.935      1           914.122
    2851   3.089707e+04    1.0000000    0.0000000   5.273438e+00   45   45       104649       104649            0            0            0              1084.162     17           727.161
    2852   3.090234e+04    1.0000000    0.0000000   5.273438e+00   45   47       218271       218271            0            0            0              1386.327      1           926.714
    2853   3.090762e+04    1.0000000    0.0000000   5.273438e+00   45   45       104715       104715            0            0            0              1031.062      1           725.501
    2854   3.091289e+04    1.0000000    0.0000000   5.273438e+00   45   46       212248       212248            0            0            0              1436.865      1           981.111
    2855   3.091816e+04    1.0000000    0.0000000   5.273438e+00   45   45       104787       104787            0            0            0              1013.018      1           714.445
    2856   3.092344e+04    1.0000000    0.0000000   5.273438e+00   45   48       218271       218271            0            0            0              1362.653      1           904.911
    2857   3.092871e+04    1.0000000    0.0000000   5.273438e+00   45   45       104885       104885            0            0            0              1029.411      1           724.421
    2858   3.093398e+04    1.0000000    0.0000000   5.273438e+00   45   46       212233       212233            0            0            0              1412.600      1           958.123
    2859   3.093926e+04    1.0000000    0.0000000   5.273438e+00   45   45       104962       104962            0            0            0              1024.400      1           720.081
    2860   3.094453e+04    1.0000000    0.0000000   5.273438e+00   45   47       218271       218271            0            0            0              1401.996      1           932.167
    2861   3.094980e+04    1.0000000    0.0000000   5.273438e+00   45   45       105020       105020            0            0            0              1020.279      1           718.948
    2862   3.095508e+04    1.0000000    0.0000000   5.273438e+00   45   46       212235       212235            0            0            0              1396.148     25           897.568
    2863   3.096035e+04    1.0000000    0.0000000   5.273438e+00   45   45       105120       105120            0            0            0              1017.749      1           716.998
    2864   3.096562e+04    1.0000000    0.0000000   5.273438e+00   45   49       218271       218271            0            0            0              1376.437      1           909.135
    2865   3.097090e+04    1.0000000    0.0000000   5.273438e+00   45   45       105119       105119            0            0            0              1011.882      1           710.446
    2866   3.097617e+04    1.0000000    0.0000000   5.273438e+00   45   46       212243       212243            0            0            0              1422.124      1           975.313
    2867   3.098145e+04    1.0000000    0.0000000   5.273438e+00   45   45       105211       105211            0            0            0              1016.009      1           715.701
    2868   3.098672e+04    1.0000000    0.0000000   5.273438e+00   45   47       218271       218271            0            0            0              1393.153      1           934.587
    2869   3.099199e+04    1.0000000    0.0000000   5.273438e+00   45   45       105224       105224            0            0            0              1014.412      1           714.058
    2870   3.099727e+04    1.0000000    0.0000000   5.273438e+00   45   46       212227       212227            0            0            0              1333.810      1           884.894
    2871   3.100254e+04    1.0000000    0.0000000   5.273438e+00   45   45       105346       105346            0            0            0              1015.663      1           712.030
    2872   3.100781e+04    1.0000000    0.0000000   5.273438e+00   45   48       218271       218271            0            0            0              1434.210      1           976.603
    2873   3.101309e+04    1.0000000    0.0000000   5.273438e+00   45   45       105367       105367            0            0            0              1015.881      1           712.703
    2874   3.101836e+04    1.0000000    0.0000000   5.273438e+00   45   46       212239       212239            0            0            0              1413.897     17           911.047
    2875   3.102363e+04    1.0000000    0.0000000   5.273438e+00   45   45       105454       105454            0            0            0              1015.048      1           714.316
    2876   3.102891e+04    1.0000000    0.0000000   5.273438e+00   45   47       218271       218271            0            0            0              1364.948      1           906.153
    2877   3.103418e+04    1.0000000    0.0000000   5.273438e+00   45   45       105494       105494            0            0            0              1020.129      1           717.594
    2878   3.103945e+04    1.0000000    0.0000000   5.273438e+00   45   46       212235       212235            0            0            0              1347.363      1           894.321
    2879   3.104473e+04    1.0000000    0.0000000   5.273438e+00   45   45       105638       105638            0            0            0              1014.573      1           711.115
    2880   3.105000e+04    1.0000000    0.0000000   5.273438e+00   45   53       218271       218271            0            0            0              1350.725      1           893.360
    2881   3.105527e+04    1.0000000    0.0000000   5.273438e+00   45   45       105686       105686            0            0            0              1012.924      1           710.741
    2882   3.106055e+04    1.0000000    0.0000000   5.273438e+00   45   46       212276       212276            0            0            0              1352.194      1           900.130
    2883   3.106582e+04    1.0000000    0.0000000   5.273438e+00   45   45       105845       105845            0            0            0              1018.885      1           714.959
    2884   3.107109e+04    1.0000000    0.0000000   5.273438e+00   45   47       218271       218271            0            0            0              1452.786      1           996.459
    2885   3.107637e+04    1.0000000    0.0000000   5.273438e+00   45   45       105944       105944            0            0            0              1082.565     25           718.412
    2886   3.108164e+04    1.0000000    0.0000000   5.273438e+00   45   46       212295       212295            0            0            0              1378.884      1           913.544
    2887   3.108691e+04    1.0000000    0.0000000   5.273438e+00   45   45       106083       106083            0            0            0              1057.479      1           749.764
    2888   3.109219e+04    1.0000000    0.0000000   5.273438e+00   45   48       218271       218271            0            0            0              1472.820      1          1010.104
    2889   3.109746e+04    1.0000000    0.0000000   5.273438e+00   45   45       106229       106229            0            0            0              1032.744      1           719.968
    2890   3.110273e+04    1.0000000    0.0000000   5.273438e+00   45   46       212316       212316            0            0            0              1369.273      1           910.726
    2891   3.110801e+04    1.0000000    0.0000000   5.273438e+00   45   45       106415       106415            0            0            0              1026.335      1           713.501
    2892   3.111328e+04    1.0000000    0.0000000   5.273438e+00   45   47       218271       218271            0            0            0              1409.559      1           930.640
    2893   3.111855e+04    1.0000000    0.0000000   5.273438e+00   45   45       106364       106364            0            0            0              1036.805      1           726.504
    2894   3.112383e+04    1.0000000    0.0000000   5.273438e+00   45   46       212344       212344            0            0            0              1399.914      1           940.339
    2895   3.112910e+04    1.0000000    0.0000000   5.273438e+00   45   45       106547       106547            0            0            0              1037.740      1           723.561
    2896   3.113438e+04    1.0000000    0.0000000   5.273438e+00   45   49       218271       218271            0            0            0              1384.270      1           908.381
    2897   3.113965e+04    1.0000000    0.0000000   5.273438e+00   45   45       106493       106493            0            0            0              1082.175     17           720.396
    2898   3.114492e+04    1.0000000    0.0000000   5.273438e+00   45   46       212368       212368            0            0            0              1466.680      1          1000.288
    2899   3.115020e+04    1.0000000    0.0000000   5.273438e+00   45   45       106684       106684            0            0            0              1039.872      1           729.183
    2900   3.115547e+04    1.0000000    0.0000000   5.273438e+00   45   47       218271       218271            0            0            0              1474.778      1           998.362
    2901   3.116074e+04    1.0000000    0.0000000   5.273438e+00   45   45       106623       106623            0            0            0              1039.892      1           727.109
    2902   3.116602e+04    1.0000000    0.0000000   5.273438e+00   45   46       212369       212369            0            0            0              1376.274      1           919.184
    2903   3.117129e+04    1.0000000    0.0000000   5.273438e+00   45   45       106807       106807            0            0            0              1036.680      1           727.321
    2904   3.117656e+04    1.0000000    0.0000000   5.273438e+00   45   48       218271       218271            0            0            0              1426.460      1           958.606
    2905   3.118184e+04    1.0000000    0.0000000   5.273438e+00   45   45       106752       106752            0            0            0              1033.146      1           723.793
    2906   3.118711e+04    1.0000000    0.0000000   5.273438e+00   45   46       212370       212370            0            0            0              1405.495      1           941.110
    2907   3.119238e+04    1.0000000    0.0000000   5.273438e+00   45   45       107004       107004            0            0            0              1029.170      1           716.868
    2908   3.119766e+04    1.0000000    0.0000000   5.273438e+00   45   47       218271       218271            0            0            0              1427.490     25           901.338
    2909   3.120029e+04    1.0000000    0.0000000   2.636719e+00   44   44            1            1            0            0            0                81.646      1            37.878
    2910   3.120293e+04    1.0000000    0.0000000   2.636719e+00   44   45       106975       106975            0            0            0               991.595      0           721.005
    2911   3.120557e+04    1.0000000    0.0000000   2.636719e+00   44   44            1            1            0            0            0                86.651      1            41.688
    2912   3.120820e+04    1.0000000    0.0000000   2.636719e+00   44   46       212374       212374            0            0            0              1346.233      0           921.464
    2913   3.121084e+04    1.0000000    0.0000000   2.636719e+00   44   44            6            6            0            0            0                86.891      1            42.019
    2914   3.121348e+04    1.0000000    0.0000000   2.636719e+00   44   45       107223       107223            0            0            0              1011.869      0           738.555
    2915   3.121611e+04    1.0000000    0.0000000   2.636719e+00   44   44            7            7            0            0            0                84.683      1            40.656
    2916   3.121875e+04    1.0000000    0.0000000   2.636719e+00   44   50       218271       218271            0            0            0              1345.035      0           913.674
    2917   3.122139e+04    1.0000000    0.0000000   2.636719e+00   44   44           12           12            0            0            0                84.860      1            41.490
    2918   3.122402e+04    1.0000000    0.0000000   2.636719e+00   44   45       107191       107191            0            0            0               981.660      0           712.485
    2919   3.122666e+04    1.0000000    0.0000000   2.636719e+00   44   44           16           16            0            0            0                86.856      1            38.686
    2920   3.122930e+04    1.0000000    0.0000000   2.636719e+00   44   46       212406       212406            0            0            0              1413.869      0          1003.946
    2921   3.123193e+04    1.0000000    0.0000000   2.636719e+00   44   44           14           14            0            0            0                87.750      1            39.046
    2922   3.123457e+04    1.0000000    0.0000000   2.636719e+00   44   45       107277       107277            0            0            0               991.088      0           717.598
    2923   3.123721e+04    1.0000000    0.0000000   2.636719e+00   44   44           23           23            0            0            0                86.431      1            38.675
    2924   3.123984e+04    1.0000000    0.0000000   2.636719e+00   44   47       218271       218271            0            0            0              1343.386      0           908.262
    2925   3.124248e+04    1.0000000    0.0000000   2.636719e+00   44   44           16           16            0            0            0                87.587      1            43.027
    2926   3.124512e+04    1.0000000    0.0000000   2.636719e+00   44   45       107116       107116            0            0            0               990.203      0           717.638
    2927   3.124775e+04    1.0000000    0.0000000   2.636719e+00   44   44           25           25            0            0            0                87.900      1            40.004
    2928   3.125039e+04    1.0000000    0.0000000   2.636719e+00   44   46       212408       212408            0            0            0              1310.812      0           894.954
    2929   3.125303e+04    1.0000000    0.0000000   2.636719e+00   44   44           19           19            0            0            0                87.506      1            42.703
    2930   3.125566e+04    1.0000000    0.0000000   2.636719e+00   44   45       107194       107194            0            0            0               993.818      0           725.896
    2931   3.125830e+04    1.0000000    0.0000000   2.636719e+00   44   44           25           25            0            0            0               142.141     17            40.347
    2932   3.126094e+04    1.0000000    0.0000000   2.636719e+00   44   48       218271       218271            0            0            0              1327.558      0           902.511
    2933   3.126357e+04    1.0000000    0.0000000   2.636719e+00   44   44           17           17            0            0            0                88.344      1            42.739
    2934   3.126621e+04    1.0000000    0.0000000   2.636719e+00   44   45       107036       107036            0            0            0               987.623      0           718.492
    2935   3.126885e+04    1.0000000    0.0000000   2.636719e+00   44   44           23           23            0            0            0                88.006      1            43.682
    2936   3.127148e+04    1.0000000    0.0000000   2.636719e+00   44   46       212390       212390            0            0            0              1369.502      0           954.724
    2937   3.127412e+04    1.0000000    0.0000000   2.636719e+00   44   44           18           18            0            0            0                88.556      1            44.275
    2938   3.127676e+04    1.0000000    0.0000000   2.636719e+00   44   45       107077       107077            0            0            0               992.246      0           722.011
    2939   3.127939e+04    1.0000000    0.0000000   2.636719e+00   44   44           23           23            0            0            0                87.717      1            43.715
    2940   3.128203e+04    1.0000000    0.0000000   2.636719e+00   44   47       218271       218271            0            0            0              1402.413      0           977.142
    2941   3.128467e+04    1.0000000    0.0000000   2.636719e+00   44   44           14           14            0            0            0                87.913      1            43.407
    2942   3.128730e+04    1.0000000    0.0000000   2.636719e+00   44   45       106936       106936            0            0            0               989.182      0           720.910
    2943   3.128994e+04    1.0000000    0.0000000   2.636719e+00   44   44           23           23            0            0            0                87.057      1            43.142
    2944   3.129258e+04    1.0000000    0.0000000   2.636719e+00   44   46       212380       212380            0            0            0              1326.679      0           907.809
    2945   3.129521e+04    1.0000000    0.0000000   2.636719e+00   44   44           14           14            0            0            0                86.970      1            43.146
    2946   3.129785e+04    1.0000000    0.0000000   2.636719e+00   44   45       107006       107006            0            0            0               985.545      0           713.491
    2947   3.130049e+04    1.0000000    0.0000000   2.636719e+00   44   44           21           21            0            0            0                89.882      1            44.308
    2948   3.130312e+04    1.0000000    0.0000000   2.636719e+00   44   49       218271       218271            0            0            0              1405.865      0           985.015
    2949   3.130576e+04    1.0000000    0.0000000   2.636719e+00   44   44           11           11            0            0            0                88.249      1            44.250
    2950   3.130840e+04    1.0000000    0.0000000   2.636719e+00   44   45       106844       106844            0            0            0               997.503      0           729.182
    2951   3.131104e+04    1.0000000    0.0000000   2.636719e+00   44   44           15           15            0            0            0                88.086      1            42.946
    2952   3.131367e+04    1.0000000    0.0000000   2.636719e+00   44   46       212365       212365            0            0            0              1313.733      0           897.932
    2953   3.131631e+04    1.0000000    0.0000000   2.636719e+00   44   44            7            7            0            0            0                88.601      1            43.740
    2954   3.131895e+04    1.0000000    0.0000000   2.636719e+00   44   45       106867       106867            0            0            0              1048.492     24           724.305
    2955   3.132158e+04    1.0000000    0.0000000   2.636719e+00   44   44           13           13            0            0            0                87.512      1            43.446
    2956   3.132422e+04    1.0000000    0.0000000   2.636719e+00   44   47       218271       218271            0            0            0              1352.547      0           923.025
    2957   3.132686e+04    1.0000000    0.0000000   2.636719e+00   44   44            7            7            0            0            0                88.532      1            44.412
    2958   3.132949e+04    1.0000000    0.0000000   2.636719e+00   44   45       106723       106723            0            0            0               994.964      0           727.005
    2959   3.133213e+04    1.0000000    0.0000000   2.636719e+00   44   44            9            9            0            0            0                87.987      1            43.413
    2960   3.133477e+04    1.0000000    0.0000000   2.636719e+00   44   46       212359       212359            0            0            0              1350.473      0           929.935
    2961   3.133740e+04    1.0000000    0.0000000   2.636719e+00   44   44            3            3            0            0            0                87.803      1            43.792
    2962   3.134004e+04    1.0000000    0.0000000   2.636719e+00   44   45       106771       106771            0            0            0               997.587      0           730.353
    2963   3.134268e+04    1.0000000    0.0000000   2.636719e+00   44   44            4            4            0            0            0                87.570      1            42.503
    2964   3.134531e+04    1.0000000    0.0000000   2.636719e+00   44   48       218271       218271            0            0            0              1352.503      0           923.947
    2965   3.134795e+04    1.0000000    0.0000000   2.636719e+00   44   44            1            1            0            0            0                87.679      1            43.115
    2966   3.135059e+04    1.0000000    0.0000000   2.636719e+00   44   45       106632       106632            0            0            0               984.768      0           717.560
    2967   3.135322e+04    1.0000000    0.0000000   2.636719e+00   44   44            3            3            0            0            0                87.855      1            42.790
    2968   3.135586e+04    1.0000000    0.0000000   2.636719e+00   44   46       212379       212379            0            0            0              1381.904      0           965.681
    2969   3.135850e+04    1.0000000    0.0000000   2.636719e+00   44   44            1            1            0            0            0                87.335      1            43.309
    2970   3.136113e+04    1.0000000    0.0000000   2.636719e+00   44   45       106647       106647            0            0            0               987.916      0           720.696
    2971   3.136641e+04    1.0000000    0.0000000   5.273438e+00   45   47       218271       218271            0            0            0              1396.435      1           928.168
    2972   3.137168e+04    1.0000000    0.0000000   5.273438e+00   45   45       106491       106491            0            0            0              1030.786      1           724.895
    2973   3.137695e+04    1.0000000    0.0000000   5.273438e+00   45   46       212372       212372            0            0            0              1474.188     17           966.663
    2974   3.138223e+04    1.0000000    0.0000000   5.273438e+00   45   45       106598       106598            0            0            0              1021.969      1           714.554
    2975   3.138750e+04    1.0000000    0.0000000   5.273438e+00   45   51       218271       218271            0            0            0              1376.580      1           909.726
    2976   3.139277e+04    1.0000000    0.0000000   5.273438e+00   45   45       106348       106348            0            0            0              1027.188      1           721.644
    2977   3.139805e+04    1.0000000    0.0000000   5.273438e+00   45   46       212373       212373            0            0            0              1340.855      1           884.323
    2978   3.140332e+04    1.0000000    0.0000000   5.273438e+00   45   45       106454       106454            0            0            0              1022.028      1           715.939
    2979   3.140859e+04    1.0000000    0.0000000   5.273438e+00   45   47       218271       218271            0            0            0              1347.563      1           884.788
    2980   3.141387e+04    1.0000000    0.0000000   5.273438e+00   45   45       106226       106226            0            0            0              1016.379      1           710.088
    2981   3.141914e+04    1.0000000    0.0000000   5.273438e+00   45   46       212377       212377            0            0            0              1361.736      1           906.248
    2982   3.142441e+04    1.0000000    0.0000000   5.273438e+00   45   45       106303       106303            0            0            0              1027.336      1           722.556
    2983   3.142969e+04    1.0000000    0.0000000   5.273438e+00   45   48       218271       218271            0            0            0              1368.010      1           901.390
    2984   3.143496e+04    1.0000000    0.0000000   5.273438e+00   45   45       106108       106108            0            0            0              1078.340     25           721.331
    2985   3.144023e+04    1.0000000    0.0000000   5.273438e+00   45   46       212375       212375            0            0            0              1349.625      1           893.605
    2986   3.144551e+04    1.0000000    0.0000000   5.273438e+00   45   45       106126       106126            0            0            0              1022.158      1           717.936
    2987   3.145078e+04    1.0000000    0.0000000   5.273438e+00   45   47       218271       218271            0            0            0              1366.544      1           900.096
    2988   3.145605e+04    1.0000000    0.0000000   5.273438e+00   45   45       106019       106019            0            0            0              1024.849      1           720.527
    2989   3.146133e+04    1.0000000    0.0000000   5.273438e+00   45   46       212381       212381            0            0            0              1431.638      1           978.798
    2990   3.146660e+04    1.0000000    0.0000000   5.273438e+00   45   45       105983       105983            0            0            0              1025.236      1           720.735
    2991   3.147188e+04    1.0000000    0.0000000   5.273438e+00   45   49       218271       218271            0            0            0              1357.593      1           891.912
    2992   3.147715e+04    1.0000000    0.0000000   5.273438e+00   45   45       105923       105923            0            0            0              1027.734      1           723.428
    2993   3.148242e+04    1.0000000    0.0000000   5.273438e+00   45   46       212363       212363            0            0            0              1394.294      1           939.014
    2994   3.148770e+04    1.0000000    0.0000000   5.273438e+00   45   45       105904       105904            0            0            0              1014.420      1           708.706
    2995   3.149297e+04    1.0000000    0.0000000   5.273438e+00   45   47       218271       218271            0            0            0              1453.189      1           987.737
    2996   3.149824e+04    1.0000000    0.0000000   5.273438e+00   45   45       105903       105903            0            0            0              1073.521     17           710.365
    2997   3.150352e+04    1.0000000    0.0000000   5.273438e+00   45   46       212357       212357            0            0            0              1365.026      1           904.169
    2998   3.150879e+04    1.0000000    0.0000000   5.273438e+00   45   45       105912       105912            0            0            0              1019.965      1           713.735
    2999   3.151406e+04    1.0000000    0.0000000   5.273438e+00   45   48       218271       218271            0            0            0              1394.424      1           924.020
    3000   3.151934e+04    1.0000000    0.0000000   5.273438e+00   45   45       105969       105969            0            0            0              1028.092      1           723.991
    3001   3.152461e+04    1.0000000    0.0000000   5.273438e+00   45   46       212395       212395            0            0            0              1449.999      1           995.922
    3002   3.152988e+04    1.0000000    0.0000000   5.273438e+00   45   45       106018       106018            0            0            0              1024.258      1           717.944
    3003   3.153516e+04    1.0000000    0.0000000   5.273438e+00   45   47       218271       218271            0            0            0              1473.305      1          1007.785
    3004   3.154043e+04    1.0000000    0.0000000   5.273438e+00   45   45       106081       106081            0            0            0              1046.949      1           740.550
    3005   3.154570e+04    1.0000000    0.0000000   5.273438e+00   45   46       212421       212421            0            0            0              1440.370      1           988.396
    3006   3.155098e+04    1.0000000    0.0000000   5.273438e+00   45   45       106158       106158            0            0            0              1026.147      1           721.536
    3007   3.155625e+04    1.0000000    0.0000000   5.273438e+00   45   50       218271       218271            0            0            0              1436.445      1           976.185
    3008   3.155889e+04    1.0000000    0.0000000   2.636719e+00   44   44            2            2            0            0            0               141.798     25            43.509
    3009   3.156152e+04    1.0000000    0.0000000   2.636719e+00   44   45       106263       106263            0            0            0               982.083      0           714.981
    3010   3.156416e+04    1.0000000    0.0000000   2.636719e+00   44   44            2            2            0            0            0                88.280      1            43.893
    3011   3.156680e+04    1.0000000    0.0000000   2.636719e+00   44   46       212431       212431            0            0            0              1365.542      0           945.867
    3012   3.156943e+04    1.0000000    0.0000000   2.636719e+00   44   44            4            4            0            0            0                88.750      1            44.653
    3013   3.157207e+04    1.0000000    0.0000000   2.636719e+00   44   45       106333       106333            0            0            0               990.918      0           724.223
    3014   3.157471e+04    1.0000000    0.0000000   2.636719e+00   44   44            5            5            0            0            0                88.402      1            43.081
    3015   3.157734e+04    1.0000000    0.0000000   2.636719e+00   44   47       218271       218271            0            0            0              1370.730      0           944.311
    3016   3.157998e+04    1.0000000    0.0000000   2.636719e+00   44   44            3            3            0            0            0                88.596      1            43.990
    3017   3.158262e+04    1.0000000    0.0000000   2.636719e+00   44   45       106237       106237            0            0            0               990.222      0           724.461
    3018   3.158525e+04    1.0000000    0.0000000   2.636719e+00   44   44            3            3            0            0            0                88.871      1            43.899
    3019   3.158789e+04    1.0000000    0.0000000   2.636719e+00   44   46       212437       212437            0            0            0              1327.630      0           908.808
    3020   3.159053e+04    1.0000000    0.0000000   2.636719e+00   44   44            4            4            0            0            0                88.899      1            44.018
    3021   3.159316e+04    1.0000000    0.0000000   2.636719e+00   44   45       106190       106190            0            0            0               998.970      0           731.887
    3022   3.159580e+04    1.0000000    0.0000000   2.636719e+00   44   44            4            4            0            0            0                86.814      1            42.771
    3023   3.159844e+04    1.0000000    0.0000000   2.636719e+00   44   48       218271       218271            0            0            0              1417.309      0           988.865
    3024   3.160107e+04    1.0000000    0.0000000   2.636719e+00   44   44            4            4            0            0            0                86.383      1            42.604
    3025   3.160371e+04    1.0000000    0.0000000   2.636719e+00   44   45       106139       106139            0            0            0               994.931      0           727.370
    3026   3.160635e+04    1.0000000    0.0000000   2.636719e+00   44   44            4            4            0            0            0                87.149      1            42.986
    3027   3.160898e+04    1.0000000    0.0000000   2.636719e+00   44   46       212447       212447            0            0            0              1351.592      0           934.672
    3028   3.161162e+04    1.0000000    0.0000000   2.636719e+00   44   44            6            6            0            0            0                87.686      1            43.167
    3029   3.161426e+04    1.0000000    0.0000000   2.636719e+00   44   45       106106       106106            0            0            0               991.473      0           725.815
    3030   3.161689e+04    1.0000000    0.0000000   2.636719e+00   44   44            8            8            0            0            0                88.311      1            43.623
    3031   3.161953e+04    1.0000000    0.0000000   2.636719e+00   44   47       218271       218271            0            0            0              1386.352     16           906.853
    3032   3.162217e+04    1.0000000    0.0000000   2.636719e+00   44   44           10           10            0            0            0                88.965      1            43.493
    3033   3.162480e+04    1.0000000    0.0000000   2.636719e+00   44   45       106050       106050            0            0            0               988.602      0           722.459
    3034   3.162744e+04    1.0000000    0.0000000   2.636719e+00   44   44           11           11            0            0            0                89.417      1            44.785
    3035   3.163008e+04    1.0000000    0.0000000   2.636719e+00   44   46       212439       212439            0            0            0              1340.157      0           921.719
    3036   3.163271e+04    1.0000000    0.0000000   2.636719e+00   44   44           13           13            0            0            0                87.312      1            42.909
    3037   3.163535e+04    1.0000000    0.0000000   2.636719e+00   44   45       106034       106034            0            0            0               983.030      0           717.227
    3038   3.163799e+04    1.0000000    0.0000000   2.636719e+00   44   44           15           15            0            0            0                88.301      1            43.907
    3039   3.164062e+04    1.0000000    0.0000000   2.636719e+00   44   49       218271       218271            0            0            0              1407.969      0           983.285
    3040   3.164326e+04    1.0000000    0.0000000   2.636719e+00   44   44           12           12            0            0            0                88.154      1            43.688
    3041   3.164590e+04    1.0000000    0.0000000   2.636719e+00   44   45       106017       106017            0            0            0               996.691      0           728.736
    3042   3.164854e+04    1.0000000    0.0000000   2.636719e+00   44   44           15           15            0            0            0                89.059      1            43.936
    3043   3.165117e+04    1.0000000    0.0000000   2.636719e+00   44   46       212450       212450            0            0            0              1316.633      0           899.211
    3044   3.165381e+04    1.0000000    0.0000000   2.636719e+00   44   44           11           11            0            0            0                87.958      1            43.644
    3045   3.165645e+04    1.0000000    0.0000000   2.636719e+00   44   45       106028       106028            0            0            0               993.187      0           728.752
    3046   3.165908e+04    1.0000000    0.0000000   2.636719e+00   44   44           16           16            0            0            0                88.350      1            43.876
    3047   3.166172e+04    1.0000000    0.0000000   2.636719e+00   44   47       218271       218271            0            0            0              1340.882      0           915.732
    3048   3.166436e+04    1.0000000    0.0000000   2.636719e+00   44   44           12           12            0            0            0                89.142      1            44.120
    3049   3.166699e+04    1.0000000    0.0000000   2.636719e+00   44   45       106039       106039            0            0            0               991.354      0           725.527
    3050   3.166963e+04    1.0000000    0.0000000   2.636719e+00   44   44           19           19            0            0            0                89.164      1            40.632
    3051   3.167227e+04    1.0000000    0.0000000   2.636719e+00   44   46       212466       212466            0            0            0              1385.682      0           971.891
    3052   3.167490e+04    1.0000000    0.0000000   2.636719e+00   44   44           10           10            0            0            0                88.943      1            40.197
    3053   3.167754e+04    1.0000000    0.0000000   2.636719e+00   44   45       106086       106086            0            0            0              1043.816     24           725.271
    3054   3.168018e+04    1.0000000    0.0000000   2.636719e+00   44   44           17           17            0            0            0                88.702      1            40.900
    3055   3.168281e+04    1.0000000    0.0000000   2.636719e+00   44   48       218271       218271            0            0            0              1316.234      0           897.116
    3056   3.168545e+04    1.0000000    0.0000000   2.636719e+00   44   44           10           10            0            0            0                87.423      1            42.827
    3057   3.168809e+04    1.0000000    0.0000000   2.636719e+00   44   45       106159       106159            0            0            0               985.821      0           722.270
    3058   3.169072e+04    1.0000000    0.0000000   2.636719e+00   44   44           20           20            0            0            0                88.489      1            40.474
    3059   3.169336e+04    1.0000000    0.0000000   2.636719e+00   44   46       212492       212492            0            0            0              1315.732      0           907.205
    3060   3.169600e+04    1.0000000    0.0000000   2.636719e+00   44   44           12           12            0            0            0                88.688      1            44.211
    3061   3.169863e+04    1.0000000    0.0000000   2.636719e+00   44   45       106232       106232            0            0            0               986.400      0           721.800
    3062   3.170127e+04    1.0000000    0.0000000   2.636719e+00   44   44           19           19            0            0            0                89.085      1            40.547
    3063   3.170391e+04    1.0000000    0.0000000   2.636719e+00   44   47       218271       218271            0            0            0              1370.990      0           952.829
    3064   3.170654e+04    1.0000000    0.0000000   2.636719e+00   44   44           10           10            0            0            0                87.979      1            43.632
    3065   3.170918e+04    1.0000000    0.0000000   2.636719e+00   44   45       106307       106307            0            0            0               992.280      0           726.066
    3066   3.171182e+04    1.0000000    0.0000000   2.636719e+00   44   44           17           17            0            0            0                89.234      1            41.188
    3067   3.171445e+04    1.0000000    0.0000000   2.636719e+00   44   46       212498       212498            0            0            0              1336.767      0           926.821
    3068   3.171709e+04    1.0000000    0.0000000   2.636719e+00   44   44           11           11            0            0            0                88.492      1            40.879
    3069   3.171973e+04    1.0000000    0.0000000   2.636719e+00   44   45       106387       106387            0            0            0               987.629      0           725.254
    3070   3.172236e+04    1.0000000    0.0000000   2.636719e+00   44   44           11           11            0            0            0                86.733      1            42.496
    3071   3.172500e+04    1.0000000    0.0000000   2.636719e+00   44   52       218271       218271            0            0            0              1346.410      0           923.532
    3072   3.172764e+04    1.0000000    0.0000000   2.636719e+00   44   44           10           10            0            0            0                87.993      1            43.956
    3073   3.173027e+04    1.0000000    0.0000000   2.636719e+00   44   45       106542       106542            0            0            0               986.272      0           720.549
    3074   3.173291e+04    1.0000000    0.0000000   2.636719e+00   44   44            9            9            0            0            0                89.013      1            44.228
    3075   3.173555e+04    1.0000000    0.0000000   2.636719e+00   44   46       212524       212524            0            0            0              1339.881      0           916.660
    3076   3.173818e+04    1.0000000    0.0000000   2.636719e+00   44   44            6            6            0            0            0               140.410     17            42.834
    3077   3.174082e+04    1.0000000    0.0000000   2.636719e+00   44   45       106677       106677            0            0            0               989.679      0           722.781
    3078   3.174346e+04    1.0000000    0.0000000   2.636719e+00   44   44            7            7            0            0            0                87.412      1            43.397
    3079   3.174609e+04    1.0000000    0.0000000   2.636719e+00   44   47       218271       218271            0            0            0              1398.105      0           977.102
    3080   3.174873e+04    1.0000000    0.0000000   2.636719e+00   44   44            3            3            0            0            0                85.042      1            41.030
    3081   3.175137e+04    1.0000000    0.0000000   2.636719e+00   44   45       106740       106740            0            0            0               985.886      0           719.674
    3082   3.175400e+04    1.0000000    0.0000000   2.636719e+00   44   44            2            2            0            0            0                85.947      1            41.556
    3083   3.175664e+04    1.0000000    0.0000000   2.636719e+00   44   46       212514       212514            0            0            0              1323.693      0           913.127
    3084   3.175928e+04    1.0000000    0.0000000   2.636719e+00   44   44            1            1            0            0            0                85.133      1            41.564
    3085   3.176191e+04    1.0000000    0.0000000   2.636719e+00   44   45       106778       106778            0            0            0               983.349      0           719.506
    3086   3.176455e+04    1.0000000    0.0000000   2.636719e+00   44   44            2            2            0            0            0                86.333      1            42.131
    3087   3.176719e+04    1.0000000    0.0000000   2.636719e+00   44   48       218271       218271            0            0            0              1410.471      0           992.144
    3088   3.176982e+04    1.0000000    0.0000000   2.636719e+00   44   44            1            1            0            0            0                85.386      1            41.783
    3089   3.177246e+04    1.0000000    0.0000000   2.636719e+00   44   45       106856       106856            0            0            0               983.114      0           718.359
    3090   3.177773e+04    1.0000000    0.0000000   5.273438e+00   45   46       212526       212526            0            0            0              1392.890      1           944.387
    3091   3.178037e+04    1.0000000    0.0000000   2.636719e+00   44   44            1            1            0            0            0                82.702      1            39.323
    3092   3.178301e+04    1.0000000    0.0000000   2.636719e+00   44   45       106927       106927            0            0            0               986.594      0           721.892
    3093   3.178564e+04    1.0000000    0.0000000   2.636719e+00   44   44            1            1            0            0            0                82.723      1            38.676
    3094   3.178828e+04    1.0000000    0.0000000   2.636719e+00   44   47       218271       218271            0            0            0              1322.967      0           904.214
    3095   3.179355e+04    1.0000000    0.0000000   5.273438e+00   45   45       106773       106773            0            0            0              1033.204      1           728.387
    3096   3.179619e+04    1.0000000    0.0000000   2.636719e+00   44   44            1            1            0            0            0                83.084      1            39.388
    3097   3.179883e+04    1.0000000    0.0000000   2.636719e+00   44   46       212505       212505            0            0            0              1390.850     24           925.742
    3098   3.180146e+04    1.0000000    0.0000000   2.636719e+00   44   44           10           10            0            0            0                87.102      1            39.246
    3099   3.180410e+04    1.0000000    0.0000000   2.636719e+00   44   45       106949       106949            0            0            0               986.160      0           724.702
    3100   3.180674e+04    1.0000000    0.0000000   2.636719e+00   44   44           13           13            0            0            0                87.392      1            38.584
    3101   3.180938e+04    1.0000000    0.0000000   2.636719e+00   44   49       218271       218271            0            0            0              1323.380      0           910.049
    3102   3.181201e+04    1.0000000    0.0000000   2.636719e+00   44   44            6            6            0            0            0                87.169      1            38.570
    3103   3.181465e+04    1.0000000    0.0000000   2.636719e+00   44   45       106694       106694            0            0            0              1000.621      0           738.570
    3104   3.181729e+04    1.0000000    0.0000000   2.636719e+00   44   44            9            9            0            0            0                86.809      1            39.011
    3105   3.181992e+04    1.0000000    0.0000000   2.636719e+00   44   46       212490       212490            0            0            0              1320.352      0           909.905
    3106   3.182256e+04    1.0000000    0.0000000   2.636719e+00   44   44            4            4            0            0            0                80.454      1            36.357
    3107   3.182520e+04    1.0000000    0.0000000   2.636719e+00   44   45       106666       106666            0            0            0               993.156      0           727.803
    3108   3.182783e+04    1.0000000    0.0000000   2.636719e+00   44   44            7            7            0            0            0                87.138      1            38.542
    3109   3.183047e+04    1.0000000    0.0000000   2.636719e+00   44   47       218271       218271            0            0            0              1330.073      0           913.260
    3110   3.183311e+04    1.0000000    0.0000000   2.636719e+00   44   44            4            4            0            0            0                80.894      1            36.901
    3111   3.183574e+04    1.0000000    0.0000000   2.636719e+00   44   45       106582       106582            0            0            0               983.334      0           719.231
    3112   3.183838e+04    1.0000000    0.0000000   2.636719e+00   44   44            9            9            0            0            0                88.173      1            39.792
    3113   3.184102e+04    1.0000000    0.0000000   2.636719e+00   44   46       212459       212459            0            0            0              1334.715      0           929.828
    3114   3.184365e+04    1.0000000    0.0000000   2.636719e+00   44   44           11           11            0            0            0                86.715      1            38.789
    3115   3.184629e+04    1.0000000    0.0000000   2.636719e+00   44   45       106639       106639            0            0            0               990.596      0           728.784
    3116   3.184893e+04    1.0000000    0.0000000   2.636719e+00   44   44           15           15            0            0            0                86.856      1            38.932
    3117   3.185156e+04    1.0000000    0.0000000   2.636719e+00   44   48       218271       218271            0            0            0              1388.014      0           972.812
    3118   3.185420e+04    1.0000000    0.0000000   2.636719e+00   44   44            7            7            0            0            0                81.040      1            37.654
    3119   3.185684e+04    1.0000000    0.0000000   2.636719e+00   44   45       106459       106459            0            0            0               984.713      0           722.057
    3120   3.185947e+04    1.0000000    0.0000000   2.636719e+00   44   44           13           13            0            0            0               136.426     17            38.965
    3121   3.186211e+04    1.0000000    0.0000000   2.636719e+00   44   46       212450       212450            0            0            0              1404.887      0           997.622
    3122   3.186475e+04    1.0000000    0.0000000   2.636719e+00   44   44           10           10            0            0            0                84.637      1            37.001
    3123   3.186738e+04    1.0000000    0.0000000   2.636719e+00   44   45       106576       106576            0            0            0               985.941      0           724.651
    3124   3.187002e+04    1.0000000    0.0000000   2.636719e+00   44   44           17           17            0            0            0                85.975      1            37.047
    3125   3.187266e+04    1.0000000    0.0000000   2.636719e+00   44   47       218271       218271            0            0            0              1329.406      0           916.651
    3126   3.187529e+04    1.0000000    0.0000000   2.636719e+00   44   44           10           10            0            0            0                81.774      1            38.417
    3127   3.187793e+04    1.0000000    0.0000000   2.636719e+00   44   45       106327       106327            0            0            0               997.653      0           734.899
    3128   3.188057e+04    1.0000000    0.0000000   2.636719e+00   44   44           17           17            0            0            0                83.888      1            36.899
    3129   3.188320e+04    1.0000000    0.0000000   2.636719e+00   44   46       212443       212443            0            0            0              1405.329      0          1004.748
    3130   3.188584e+04    1.0000000    0.0000000   2.636719e+00   44   44           13           13            0            0            0                84.990      1            37.336
    3131   3.188848e+04    1.0000000    0.0000000   2.636719e+00   44   45       106382       106382            0            0            0               999.329      0           737.370
    3132   3.189111e+04    1.0000000    0.0000000   2.636719e+00   44   44           19           19            0            0            0                84.655      1            37.168
    3133   3.189375e+04    1.0000000    0.0000000   2.636719e+00   44   50       218271       218271            0            0            0              1394.100      0           981.183
    3134   3.189639e+04    1.0000000    0.0000000   2.636719e+00   44   44           10           10            0            0            0                81.494      1            37.936
    3135   3.189902e+04    1.0000000    0.0000000   2.636719e+00   44   45       106084       106084            0            0            0               983.135      0           722.367
    3136   3.190166e+04    1.0000000    0.0000000   2.636719e+00   44   44           17           17            0            0            0                82.046      1            38.073
    3137   3.190430e+04    1.0000000    0.0000000   2.636719e+00   44   46       212413       212413            0            0            0              1329.890      0           922.012
    3138   3.190693e+04    1.0000000    0.0000000   2.636719e+00   44   44            9            9            0            0            0                82.792      1            37.855
    3139   3.190957e+04    1.0000000    0.0000000   2.636719e+00   44   45       106049       106049            0            0            0               992.468      0           731.009
    3140   3.191221e+04    1.0000000    0.0000000   2.636719e+00   44   44           16           16            0            0            0                82.600      1            38.328
    3141   3.191484e+04    1.0000000    0.0000000   2.636719e+00   44   47       218271       218271            0            0            0              1327.948      0           911.616
    3142   3.191748e+04    1.0000000    0.0000000   2.636719e+00   44   44           10           10            0            0            0               136.103     25            37.652
    3143   3.192012e+04    1.0000000    0.0000000   2.636719e+00   44   45       105840       105840            0            0            0               988.261      0           724.331
    3144   3.192275e+04    1.0000000    0.0000000   2.636719e+00   44   44           17           17            0            0            0                85.043      1            36.730
    3145   3.192539e+04    1.0000000    0.0000000   2.636719e+00   44   46       212421       212421            0            0            0              1377.827      0           975.473
    3146   3.192803e+04    1.0000000    0.0000000   2.636719e+00   44   44           15           15            0            0            0                85.538      1            36.846
    3147   3.193066e+04    1.0000000    0.0000000   2.636719e+00   44   45       105900       105900            0            0            0               988.132      0           728.778
    3148   3.193330e+04    1.0000000    0.0000000   2.636719e+00   44   44           18           18            0            0            0                84.567      1            37.229
    3149   3.193594e+04    1.0000000    0.0000000   2.636719e+00   44   48       218271       218271            0            0            0              1330.700      0           918.637
    3150   3.193857e+04    1.0000000    0.0000000   2.636719e+00   44   44           12           12            0            0            0                77.494      1            34.173
    3151   3.194121e+04    1.0000000    0.0000000   2.636719e+00   44   45       105643       105643            0            0            0               990.691      0           729.184
    3152   3.194385e+04    1.0000000    0.0000000   2.636719e+00   44   44           15           15            0            0            0                84.605      1            36.903
    3153   3.194648e+04    1.0000000    0.0000000   2.636719e+00   44   46       212392       212392            0            0            0              1320.640      0           917.206
    3154   3.194912e+04    1.0000000    0.0000000   2.636719e+00   44   44           11           11            0            0            0                77.078      1            33.717
    3155   3.195176e+04    1.0000000    0.0000000   2.636719e+00   44   45       105616       105616            0            0            0               983.932      0           722.750
    3156   3.195439e+04    1.0000000    0.0000000   2.636719e+00   44   44           14           14            0            0            0                81.772      1            34.604
    3157   3.195703e+04    1.0000000    0.0000000   2.636719e+00   44   47       218271       218271            0            0            0              1406.409      0           994.180
    3158   3.195967e+04    1.0000000    0.0000000   2.636719e+00   44   44           11           11            0            0            0                74.694      1            31.611
    3159   3.196230e+04    1.0000000    0.0000000   2.636719e+00   44   45       105433       105433            0            0            0               984.031      0           722.418
    3160   3.196494e+04    1.0000000    0.0000000   2.636719e+00   44   44           13           13            0            0            0                73.669      1            30.138
    3161   3.196758e+04    1.0000000    0.0000000   2.636719e+00   44   46       212375       212375            0            0            0              1369.575      0           962.822
    3162   3.197021e+04    1.0000000    0.0000000   2.636719e+00   44   44           10           10            0            0            0                73.635      1            30.554
    3163   3.197285e+04    1.0000000    0.0000000   2.636719e+00   44   45       105375       105375            0            0            0               987.158      0           723.721
    3164   3.197549e+04    1.0000000    0.0000000   2.636719e+00   44   44           13           13            0            0            0                74.897      1            31.596
    3165   3.197812e+04    1.0000000    0.0000000   2.636719e+00   44   49       218271       218271            0            0            0              1399.893     16           929.786
    3166   3.198076e+04    1.0000000    0.0000000   2.636719e+00   44   44            9            9            0            0            0                74.134      1            31.516
    3167   3.198340e+04    1.0000000    0.0000000   2.636719e+00   44   45       105214       105214            0            0            0               987.918      0           726.978
    3168   3.198604e+04    1.0000000    0.0000000   2.636719e+00   44   44           12           12            0            0            0                74.098      1            31.028
    3169   3.198867e+04    1.0000000    0.0000000   2.636719e+00   44   46       212363       212363            0            0            0              1348.729      0           942.910
    3170   3.199131e+04    1.0000000    0.0000000   2.636719e+00   44   44            5            5            0            0            0                73.984      1            31.276
    3171   3.199395e+04    1.0000000    0.0000000   2.636719e+00   44   45       105204       105204            0            0            0               986.728      0           728.035
    3172   3.199658e+04    1.0000000    0.0000000   2.636719e+00   44   44            9            9            0            0            0                75.966      1            31.685
    3173   3.199922e+04    1.0000000    0.0000000   2.636719e+00   44   47       218271       218271            0            0            0              1397.442      0           981.521
    3174   3.200186e+04    1.0000000    0.0000000   2.636719e+00   44   44            5            5            0            0            0                74.380      1            31.120
    3175   3.200449e+04    1.0000000    0.0000000   2.636719e+00   44   45       105100       105100            0            0            0               984.044      0           724.493
    3176   3.200713e+04    1.0000000    0.0000000   2.636719e+00   44   44            6            6            0            0            0                73.899      1            31.083
    3177   3.200977e+04    1.0000000    0.0000000   2.636719e+00   44   46       212355       212355            0            0            0              1376.880      0           968.103
    3178   3.201240e+04    1.0000000    0.0000000   2.636719e+00   44   44            2            2            0            0            0                74.050      1            30.679
    3179   3.201504e+04    1.0000000    0.0000000   2.636719e+00   44   45       105127       105127            0            0            0               984.422      0           721.955
    3180   3.201768e+04    1.0000000    0.0000000   2.636719e+00   44   44            3            3            0            0            0                75.346      1            31.940
    3181   3.202031e+04    1.0000000    0.0000000   2.636719e+00   44   48       218271       218271            0            0            0              1429.429      0          1014.127
    3182   3.202295e+04    1.0000000    0.0000000   2.636719e+00   44   44            1            1            0            0            0                73.381      1            30.360
    3183   3.202559e+04    1.0000000    0.0000000   2.636719e+00   44   45       105006       105006            0            0            0               978.026      0           717.067
    3184   3.202822e+04    1.0000000    0.0000000   2.636719e+00   44   44            1            1            0            0            0                73.870      1            30.068
    3185   3.203086e+04    1.0000000    0.0000000   2.636719e+00   44   46       212377       212377            0            0            0              1328.111      0           920.046
    3186   3.203613e+04    1.0000000    0.0000000   5.273438e+00   45   45       105044       105044            0            0            0              1076.483     25           719.178
    3187   3.204141e+04    1.0000000    0.0000000   5.273438e+00   45   47       218271       218271            0            0            0              1376.422      1           920.784
    3188   3.204668e+04    1.0000000    0.0000000   5.273438e+00   45   45       104922       104922            0            0            0              1028.018      1           728.594
    3189   3.205195e+04    1.0000000    0.0000000   5.273438e+00   45   46       212333       212333            0            0            0              1372.453      1           921.607
    3190   3.205723e+04    1.0000000    0.0000000   5.273438e+00   45   45       104980       104980            0            0            0              1018.325      1           718.071
    3191   3.206250e+04    1.0000000    0.0000000   5.273438e+00   45   51       218271       218271            0            0            0              1408.619      1           955.630
    3192   3.206777e+04    1.0000000    0.0000000   5.273438e+00   45   45       104818       104818            0            0            0              1014.277      1           716.952
    3193   3.207305e+04    1.0000000    0.0000000   5.273438e+00   45   46       212336       212336            0            0            0              1373.860      1           928.002
    3194   3.207832e+04    1.0000000    0.0000000   5.273438e+00   45   45       104882       104882            0            0            0              1023.280      1           723.506
    3195   3.208359e+04    1.0000000    0.0000000   5.273438e+00   45   47       218271       218271            0            0            0              1461.983      1          1013.860
    3196   3.208887e+04    1.0000000    0.0000000   5.273438e+00   45   45       104735       104735            0            0            0              1020.775      1           721.704
    3197   3.209414e+04    1.0000000    0.0000000   5.273438e+00   45   46       212354       212354            0            0            0              1404.570      1           963.900
    3198   3.209941e+04    1.0000000    0.0000000   5.273438e+00   45   45       104786       104786            0            0            0              1077.951     17           727.852
    3199   3.210469e+04    1.0000000    0.0000000   5.273438e+00   45   48       218271       218271            0            0            0              1385.657      1           932.323
    3200   3.210996e+04    1.0000000    0.0000000   5.273438e+00   45   45       104615       104615            0            0            0              1018.200      1           720.108
    3201   3.211523e+04    1.0000000    0.0000000   5.273438e+00   45   46       212330       212330            0            0            0              1353.619      1           915.323
    3202   3.212051e+04    1.0000000    0.0000000   5.273438e+00   45   45       104685       104685            0            0            0              1017.824      1           719.619
    3203   3.212578e+04    1.0000000    0.0000000   5.273438e+00   45   47       218271       218271            0            0            0              1364.034      1           912.648
    3204   3.213105e+04    1.0000000    0.0000000   5.273438e+00   45   45       104523       104523            0            0            0              1015.486      1           717.745
    3205   3.213633e+04    1.0000000    0.0000000   5.273438e+00   45   46       212299       212299            0            0            0              1361.712      1           921.749
    3206   3.214160e+04    1.0000000    0.0000000   5.273438e+00   45   45       104600       104600            0            0            0              1020.583      1           722.083
    3207   3.214688e+04    1.0000000    0.0000000   5.273438e+00   45   49       218271       218271            0            0            0              1378.838      1           929.247
    3208   3.215215e+04    1.0000000    0.0000000   5.273438e+00   45   45       104439       104439            0            0            0              1017.946      1           721.131
    3209   3.215742e+04    1.0000000    0.0000000   5.273438e+00   45   46       212274       212274            0            0            0              1459.912     25           964.482
    3210   3.216270e+04    1.0000000    0.0000000   5.273438e+00   45   45       104541       104541            0            0            0              1019.062      1           721.909
    3211   3.216797e+04    1.0000000    0.0000000   5.273438e+00   45   47       218271       218271            0            0            0              1364.087      1           913.835
    3212   3.217324e+04    1.0000000    0.0000000   5.273438e+00   45   45       104417       104417            0            0            0              1022.595      1           726.701
    3213   3.217852e+04    1.0000000    0.0000000   5.273438e+00   45   46       212276       212276            0            0            0              1401.640      1           964.220
    3214   3.218379e+04    1.0000000    0.0000000   5.273438e+00   45   45       104481       104481            0            0            0              1022.002      1           723.221
    3215   3.218906e+04    1.0000000    0.0000000   5.273438e+00   45   48       218271       218271            0            0            0              1380.251      1           926.038
    3216   3.219434e+04    1.0000000    0.0000000   5.273438e+00   45   45       104355       104355            0            0            0              1014.517      1           717.653
    3217   3.219961e+04    1.0000000    0.0000000   5.273438e+00   45   46       212243       212243            0            0            0              1399.772      1           960.003
    3218   3.220488e+04    1.0000000    0.0000000   5.273438e+00   45   45       104432       104432            0            0            0              1012.332      1           716.230
    3219   3.221016e+04    1.0000000    0.0000000   5.273438e+00   45   47       218271       218271            0            0            0              1454.563      1          1007.677
    3220   3.221543e+04    1.0000000    0.0000000   5.273438e+00   45   45       104332       104332            0            0            0              1077.412     17           727.227
    3221   3.222070e+04    1.0000000    0.0000000   5.273438e+00   45   46       212215       212215            0            0            0              1401.173      1           963.210
    3222   3.222598e+04    1.0000000    0.0000000   5.273438e+00   45   45       104411       104411            0            0            0              1031.247      1           733.502
    3223   3.223125e+04    1.0000000    0.0000000   5.273438e+00   45   50       218271       218271            0            0            0              1452.708      1          1007.550
    3224   3.223652e+04    1.0000000    0.0000000   5.273438e+00   45   45       104325       104325            0            0            0              1016.663      1           720.737
    3225   3.224180e+04    1.0000000    0.0000000   5.273438e+00   45   46       212194       212194            0            0            0              1383.313      1           946.025
    3226   3.224707e+04    1.0000000    0.0000000   5.273438e+00   45   45       104412       104412            0            0            0              1026.405      1           729.453
    3227   3.225234e+04    1.0000000    0.0000000   5.273438e+00   45   47       218271       218271            0            0            0              1376.911      1           924.093
    3228   3.225762e+04    1.0000000    0.0000000   5.273438e+00   45   45       104336       104336            0            0            0              1014.723      1           719.179
    3229   3.226289e+04    1.0000000    0.0000000   5.273438e+00   45   46       212186       212186            0            0            0              1367.766      1           930.139
    3230   3.226816e+04    1.0000000    0.0000000   5.273438e+00   45   45       104423       104423            0            0            0              1022.980      1           727.442
    3231   3.227344e+04    1.0000000    0.0000000   5.273438e+00   45   48       218271       218271            0            0            0              1377.470      1           930.612
    3232   3.227871e+04    1.0000000    0.0000000   5.273438e+00   45   45       104349       104349            0            0            0              1079.778     25           731.962
    3233   3.228398e+04    1.0000000    0.0000000   5.273438e+00   45   46       212154       212154            0            0            0              1405.457      1           966.575
    3234   3.228926e+04    1.0000000    0.0000000   5.273438e+00   45   45       104444       104444            0            0            0              1017.318      1           723.194
    3235   3.229453e+04    1.0000000    0.0000000   5.273438e+00   45   47       218271       218271            0            0            0              1458.519      1          1011.488
    3236   3.229980e+04    1.0000000    0.0000000   5.273438e+00   45   45       104356       104356            0            0            0              1017.587      1           722.520
    3237   3.230508e+04    1.0000000    0.0000000   5.273438e+00   45   46       212153       212153            0            0            0              1443.848      1          1008.951
    3238   3.231035e+04    1.0000000    0.0000000   5.273438e+00   45   45       104468       104468            0            0            0              1021.807      1           725.413
    3239   3.231562e+04    1.0000000    0.0000000   5.273438e+00   45   49       218271       218271            0            0            0              1387.991      1           938.137
    3240   3.232090e+04    1.0000000    0.0000000   5.273438e+00   45   45       104381       104381            0            0            0              1018.070      1           724.332
    3241   3.232617e+04    1.0000000    0.0000000   5.273438e+00   45   46       212135       212135            0            0            0              1379.942      1           941.755
    3242   3.233145e+04    1.0000000    0.0000000   5.273438e+00   45   45       104459       104459            0            0            0              1017.578      1           722.408
    3243   3.233672e+04    1.0000000    0.0000000   5.273438e+00   45   47       218271       218271            0            0            0              1457.897     17           954.800
    3244   3.234199e+04    1.0000000    0.0000000   5.273438e+00   45   45       104423       104423            0            0            0              1013.310      1           719.186
    3245   3.234727e+04    1.0000000    0.0000000   5.273438e+00   45   46       212126       212126            0            0            0              1437.419      1           999.733
    3246   3.235254e+04    1.0000000    0.0000000   5.273438e+00   45   45       104475       104475            0            0            0              1013.764      1           719.055
    3247   3.235781e+04    1.0000000    0.0000000   5.273438e+00   45   48       218271       218271            0            0            0              1404.307      1           957.215
    3248   3.236309e+04    1.0000000    0.0000000   5.273438e+00   45   45       104475       104475            0            0            0              1023.126      1           729.184
    3249   3.236836e+04    1.0000000    0.0000000   5.273438e+00   45   46       212164       212164            0            0            0              1376.875      1           936.923
    3250   3.237363e+04    1.0000000    0.0000000   5.273438e+00   45   45       104529       104529            0            0            0              1012.849      1           717.543
    3251   3.237891e+04    1.0000000    0.0000000   5.273438e+00   45   47       218271       218271            0            0            0              1377.423      1           928.294
    3252   3.238418e+04    1.0000000    0.0000000   5.273438e+00   45   45       104630       104630            0            0            0              1020.864      1           726.172
    3253   3.238945e+04    1.0000000    0.0000000   5.273438e+00   45   46       212175       212175            0            0            0              1394.134      1           954.599
    3254   3.239473e+04    1.0000000    0.0000000   5.273438e+00   45   45       104721       104721            0            0            0              1021.565      1           727.749
    3255   3.240000e+04    1.0000000    0.0000000   5.273438e+00   45   56       218271       218271            0            0            0              1394.055      1           944.081
